# Blender v2.92.0 OBJ File: 'Router.blend'
# www.blender.org
mtllib Router.mtl
o Cube_Cube.001
v -0.081709 0.017907 0.080210
v -0.081172 0.017836 0.080210
v -0.080671 0.017628 0.080210
v -0.080241 0.017299 0.080210
v -0.079911 0.016869 0.080210
v -0.079704 0.016368 0.080210
v -0.079633 0.015831 0.080210
v -0.079704 0.015294 0.080210
v -0.079911 0.014793 0.080210
v -0.080241 0.014364 0.080210
v -0.080671 0.014034 0.080210
v -0.081172 0.013826 0.080210
v -0.081709 0.013756 0.080210
v -0.082246 0.013826 0.080210
v -0.082747 0.014034 0.080210
v -0.083176 0.014364 0.080210
v -0.083506 0.014793 0.080210
v -0.083714 0.015294 0.080210
v -0.083784 0.015831 0.080210
v -0.083714 0.016368 0.080210
v -0.083506 0.016869 0.080210
v -0.083176 0.017299 0.080210
v -0.082747 0.017628 0.080210
v -0.082246 0.017836 0.080210
v 0.116063 0.002309 0.082617
v 0.115697 0.001318 -0.081812
v 0.053413 0.001858 0.083545
v 0.096095 0.001610 0.083545
v 0.095119 0.000971 -0.083008
v 0.045629 0.001238 -0.083008
v 0.089111 0.015732 -0.085071
v 0.126102 0.012647 -0.082687
v 0.126102 0.024850 0.083222
v 0.044592 0.030962 0.085071
v 0.044592 0.018421 -0.085071
v 0.089111 0.028273 0.085071
v 0.089369 0.020314 -0.083008
v 0.122770 0.017274 -0.081812
v 0.122770 0.029243 0.082617
v 0.044781 0.035304 0.083545
v 0.044781 0.023061 -0.083008
v 0.089369 0.032532 0.083545
v 0.116532 0.001322 0.063743
v 0.116532 0.000766 -0.061596
v 0.045804 -0.000507 -0.061596
v 0.053067 -0.000507 0.063743
v 0.095694 -0.000507 -0.061596
v 0.095694 -0.000507 0.063743
v 0.133494 0.015327 -0.061358
v 0.133494 0.024424 0.063497
v 0.126486 0.020538 -0.061596
v 0.126486 0.029463 0.063743
v 0.089376 0.025076 -0.061596
v 0.089376 0.034237 0.063743
v 0.044787 0.028242 -0.061596
v 0.044787 0.037502 0.063743
v 0.116532 0.001211 0.000537
v 0.045804 -0.000507 0.000537
v 0.095694 -0.000507 0.000537
v 0.133494 0.023513 0.000535
v 0.126486 0.028833 0.000537
v 0.089376 0.034589 0.000537
v 0.044787 0.038426 0.000537
v 0.126430 0.015690 -0.083008
v 0.089314 0.018773 -0.085401
v 0.044735 0.021464 -0.085401
v 0.126430 0.027880 0.083545
v 0.089314 0.031314 0.085401
v 0.044735 0.034005 0.085401
v 0.133853 0.027451 0.063743
v 0.133853 0.018403 -0.061596
v 0.133853 0.026552 0.000537
v 0.089194 0.016642 -0.085401
v 0.126310 0.025749 0.083545
v 0.089194 0.029183 0.085401
v 0.126310 0.013547 -0.083008
v 0.044635 0.019334 -0.085401
v 0.044635 0.031875 0.085401
v 0.133733 0.025320 0.063743
v 0.133733 0.016224 -0.061596
v 0.133733 0.024410 0.000537
v -0.116063 0.002309 0.082617
v -0.115697 0.001318 -0.081812
v -0.000000 0.001424 -0.083008
v 0.000000 0.002091 0.083545
v -0.045873 0.001899 0.083545
v -0.096095 0.001610 0.083545
v -0.095119 0.000971 -0.083008
v -0.045630 0.001238 -0.083008
v -0.089111 0.015732 -0.085071
v -0.126102 0.012647 -0.082687
v -0.126102 0.024850 0.083222
v -0.044592 0.030962 0.085071
v 0.000000 0.031855 0.085071
v 0.000000 0.019314 -0.085071
v -0.044592 0.018421 -0.085071
v -0.089111 0.028273 0.085071
v -0.089369 0.020314 -0.083008
v -0.122770 0.017274 -0.081812
v -0.122770 0.029243 0.082617
v -0.044781 0.035304 0.083545
v 0.000000 0.036206 0.083545
v 0.000000 0.023961 -0.083008
v -0.044781 0.023061 -0.083008
v -0.089369 0.032532 0.083545
v -0.116532 0.001322 0.063743
v -0.116532 0.000766 -0.061596
v 0.000000 -0.000507 -0.061596
v 0.000000 -0.000507 0.063743
v -0.045804 -0.000507 -0.061596
v -0.045804 -0.000507 0.063743
v -0.095694 -0.000507 -0.061596
v -0.095694 -0.000507 0.063743
v -0.133494 0.015327 -0.061358
v -0.133494 0.024424 0.063497
v -0.126486 0.020538 -0.061596
v -0.126486 0.029463 0.063743
v 0.000000 0.029201 -0.061596
v 0.000000 0.038468 0.063743
v -0.089376 0.025076 -0.061596
v -0.089376 0.034237 0.063743
v -0.044787 0.028242 -0.061596
v -0.044787 0.037502 0.063743
v -0.116532 0.001211 0.000537
v 0.000000 -0.000507 0.000537
v -0.045804 -0.000507 0.000537
v -0.095694 -0.000507 0.000537
v -0.133494 0.023513 0.000535
v -0.126486 0.028833 0.000537
v 0.000000 0.039480 0.000537
v -0.089376 0.034589 0.000537
v -0.044787 0.038426 0.000537
v -0.126430 0.015690 -0.083008
v -0.089314 0.018773 -0.085401
v -0.044735 0.021464 -0.085401
v -0.126430 0.027880 0.083545
v -0.089314 0.031314 0.085401
v -0.000000 0.022358 -0.085401
v -0.044735 0.034005 0.085401
v 0.000000 0.034898 0.085401
v -0.133853 0.027451 0.063743
v -0.133853 0.018403 -0.061596
v -0.133853 0.026552 0.000537
v -0.089194 0.016642 -0.085401
v -0.126310 0.025749 0.083545
v -0.089194 0.029183 0.085401
v -0.000000 0.032768 0.085401
v -0.126310 0.013547 -0.083008
v -0.044635 0.019334 -0.085401
v -0.000000 0.020227 -0.085401
v -0.044635 0.031875 0.085401
v -0.133733 0.025320 0.063743
v -0.133733 0.016224 -0.061596
v -0.133733 0.024410 0.000537
v 0.000000 0.025124 0.085261
v 0.125961 0.019571 0.083409
v 0.125085 0.014080 0.083540
v 0.121222 0.004815 -0.082982
v 0.117242 0.002080 -0.082361
v 0.116515 0.000716 -0.070591
v 0.116402 0.000781 -0.076587
v 0.116109 0.001013 -0.080147
v 0.122120 0.008104 0.083525
v 0.117746 0.003501 0.083043
v 0.104212 0.001559 0.083525
v 0.109971 0.001631 0.083386
v 0.113859 0.001918 0.083043
v -0.000000 0.015899 -0.085261
v 0.000000 0.012522 -0.085395
v 0.021779 0.001364 -0.083008
v 0.125500 0.009997 -0.082873
v 0.124189 0.007778 -0.083003
v 0.000000 -0.000467 0.072581
v 0.000000 -0.000182 0.078285
v 0.000000 0.000589 0.081669
v 0.000000 0.007423 0.085031
v -0.000000 0.004487 0.084618
v 0.000000 0.007897 -0.085363
v -0.000000 0.003192 -0.084391
v 0.021810 0.002031 0.083545
v 0.075901 0.001735 0.083545
v 0.113354 0.001084 -0.082361
v 0.109258 0.000927 -0.082803
v 0.103315 0.000910 -0.082982
v 0.072034 0.001107 -0.083008
v 0.096704 0.009213 0.085372
v 0.096436 0.003569 0.084618
v 0.053824 0.007402 0.085372
v 0.053484 0.004042 0.084618
v 0.091927 0.022364 0.085261
v 0.095067 0.016054 0.085395
v 0.046501 0.024682 0.085261
v 0.053824 0.010896 0.085379
v 0.044589 0.030896 0.084772
v 0.044587 0.030845 0.084411
v 0.044387 0.030782 0.083681
v 0.089079 0.028209 0.084772
v 0.089042 0.028161 0.084411
v 0.088611 0.028101 0.083681
v 0.053247 -0.000470 0.072581
v 0.053337 -0.000212 0.078285
v 0.053363 0.000491 0.081669
v 0.095700 -0.000474 0.072581
v 0.095744 -0.000242 0.078285
v 0.095863 0.000386 0.081669
v 0.045073 0.007154 -0.085363
v 0.045470 0.002839 -0.084391
v 0.093120 0.005982 -0.085363
v 0.094591 0.002327 -0.084391
v 0.044611 0.014939 -0.085261
v 0.044760 0.011558 -0.085395
v 0.090082 0.012598 -0.085261
v 0.091483 0.009721 -0.085395
v 0.100102 0.014802 -0.085034
v 0.110390 0.013890 -0.084773
v 0.119287 0.013129 -0.084065
v 0.133379 0.024265 0.072301
v 0.132570 0.024253 0.077983
v 0.130376 0.024432 0.081354
v 0.022300 0.031632 0.085071
v 0.126373 0.016101 -0.082982
v 0.125832 0.016479 -0.082803
v 0.124469 0.016893 -0.082361
v 0.022300 0.019091 -0.085071
v 0.066867 0.017301 -0.085071
v 0.119287 0.025527 0.084291
v 0.110390 0.026389 0.084840
v 0.100102 0.027337 0.085042
v 0.066867 0.029842 0.085071
v 0.089154 0.016009 -0.085359
v 0.089135 0.015837 -0.085261
v 0.044754 0.021863 -0.085363
v 0.044767 0.022209 -0.085102
v 0.044776 0.022583 -0.084391
v 0.089079 0.015668 -0.084772
v 0.089042 0.015620 -0.084411
v 0.088611 0.015561 -0.083678
v 0.000000 0.019135 -0.083678
v 0.000000 0.019197 -0.084411
v 0.000000 0.019248 -0.084772
v 0.044589 0.018355 -0.084772
v 0.044587 0.018304 -0.084411
v 0.044387 0.018242 -0.083678
v 0.088570 0.014669 -0.083678
v 0.089052 0.014502 -0.084411
v 0.089242 0.014172 -0.084772
v 0.044555 0.016782 -0.084772
v 0.044545 0.017163 -0.084411
v 0.044347 0.017347 -0.083678
v 0.100328 0.019357 -0.082982
v 0.110229 0.018436 -0.082803
v 0.118067 0.017700 -0.082361
v 0.126406 0.029224 0.072566
v 0.125849 0.029112 0.078165
v 0.124476 0.029137 0.081276
v 0.022409 0.035982 0.083545
v 0.000000 0.037691 0.072581
v 0.000000 0.037074 0.078285
v 0.000000 0.036589 0.081669
v 0.022409 0.023738 -0.083008
v 0.067093 0.021922 -0.083008
v 0.118067 0.029765 0.083043
v 0.110229 0.030587 0.083386
v 0.100328 0.031554 0.083525
v 0.067093 0.034160 0.083545
v 0.089376 0.033657 0.072581
v 0.089376 0.033197 0.078285
v 0.089373 0.032830 0.081669
v 0.044787 0.036749 0.072581
v 0.044787 0.036150 0.078285
v 0.044785 0.035678 0.081669
v 0.126255 0.025117 0.083504
v 0.126199 0.024949 0.083409
v 0.089154 0.028549 0.085359
v 0.089135 0.028378 0.085261
v -0.000000 0.022756 -0.085363
v 0.000000 0.023103 -0.085102
v -0.000000 0.023479 -0.084391
v 0.044754 0.034399 0.085372
v 0.044767 0.034713 0.085169
v 0.044776 0.034998 0.084618
v -0.000000 0.032134 0.085359
v -0.000000 0.031962 0.085262
v 0.000000 0.018696 -0.083504
v 0.000000 0.031237 0.083504
v 0.044563 0.030344 0.083504
v 0.044563 0.017803 -0.083504
v 0.088928 0.015126 -0.083504
v 0.125324 0.024294 0.081690
v 0.088928 0.027667 0.083504
v 0.125324 0.012091 -0.081165
v 0.125053 0.024710 0.081862
v 0.125783 0.024759 0.082577
v 0.125957 0.024795 0.082930
v 0.124999 0.011621 -0.081334
v 0.125687 0.011470 -0.082046
v 0.125763 0.011204 -0.082397
v 0.125957 0.012593 -0.082397
v 0.125783 0.012556 -0.082046
v 0.125053 0.012508 -0.081334
v 0.125866 0.022827 0.082930
v 0.125718 0.023501 0.082577
v 0.125003 0.023801 0.081862
v 0.088586 0.027187 0.083681
v 0.089174 0.026862 0.084411
v 0.089654 0.026101 0.084772
v 0.044658 0.028720 0.084772
v 0.044575 0.029525 0.084411
v 0.044351 0.029866 0.083681
v 0.000000 0.030759 0.083681
v 0.000000 0.030424 0.084411
v -0.000000 0.029631 0.084772
v 0.000000 0.031789 0.084772
v 0.000000 0.031738 0.084411
v 0.000000 0.031676 0.083681
v -0.000000 0.017690 -0.084772
v 0.000000 0.018061 -0.084411
v 0.000000 0.018241 -0.083678
v 0.116296 0.001854 0.081276
v 0.116459 0.001490 0.078165
v 0.116523 0.001343 0.072566
v 0.116532 0.001110 -0.017387
v 0.116532 0.000988 -0.034274
v 0.116532 0.000867 -0.049289
v 0.000000 0.000307 -0.080654
v 0.000000 -0.000266 -0.076742
v 0.000000 -0.000477 -0.070610
v 0.000000 -0.000507 0.018628
v 0.000000 -0.000507 0.035884
v 0.000000 -0.000507 0.051268
v 0.045731 0.000229 -0.080654
v 0.045783 -0.000289 -0.076742
v 0.045802 -0.000480 -0.070610
v 0.046816 -0.000507 0.018628
v 0.049132 -0.000507 0.035884
v 0.051785 -0.000507 0.051268
v 0.095451 0.000116 -0.080654
v 0.095622 -0.000322 -0.076742
v 0.095685 -0.000484 -0.070610
v 0.095694 -0.000507 0.018628
v 0.095694 -0.000507 0.035884
v 0.095694 -0.000507 0.051268
v 0.130376 0.012564 -0.080343
v 0.132570 0.012947 -0.076446
v 0.133379 0.013849 -0.070337
v 0.133494 0.024434 0.018556
v 0.133494 0.024733 0.035746
v 0.133494 0.024649 0.051070
v 0.124476 0.017432 -0.080147
v 0.125849 0.017954 -0.076587
v 0.126406 0.018968 -0.070591
v 0.126486 0.029708 0.018628
v 0.126486 0.029937 0.035884
v 0.126486 0.029772 0.051268
v 0.000000 0.024640 -0.080654
v 0.000000 0.025646 -0.076742
v 0.000000 0.027119 -0.070610
v 0.000000 0.040241 0.018628
v 0.000000 0.040079 0.035884
v 0.000000 0.039365 0.051268
v 0.089373 0.020932 -0.080654
v 0.089376 0.021844 -0.076742
v 0.089376 0.023182 -0.070610
v 0.089376 0.035401 0.018628
v 0.089376 0.035400 0.035884
v 0.089376 0.034905 0.051268
v 0.044785 0.023733 -0.080654
v 0.044787 0.024727 -0.076742
v 0.044787 0.026184 -0.070610
v 0.044787 0.039195 0.018628
v 0.044787 0.039055 0.035884
v 0.044787 0.038370 0.051268
v 0.133017 0.022413 0.063274
v 0.132984 0.023083 0.063005
v 0.132258 0.023384 0.062460
v 0.133017 0.013721 -0.061143
v 0.132984 0.014106 -0.060883
v 0.132258 0.014302 -0.060354
v 0.133320 0.015275 -0.061143
v 0.133112 0.015241 -0.060883
v 0.132316 0.015196 -0.060354
v 0.133320 0.024372 0.063274
v 0.133112 0.024338 0.063005
v 0.132316 0.024292 0.062460
v 0.132567 0.023880 0.062328
v 0.132567 0.014783 -0.060229
v 0.067100 0.026965 -0.061596
v 0.067100 0.036200 0.063743
v 0.100395 0.023904 -0.061596
v 0.110717 0.022680 -0.061596
v 0.119646 0.021519 -0.061596
v 0.100395 0.032999 0.063743
v 0.110717 0.031702 0.063743
v 0.119646 0.030479 0.063743
v 0.022412 0.028970 -0.061596
v 0.022412 0.038236 0.063743
v 0.133759 0.027856 0.063743
v 0.132963 0.028248 0.063743
v 0.130770 0.028745 0.063743
v 0.133759 0.018850 -0.061596
v 0.132963 0.019287 -0.061596
v 0.130770 0.019816 -0.061596
v 0.072638 -0.000507 -0.061596
v 0.074728 -0.000507 0.063743
v 0.021762 -0.000507 -0.061596
v 0.021762 -0.000507 0.063743
v 0.125971 0.005200 -0.061596
v 0.119840 0.001938 -0.061596
v 0.125971 0.007882 0.063743
v 0.119840 0.003013 0.063743
v 0.113144 0.000030 -0.061596
v 0.109060 -0.000348 -0.061596
v 0.103503 -0.000487 -0.061596
v 0.113144 0.000265 0.063743
v 0.109060 -0.000278 0.063743
v 0.103503 -0.000479 0.063743
v 0.132404 0.011930 -0.061496
v 0.130281 0.008835 -0.061593
v 0.132404 0.019189 0.063639
v 0.130281 0.013768 0.063739
v 0.116532 0.001320 0.051268
v 0.116532 0.001308 0.035884
v 0.116532 0.001275 0.018628
v 0.000000 -0.000507 -0.049289
v 0.000000 -0.000507 -0.034274
v 0.000000 -0.000507 -0.017387
v 0.045804 -0.000507 -0.049289
v 0.045804 -0.000507 -0.034274
v 0.045804 -0.000507 -0.017387
v 0.095694 -0.000507 -0.049289
v 0.095694 -0.000507 -0.034274
v 0.095694 -0.000507 -0.017387
v 0.133494 0.017363 -0.049099
v 0.133494 0.019655 -0.034142
v 0.133494 0.021829 -0.017320
v 0.126486 0.022642 -0.049289
v 0.126486 0.024977 -0.034274
v 0.126486 0.027166 -0.017387
v 0.000000 0.031923 -0.049289
v 0.000000 0.034884 -0.034274
v 0.000000 0.037573 -0.017387
v 0.089376 0.027561 -0.049289
v 0.089376 0.030278 -0.034274
v 0.089376 0.032773 -0.017387
v 0.044787 0.030935 -0.049289
v 0.044787 0.033865 -0.034274
v 0.044787 0.036530 -0.017387
v 0.132404 0.018357 0.000536
v 0.130281 0.013070 0.000537
v 0.113144 0.000218 0.000537
v 0.109060 -0.000292 0.000537
v 0.103503 -0.000480 0.000537
v 0.125971 0.007410 0.000537
v 0.119840 0.002801 0.000537
v 0.021762 -0.000507 0.000537
v 0.072638 -0.000507 0.000537
v 0.133759 0.026972 0.000537
v 0.132963 0.027401 0.000537
v 0.130770 0.027976 0.000537
v 0.022412 0.039237 0.000537
v 0.100395 0.033100 0.000537
v 0.110717 0.031535 0.000537
v 0.119646 0.030058 0.000537
v 0.067100 0.036922 0.000537
v 0.132567 0.022969 0.000525
v 0.133320 0.023461 0.000533
v 0.133112 0.023427 0.000531
v 0.132316 0.023382 0.000527
v 0.133017 0.021519 0.000533
v 0.132984 0.022177 0.000531
v 0.132258 0.022473 0.000527
v 0.126370 0.014607 -0.083008
v 0.089362 0.019868 -0.084391
v 0.089352 0.019511 -0.085102
v 0.089336 0.019170 -0.085363
v 0.044685 0.020393 -0.085401
v 0.124469 0.028950 0.083043
v 0.125832 0.028615 0.083386
v 0.126373 0.028277 0.083525
v 0.089362 0.032272 0.084618
v 0.089352 0.032011 0.085169
v 0.089336 0.031706 0.085372
v -0.000000 0.021286 -0.085401
v 0.044685 0.032934 0.085401
v -0.000000 0.035895 0.084618
v 0.000000 0.035607 0.085169
v -0.000000 0.035292 0.085372
v 0.133793 0.026379 0.063743
v 0.133793 0.017289 -0.061596
v 0.133793 0.025470 0.000537
v 0.133853 0.027467 0.018628
v 0.133853 0.027762 0.035884
v 0.133853 0.027677 0.051268
v 0.133853 0.020435 -0.049289
v 0.133853 0.022717 -0.034274
v 0.133854 0.024880 -0.017387
v 0.133738 0.027293 0.072581
v 0.132926 0.027281 0.078285
v 0.130722 0.027461 0.081669
v 0.067039 0.032885 0.085401
v 0.100333 0.017840 -0.085363
v 0.110656 0.016928 -0.085102
v 0.119587 0.016167 -0.084391
v 0.022382 0.034676 0.085401
v 0.022382 0.022135 -0.085401
v 0.067039 0.020344 -0.085401
v 0.130722 0.015616 -0.080654
v 0.132926 0.016009 -0.076742
v 0.133737 0.016921 -0.070610
v 0.119587 0.028559 0.084618
v 0.110656 0.029425 0.085169
v 0.100333 0.030376 0.085372
v 0.089254 0.017701 -0.085401
v 0.126370 0.026808 0.083545
v 0.089254 0.030242 0.085401
v -0.000000 0.033827 0.085401
v 0.126199 0.012747 -0.082873
v 0.126255 0.012915 -0.082968
v 0.044597 0.018528 -0.085261
v 0.044605 0.018700 -0.085359
v -0.000000 0.019421 -0.085262
v 0.000000 0.019593 -0.085359
v 0.044597 0.031069 0.085262
v 0.044605 0.031241 0.085359
v 0.133609 0.024521 0.063639
v 0.133674 0.024689 0.063712
v 0.133609 0.015425 -0.061496
v 0.133674 0.015592 -0.061567
v 0.133609 0.023611 0.000536
v 0.133674 0.023778 0.000536
v 0.119467 0.026429 0.084618
v 0.110536 0.027294 0.085169
v 0.100213 0.028245 0.085372
v 0.130602 0.013462 -0.080654
v 0.132805 0.013844 -0.076742
v 0.133617 0.014747 -0.070610
v 0.066922 0.018213 -0.085401
v 0.022325 0.020004 -0.085401
v 0.022325 0.032545 0.085401
v 0.100213 0.015709 -0.085363
v 0.110536 0.014795 -0.085102
v 0.119467 0.014031 -0.084391
v 0.066922 0.030754 0.085401
v 0.133617 0.025162 0.072581
v 0.132805 0.025150 0.078285
v 0.130602 0.025330 0.081669
v 0.133733 0.018260 -0.049289
v 0.133733 0.020552 -0.034274
v 0.133733 0.022726 -0.017387
v 0.133733 0.025331 0.018628
v 0.133733 0.025630 0.035884
v 0.133733 0.025546 0.051268
v -0.125961 0.019571 0.083409
v -0.125085 0.014080 0.083540
v -0.121222 0.004815 -0.082982
v -0.117242 0.002080 -0.082361
v -0.116515 0.000716 -0.070591
v -0.116402 0.000781 -0.076587
v -0.116109 0.001013 -0.080147
v -0.122120 0.008104 0.083525
v -0.117746 0.003501 0.083043
v -0.104212 0.001559 0.083525
v -0.109971 0.001631 0.083386
v -0.113859 0.001918 0.083043
v -0.021779 0.001364 -0.083008
v -0.125500 0.009997 -0.082873
v -0.124189 0.007778 -0.083003
v -0.021810 0.002031 0.083545
v -0.072735 0.001755 0.083545
v -0.113354 0.001084 -0.082361
v -0.109258 0.000927 -0.082803
v -0.103315 0.000910 -0.082982
v -0.072034 0.001107 -0.083008
v -0.087532 0.008003 0.085156
v -0.088098 0.003660 0.084618
v -0.045952 0.007423 0.085031
v -0.045932 0.004121 0.084618
v -0.087532 0.021761 0.085282
v -0.087532 0.016359 0.085395
v -0.045072 0.025124 0.085262
v -0.044589 0.030896 0.084772
v -0.044587 0.030845 0.084411
v -0.044387 0.030782 0.083681
v -0.089079 0.028209 0.084772
v -0.089042 0.028161 0.084411
v -0.088611 0.028101 0.083681
v -0.045805 -0.000470 0.072581
v -0.045813 -0.000206 0.078286
v -0.045834 0.000508 0.081669
v -0.095700 -0.000474 0.072581
v -0.095744 -0.000242 0.078285
v -0.095863 0.000386 0.081669
v -0.045073 0.007154 -0.085363
v -0.045470 0.002839 -0.084391
v -0.093120 0.005982 -0.085363
v -0.094591 0.002327 -0.084391
v -0.044611 0.014939 -0.085262
v -0.044760 0.011558 -0.085395
v -0.090082 0.012598 -0.085261
v -0.091483 0.009721 -0.085395
v -0.100102 0.014802 -0.085034
v -0.110390 0.013890 -0.084773
v -0.119287 0.013129 -0.084065
v -0.133379 0.024265 0.072301
v -0.132570 0.024253 0.077983
v -0.130376 0.024432 0.081354
v -0.022300 0.031632 0.085071
v -0.126373 0.016101 -0.082982
v -0.125832 0.016479 -0.082803
v -0.124469 0.016893 -0.082361
v -0.022300 0.019091 -0.085071
v -0.066867 0.017301 -0.085071
v -0.119287 0.025527 0.084291
v -0.110390 0.026389 0.084840
v -0.100102 0.027337 0.085042
v -0.066867 0.029842 0.085071
v -0.089154 0.016009 -0.085359
v -0.089135 0.015837 -0.085261
v -0.044754 0.021863 -0.085363
v -0.044767 0.022209 -0.085102
v -0.044776 0.022583 -0.084391
v -0.089079 0.015668 -0.084772
v -0.089042 0.015620 -0.084411
v -0.088611 0.015561 -0.083678
v -0.044589 0.018355 -0.084772
v -0.044587 0.018304 -0.084411
v -0.044387 0.018242 -0.083678
v -0.088570 0.014669 -0.083678
v -0.089052 0.014502 -0.084411
v -0.089242 0.014172 -0.084772
v -0.044555 0.016782 -0.084772
v -0.044545 0.017163 -0.084411
v -0.044347 0.017347 -0.083678
v -0.100328 0.019357 -0.082982
v -0.110229 0.018436 -0.082803
v -0.118067 0.017700 -0.082361
v -0.126406 0.029224 0.072566
v -0.125849 0.029112 0.078165
v -0.124476 0.029137 0.081276
v -0.022409 0.035982 0.083545
v -0.022409 0.023738 -0.083008
v -0.067093 0.021922 -0.083008
v -0.118067 0.029765 0.083043
v -0.110229 0.030587 0.083386
v -0.100328 0.031554 0.083525
v -0.067093 0.034160 0.083545
v -0.089376 0.033657 0.072581
v -0.089376 0.033197 0.078285
v -0.089373 0.032830 0.081669
v -0.044787 0.036749 0.072581
v -0.044787 0.036150 0.078286
v -0.044785 0.035678 0.081669
v -0.126255 0.025117 0.083504
v -0.126199 0.024949 0.083409
v -0.089154 0.028549 0.085359
v -0.089135 0.028378 0.085261
v -0.044754 0.034399 0.085372
v -0.044767 0.034713 0.085169
v -0.044776 0.034998 0.084618
v -0.044563 0.030344 0.083504
v -0.044563 0.017803 -0.083504
v -0.088928 0.015126 -0.083504
v -0.125324 0.024294 0.081690
v -0.088928 0.027667 0.083504
v -0.125324 0.012091 -0.081165
v -0.125053 0.024710 0.081862
v -0.125783 0.024759 0.082577
v -0.125957 0.024795 0.082930
v -0.124999 0.011621 -0.081334
v -0.125687 0.011470 -0.082046
v -0.125763 0.011204 -0.082397
v -0.125957 0.012593 -0.082397
v -0.125783 0.012556 -0.082046
v -0.125053 0.012508 -0.081334
v -0.125866 0.022827 0.082930
v -0.125718 0.023501 0.082577
v -0.125003 0.023801 0.081862
v -0.088586 0.027187 0.083681
v -0.089174 0.026862 0.084411
v -0.089654 0.026101 0.084772
v -0.044658 0.028720 0.084772
v -0.044575 0.029525 0.084411
v -0.044351 0.029866 0.083681
v -0.116296 0.001854 0.081276
v -0.116459 0.001490 0.078165
v -0.116523 0.001343 0.072566
v -0.116532 0.001110 -0.017387
v -0.116532 0.000988 -0.034274
v -0.116532 0.000867 -0.049289
v -0.045731 0.000229 -0.080654
v -0.045783 -0.000289 -0.076742
v -0.045802 -0.000480 -0.070610
v -0.045804 -0.000507 0.018628
v -0.045804 -0.000507 0.035884
v -0.045804 -0.000507 0.051268
v -0.095451 0.000116 -0.080654
v -0.095622 -0.000322 -0.076742
v -0.095685 -0.000484 -0.070610
v -0.095694 -0.000507 0.018628
v -0.095694 -0.000507 0.035884
v -0.095694 -0.000507 0.051268
v -0.130376 0.012564 -0.080343
v -0.132570 0.012947 -0.076446
v -0.133379 0.013849 -0.070337
v -0.133494 0.024434 0.018556
v -0.133494 0.024733 0.035746
v -0.133494 0.024649 0.051070
v -0.124476 0.017432 -0.080147
v -0.125849 0.017954 -0.076587
v -0.126406 0.018968 -0.070591
v -0.126486 0.029708 0.018628
v -0.126486 0.029937 0.035884
v -0.126486 0.029772 0.051268
v -0.089373 0.020932 -0.080654
v -0.089376 0.021844 -0.076742
v -0.089376 0.023182 -0.070610
v -0.089376 0.035401 0.018628
v -0.089376 0.035400 0.035884
v -0.089376 0.034905 0.051268
v -0.044785 0.023733 -0.080654
v -0.044787 0.024727 -0.076742
v -0.044787 0.026184 -0.070610
v -0.044787 0.039195 0.018628
v -0.044787 0.039055 0.035884
v -0.044787 0.038370 0.051268
v -0.133017 0.022413 0.063274
v -0.132984 0.023083 0.063005
v -0.132258 0.023384 0.062460
v -0.133017 0.013721 -0.061143
v -0.132984 0.014106 -0.060883
v -0.132258 0.014302 -0.060354
v -0.133320 0.015275 -0.061143
v -0.133112 0.015241 -0.060883
v -0.132316 0.015196 -0.060354
v -0.133320 0.024372 0.063274
v -0.133112 0.024338 0.063005
v -0.132316 0.024292 0.062460
v -0.132567 0.023880 0.062328
v -0.132567 0.014783 -0.060229
v -0.067100 0.026965 -0.061596
v -0.067100 0.036200 0.063743
v -0.100395 0.023904 -0.061596
v -0.110717 0.022680 -0.061596
v -0.119646 0.021519 -0.061596
v -0.100395 0.032999 0.063743
v -0.110717 0.031702 0.063743
v -0.119646 0.030479 0.063743
v -0.022412 0.028970 -0.061596
v -0.022412 0.038236 0.063743
v -0.133759 0.027856 0.063743
v -0.132963 0.028248 0.063743
v -0.130770 0.028745 0.063743
v -0.133759 0.018850 -0.061596
v -0.132963 0.019287 -0.061596
v -0.130770 0.019816 -0.061596
v -0.072638 -0.000507 -0.061596
v -0.072638 -0.000507 0.063743
v -0.021762 -0.000507 -0.061596
v -0.021762 -0.000507 0.063743
v -0.125971 0.005200 -0.061596
v -0.119840 0.001938 -0.061596
v -0.125971 0.007882 0.063743
v -0.119840 0.003013 0.063743
v -0.113144 0.000030 -0.061596
v -0.109060 -0.000348 -0.061596
v -0.103503 -0.000487 -0.061596
v -0.113144 0.000265 0.063743
v -0.109060 -0.000278 0.063743
v -0.103503 -0.000479 0.063743
v -0.132404 0.011930 -0.061496
v -0.130281 0.008835 -0.061593
v -0.132404 0.019189 0.063639
v -0.130281 0.013768 0.063739
v -0.116532 0.001320 0.051268
v -0.116532 0.001308 0.035884
v -0.116532 0.001275 0.018628
v -0.045804 -0.000507 -0.049289
v -0.045804 -0.000507 -0.034274
v -0.045804 -0.000507 -0.017387
v -0.095694 -0.000507 -0.049289
v -0.095694 -0.000507 -0.034274
v -0.095694 -0.000507 -0.017387
v -0.133494 0.017363 -0.049099
v -0.133494 0.019655 -0.034142
v -0.133494 0.021829 -0.017320
v -0.126486 0.022642 -0.049289
v -0.126486 0.024977 -0.034274
v -0.126486 0.027166 -0.017387
v -0.089376 0.027561 -0.049289
v -0.089376 0.030278 -0.034274
v -0.089376 0.032773 -0.017387
v -0.044787 0.030935 -0.049289
v -0.044787 0.033865 -0.034274
v -0.044787 0.036530 -0.017387
v -0.132404 0.018357 0.000536
v -0.130281 0.013070 0.000537
v -0.113144 0.000218 0.000537
v -0.109060 -0.000292 0.000537
v -0.103503 -0.000480 0.000537
v -0.125971 0.007410 0.000537
v -0.119840 0.002801 0.000537
v -0.021762 -0.000507 0.000537
v -0.072638 -0.000507 0.000537
v -0.133759 0.026972 0.000537
v -0.132963 0.027401 0.000537
v -0.130770 0.027976 0.000537
v -0.022412 0.039237 0.000537
v -0.100395 0.033100 0.000537
v -0.110717 0.031535 0.000537
v -0.119646 0.030058 0.000537
v -0.067100 0.036922 0.000537
v -0.132567 0.022969 0.000525
v -0.133320 0.023461 0.000533
v -0.133112 0.023427 0.000531
v -0.132316 0.023382 0.000527
v -0.133017 0.021519 0.000533
v -0.132984 0.022177 0.000531
v -0.132258 0.022473 0.000527
v -0.126370 0.014607 -0.083008
v -0.089362 0.019868 -0.084391
v -0.089352 0.019511 -0.085102
v -0.089336 0.019170 -0.085363
v -0.044685 0.020393 -0.085401
v -0.124469 0.028950 0.083043
v -0.125832 0.028615 0.083386
v -0.126373 0.028277 0.083525
v -0.089362 0.032272 0.084618
v -0.089352 0.032011 0.085169
v -0.089336 0.031706 0.085372
v -0.044685 0.032934 0.085401
v -0.133793 0.026379 0.063743
v -0.133793 0.017289 -0.061596
v -0.133793 0.025470 0.000537
v -0.133853 0.027467 0.018628
v -0.133853 0.027762 0.035884
v -0.133853 0.027677 0.051268
v -0.133853 0.020435 -0.049289
v -0.133853 0.022717 -0.034274
v -0.133853 0.024880 -0.017387
v -0.133738 0.027293 0.072581
v -0.132926 0.027281 0.078285
v -0.130722 0.027461 0.081669
v -0.067039 0.032885 0.085401
v -0.100333 0.017840 -0.085363
v -0.110656 0.016928 -0.085102
v -0.119587 0.016167 -0.084391
v -0.022382 0.034676 0.085401
v -0.022382 0.022135 -0.085401
v -0.067039 0.020344 -0.085401
v -0.130722 0.015616 -0.080654
v -0.132926 0.016009 -0.076742
v -0.133738 0.016921 -0.070610
v -0.119587 0.028559 0.084618
v -0.110656 0.029425 0.085169
v -0.100333 0.030376 0.085372
v -0.089254 0.017701 -0.085401
v -0.126370 0.026808 0.083545
v -0.089254 0.030242 0.085401
v -0.126199 0.012747 -0.082873
v -0.126255 0.012915 -0.082968
v -0.044597 0.018528 -0.085261
v -0.044605 0.018700 -0.085359
v -0.044597 0.031069 0.085261
v -0.044605 0.031241 0.085359
v -0.133609 0.024521 0.063639
v -0.133674 0.024689 0.063712
v -0.133609 0.015425 -0.061496
v -0.133674 0.015592 -0.061567
v -0.133609 0.023611 0.000536
v -0.133674 0.023778 0.000536
v -0.119467 0.026429 0.084618
v -0.110536 0.027294 0.085169
v -0.100213 0.028245 0.085372
v -0.130602 0.013462 -0.080654
v -0.132805 0.013844 -0.076742
v -0.133617 0.014747 -0.070610
v -0.066922 0.018213 -0.085401
v -0.022325 0.020004 -0.085401
v -0.022325 0.032545 0.085401
v -0.100213 0.015709 -0.085363
v -0.110536 0.014795 -0.085102
v -0.119467 0.014031 -0.084391
v -0.066922 0.030754 0.085401
v -0.133617 0.025162 0.072581
v -0.132805 0.025150 0.078285
v -0.130602 0.025330 0.081669
v -0.133733 0.018260 -0.049289
v -0.133733 0.020552 -0.034274
v -0.133733 0.022726 -0.017387
v -0.133733 0.025331 0.018628
v -0.133733 0.025630 0.035884
v -0.133733 0.025546 0.051268
v 0.115156 0.003462 0.083942
v 0.118456 0.008310 0.084592
v 0.110964 0.003394 0.084415
v 0.113131 0.008576 0.085141
v 0.104858 0.003443 0.084592
v 0.105948 0.008885 0.085343
v 0.101824 0.009154 -0.085358
v 0.100849 0.011823 -0.085224
v 0.110962 0.008598 -0.085096
v 0.110716 0.011064 -0.084963
v 0.118537 0.008117 -0.084386
v 0.119121 0.010421 -0.084254
v 0.130200 0.013720 0.072577
v 0.132303 0.019082 0.072463
v 0.129632 0.013736 0.078281
v 0.131598 0.019084 0.078158
v 0.128089 0.013845 0.081664
v 0.129686 0.019233 0.081536
v 0.103163 0.002192 -0.084359
v 0.102658 0.005647 -0.085326
v 0.109629 0.002105 -0.084130
v 0.110555 0.005319 -0.085066
v 0.114257 0.002096 -0.083520
v 0.116761 0.005032 -0.084359
v 0.103514 -0.000447 0.072580
v 0.109072 -0.000249 0.072577
v 0.113149 0.000291 0.072570
v 0.103589 -0.000224 0.078282
v 0.109156 -0.000039 0.078255
v 0.113185 0.000478 0.078199
v 0.103797 0.000381 0.081658
v 0.109400 0.000529 0.081578
v 0.113323 0.000975 0.081400
v 0.119812 0.003026 0.072570
v 0.125911 0.007874 0.072580
v 0.119617 0.003116 0.078199
v 0.125491 0.007896 0.078282
v 0.119054 0.003323 0.081400
v 0.124351 0.007968 0.081658
v 0.100044 0.014740 -0.084735
v 0.110302 0.013831 -0.084475
v 0.119167 0.013072 -0.083770
v 0.099976 0.014694 -0.084374
v 0.110196 0.013789 -0.084116
v 0.119024 0.013033 -0.083414
v 0.099466 0.014638 -0.083642
v 0.109604 0.013735 -0.083385
v 0.118356 0.012982 -0.082689
v 0.076010 0.003808 0.084618
v 0.076399 0.007402 0.085372
v 0.022030 0.011284 0.085156
v 0.022030 0.025124 0.085261
v 0.022030 0.004372 0.084618
v 0.022030 0.007423 0.085031
v 0.120231 0.014459 0.084613
v 0.119993 0.020117 0.084480
v 0.113538 0.014946 0.085163
v 0.112042 0.020816 0.085030
v 0.105114 0.015494 0.085366
v 0.102543 0.021590 0.085233
v 0.076399 0.010896 0.085379
v 0.068844 0.023707 0.085261
v 0.066860 0.029776 0.084772
v 0.066853 0.029725 0.084411
v 0.066550 0.029663 0.083681
v 0.119072 0.011670 -0.083770
v 0.110318 0.012403 -0.084475
v 0.100155 0.013278 -0.084735
v 0.118958 0.011943 -0.083414
v 0.110163 0.012691 -0.084116
v 0.099971 0.013587 -0.084374
v 0.118305 0.012094 -0.082689
v 0.109557 0.012846 -0.083385
v 0.099423 0.013747 -0.083642
v 0.021763 -0.000467 0.072581
v 0.021768 -0.000190 0.078285
v 0.021782 0.000564 0.081669
v 0.075442 -0.000472 0.072581
v 0.075780 -0.000227 0.078285
v 0.075821 0.000439 0.081669
v 0.021796 0.003079 -0.084391
v 0.021860 0.007664 -0.085363
v 0.071481 0.002588 -0.084391
v 0.070011 0.006594 -0.085363
v 0.021986 0.012234 -0.085395
v 0.022141 0.015635 -0.085261
v 0.068569 0.010720 -0.085395
v 0.067518 0.013927 -0.085261
v 0.100353 0.030768 0.085343
v 0.110663 0.029817 0.085141
v 0.119563 0.028954 0.084592
v 0.100355 0.031069 0.085141
v 0.110573 0.030121 0.084945
v 0.119259 0.029272 0.084415
v 0.100338 0.031319 0.084592
v 0.110358 0.030373 0.084415
v 0.118556 0.029553 0.083942
v 0.133644 0.017364 -0.070610
v 0.132836 0.016442 -0.076738
v 0.130642 0.016038 -0.080640
v 0.132852 0.017789 -0.070605
v 0.132070 0.016852 -0.076704
v 0.129949 0.016433 -0.080537
v 0.130669 0.018292 -0.070596
v 0.129960 0.017330 -0.076631
v 0.128067 0.016883 -0.080307
v 0.067061 0.020742 -0.085363
v 0.067076 0.021087 -0.085102
v 0.067087 0.021455 -0.084391
v 0.119167 0.025470 0.083995
v 0.110302 0.026330 0.084542
v 0.100044 0.027276 0.084743
v 0.119024 0.025431 0.083637
v 0.110196 0.026287 0.084182
v 0.099976 0.027230 0.084383
v 0.118356 0.025380 0.082914
v 0.109604 0.026234 0.083454
v 0.099466 0.027173 0.083653
v 0.066860 0.017235 -0.084772
v 0.066853 0.017184 -0.084411
v 0.066550 0.017122 -0.083678
v 0.022298 0.019025 -0.084772
v 0.022297 0.018974 -0.084411
v 0.022197 0.018912 -0.083678
v 0.066957 0.015686 -0.084772
v 0.066845 0.016051 -0.084411
v 0.066508 0.016229 -0.083678
v 0.022412 0.037462 0.072581
v 0.022412 0.036848 0.078285
v 0.022411 0.036364 0.081669
v 0.119601 0.030166 0.072570
v 0.110702 0.031298 0.072577
v 0.100393 0.032502 0.072580
v 0.119280 0.029966 0.078199
v 0.110596 0.030999 0.078255
v 0.100379 0.032115 0.078282
v 0.118566 0.029863 0.081400
v 0.110369 0.030779 0.081578
v 0.100349 0.031809 0.081658
v 0.067100 0.035505 0.072581
v 0.067100 0.034951 0.078285
v 0.067098 0.034511 0.081669
v 0.022393 0.022533 -0.085363
v 0.022400 0.022881 -0.085102
v 0.022406 0.023256 -0.084391
v 0.022393 0.035069 0.085372
v 0.022400 0.035384 0.085169
v 0.022406 0.035672 0.084618
v 0.119563 0.016570 -0.084359
v 0.110663 0.017326 -0.085066
v 0.100353 0.018238 -0.085326
v 0.119259 0.016928 -0.084130
v 0.110573 0.017669 -0.084814
v 0.100355 0.018576 -0.085066
v 0.118556 0.017307 -0.083520
v 0.110358 0.018024 -0.084130
v 0.100338 0.018927 -0.084359
v 0.067061 0.033278 0.085372
v 0.067076 0.033589 0.085169
v 0.067087 0.033867 0.084618
v 0.099783 0.026743 0.083476
v 0.109910 0.025808 0.083278
v 0.118644 0.024959 0.082739
v 0.066815 0.016684 -0.083504
v 0.022283 0.031014 0.083504
v 0.118644 0.012561 -0.082517
v 0.109910 0.013310 -0.083212
v 0.099783 0.014207 -0.083468
v 0.022283 0.018473 -0.083504
v 0.066815 0.029225 0.083504
v 0.132454 0.013305 -0.069042
v 0.131662 0.012401 -0.075038
v 0.129512 0.012015 -0.078864
v 0.100533 0.025203 0.084743
v 0.110614 0.024296 0.084542
v 0.119267 0.023473 0.083995
v 0.100083 0.025941 0.084383
v 0.110250 0.025010 0.084182
v 0.119016 0.024164 0.083637
v 0.099437 0.026260 0.083653
v 0.109568 0.025322 0.083454
v 0.118313 0.024470 0.082914
v 0.133205 0.024213 0.072047
v 0.132400 0.024201 0.077709
v 0.130214 0.024379 0.081068
v 0.132997 0.024179 0.071740
v 0.132196 0.024166 0.077379
v 0.130020 0.024344 0.080723
v 0.132203 0.024134 0.071120
v 0.131408 0.024121 0.076709
v 0.129252 0.024298 0.080025
v 0.022254 0.029399 0.084772
v 0.022266 0.030198 0.084411
v 0.022173 0.030536 0.083681
v 0.067253 0.027618 0.084772
v 0.066932 0.028411 0.084411
v 0.066519 0.028747 0.083681
v 0.022298 0.031566 0.084772
v 0.022297 0.031515 0.084411
v 0.022197 0.031453 0.083681
v 0.132904 0.012321 -0.070090
v 0.132111 0.011470 -0.076177
v 0.129957 0.011115 -0.080061
v 0.132870 0.012651 -0.069792
v 0.132072 0.011763 -0.075853
v 0.129906 0.011388 -0.079720
v 0.132145 0.012827 -0.069186
v 0.131351 0.011926 -0.075194
v 0.129196 0.011542 -0.079028
v 0.022241 0.017458 -0.084772
v 0.022262 0.017835 -0.084411
v 0.022172 0.018018 -0.083678
v 0.130001 0.022429 0.081068
v 0.132123 0.022257 0.077709
v 0.132906 0.022266 0.072047
v 0.129919 0.023092 0.080723
v 0.132076 0.022916 0.077379
v 0.132871 0.022928 0.071740
v 0.129197 0.023389 0.080025
v 0.131351 0.023213 0.076709
v 0.132145 0.023226 0.071120
v 0.133017 0.019912 -0.017259
v 0.133017 0.017839 -0.034022
v 0.133017 0.015657 -0.048926
v 0.132984 0.020516 -0.017186
v 0.132984 0.018371 -0.033877
v 0.132984 0.016112 -0.048718
v 0.132258 0.020793 -0.017035
v 0.132258 0.018622 -0.033582
v 0.132258 0.016334 -0.048294
v 0.130214 0.012511 -0.080061
v 0.132400 0.012895 -0.076178
v 0.133205 0.013798 -0.070090
v 0.130020 0.012476 -0.079720
v 0.132196 0.012860 -0.075853
v 0.132997 0.013763 -0.069792
v 0.129252 0.012430 -0.079028
v 0.131408 0.012815 -0.075194
v 0.132203 0.013718 -0.069186
v 0.133320 0.024383 0.018491
v 0.133320 0.024681 0.035620
v 0.133320 0.024597 0.050891
v 0.133112 0.024349 0.018412
v 0.133112 0.024647 0.035469
v 0.133112 0.024563 0.050674
v 0.132316 0.024303 0.018254
v 0.132316 0.024602 0.035163
v 0.132316 0.024518 0.050236
v 0.129512 0.023883 0.079856
v 0.131662 0.023708 0.076547
v 0.132454 0.023721 0.070969
v 0.132567 0.021285 -0.017001
v 0.132567 0.019111 -0.033513
v 0.132567 0.016819 -0.048195
v 0.067098 0.022577 -0.080654
v 0.067100 0.023544 -0.076742
v 0.067100 0.024962 -0.070610
v 0.067100 0.037708 0.018628
v 0.067100 0.037618 0.035884
v 0.067100 0.037000 0.051268
v 0.118566 0.018116 -0.080307
v 0.110369 0.018966 -0.080537
v 0.100349 0.019944 -0.080640
v 0.119280 0.018776 -0.076631
v 0.110596 0.019753 -0.076704
v 0.100379 0.020811 -0.076738
v 0.119601 0.019877 -0.070596
v 0.110702 0.020951 -0.070605
v 0.100393 0.022088 -0.070610
v 0.119646 0.030918 0.018628
v 0.110717 0.032379 0.018628
v 0.100395 0.033928 0.018628
v 0.119646 0.031098 0.035884
v 0.110717 0.032500 0.035884
v 0.100395 0.033986 0.035884
v 0.119646 0.030864 0.051268
v 0.110717 0.032180 0.051268
v 0.100395 0.033575 0.051268
v 0.022411 0.024415 -0.080654
v 0.022412 0.025420 -0.076742
v 0.022412 0.026891 -0.070610
v 0.022412 0.039999 0.018628
v 0.022412 0.039840 0.035884
v 0.022412 0.039129 0.051268
v 0.130642 0.027861 0.081658
v 0.132836 0.027683 0.078282
v 0.133644 0.027697 0.072580
v 0.129949 0.028218 0.081578
v 0.132070 0.028055 0.078255
v 0.132852 0.028080 0.072577
v 0.128067 0.028616 0.081400
v 0.129960 0.028498 0.078199
v 0.130669 0.028552 0.072570
v 0.133759 0.025308 -0.017387
v 0.133759 0.023155 -0.034274
v 0.133759 0.020880 -0.049289
v 0.132963 0.025745 -0.017387
v 0.132963 0.023596 -0.034274
v 0.132963 0.021322 -0.049289
v 0.130770 0.026321 -0.017387
v 0.130770 0.024163 -0.034274
v 0.130770 0.021873 -0.049289
v 0.072383 0.000174 -0.080654
v 0.072562 -0.000305 -0.076742
v 0.072628 -0.000482 -0.070610
v 0.072638 -0.000507 0.018628
v 0.072638 -0.000507 0.035884
v 0.072638 -0.000507 0.051268
v 0.021769 0.000282 -0.080654
v 0.021764 -0.000273 -0.076742
v 0.021762 -0.000478 -0.070610
v 0.021762 -0.000507 0.018628
v 0.021762 -0.000507 0.035884
v 0.021762 -0.000507 0.051268
v 0.118828 0.001943 -0.080307
v 0.123972 0.004696 -0.080640
v 0.119548 0.001820 -0.076631
v 0.125379 0.004703 -0.076738
v 0.119804 0.001821 -0.070596
v 0.125897 0.004863 -0.070610
v 0.119840 0.002925 0.018628
v 0.125971 0.007711 0.018628
v 0.119840 0.002988 0.035884
v 0.125971 0.007853 0.035884
v 0.119840 0.003011 0.051268
v 0.125971 0.007892 0.051268
v 0.103418 0.000101 -0.080640
v 0.109096 0.000184 -0.080537
v 0.113098 0.000458 -0.080307
v 0.103477 -0.000314 -0.076738
v 0.109065 -0.000198 -0.076704
v 0.113117 0.000131 -0.076631
v 0.103499 -0.000466 -0.070610
v 0.109061 -0.000336 -0.070605
v 0.113141 0.000021 -0.070596
v 0.103503 -0.000479 0.018628
v 0.109060 -0.000284 0.018628
v 0.113144 0.000245 0.018628
v 0.103503 -0.000479 0.035884
v 0.109060 -0.000280 0.035884
v 0.113144 0.000259 0.035884
v 0.103503 -0.000479 0.051268
v 0.109060 -0.000279 0.051268
v 0.113144 0.000264 0.051268
v 0.127711 0.007641 -0.080650
v 0.129491 0.009883 -0.080523
v 0.129520 0.007747 -0.076738
v 0.131541 0.010135 -0.076617
v 0.130186 0.008133 -0.070606
v 0.132296 0.010802 -0.070495
v 0.130281 0.013599 0.018627
v 0.132404 0.019107 0.018598
v 0.130281 0.013815 0.035882
v 0.132404 0.019373 0.035826
v 0.130281 0.013833 0.051265
v 0.132404 0.019339 0.051185
v 0.130281 0.009852 -0.049286
v 0.132404 0.013510 -0.049209
v 0.130281 0.011027 -0.034272
v 0.132404 0.015304 -0.034218
v 0.130281 0.012165 -0.017386
v 0.132404 0.017018 -0.017359
v 0.103503 -0.000486 -0.049289
v 0.109060 -0.000335 -0.049289
v 0.113144 0.000072 -0.049289
v 0.103503 -0.000484 -0.034274
v 0.109060 -0.000320 -0.034274
v 0.113144 0.000124 -0.034274
v 0.103503 -0.000482 -0.017387
v 0.109060 -0.000305 -0.017387
v 0.113144 0.000175 -0.017387
v 0.119840 0.002134 -0.049289
v 0.125971 0.005713 -0.049289
v 0.119840 0.002370 -0.034274
v 0.125971 0.006321 -0.034274
v 0.119840 0.002605 -0.017387
v 0.125971 0.006921 -0.017387
v 0.021762 -0.000507 -0.049289
v 0.021762 -0.000507 -0.034274
v 0.021762 -0.000507 -0.017387
v 0.072638 -0.000507 -0.049289
v 0.072638 -0.000507 -0.034274
v 0.072638 -0.000507 -0.017387
v 0.133759 0.028083 0.051268
v 0.133759 0.028171 0.035884
v 0.133759 0.027880 0.018628
v 0.132963 0.028484 0.051268
v 0.132963 0.028582 0.035884
v 0.132963 0.028300 0.018628
v 0.130770 0.029006 0.051268
v 0.130770 0.029127 0.035884
v 0.130770 0.028864 0.018628
v 0.022412 0.031688 -0.049289
v 0.022412 0.034645 -0.034274
v 0.022412 0.037331 -0.017387
v 0.119646 0.023702 -0.049289
v 0.110717 0.024962 -0.049289
v 0.100395 0.026291 -0.049289
v 0.119646 0.026114 -0.034274
v 0.110717 0.027473 -0.034274
v 0.100395 0.028909 -0.034274
v 0.119646 0.028362 -0.017387
v 0.110717 0.029801 -0.017387
v 0.100395 0.031324 -0.017387
v 0.067100 0.029586 -0.049289
v 0.067100 0.032444 -0.034274
v 0.067100 0.035051 -0.017387
v 0.132567 0.024105 0.050130
v 0.132567 0.024189 0.035088
v 0.132567 0.023891 0.018215
v 0.133320 0.017311 -0.048926
v 0.133320 0.019603 -0.034022
v 0.133320 0.021777 -0.017259
v 0.133112 0.017277 -0.048718
v 0.133112 0.019569 -0.033877
v 0.133112 0.021743 -0.017186
v 0.132316 0.017232 -0.048294
v 0.132316 0.019524 -0.033582
v 0.132316 0.021698 -0.017035
v 0.133017 0.022622 0.050891
v 0.133017 0.022695 0.035620
v 0.133017 0.022403 0.018491
v 0.132984 0.023303 0.050674
v 0.132984 0.023384 0.035469
v 0.132984 0.023087 0.018412
v 0.132258 0.023608 0.050236
v 0.132258 0.023692 0.035163
v 0.132258 0.023394 0.018254
v 0.133793 0.026605 0.051268
v 0.133793 0.026689 0.035884
v 0.133793 0.026391 0.018628
v 0.133793 0.023788 -0.017387
v 0.133793 0.021615 -0.034274
v 0.133793 0.019324 -0.049289
v 0.130661 0.026389 0.081669
v 0.132865 0.026209 0.078285
v 0.133677 0.026221 0.072581
v 0.066980 0.031813 0.085401
v 0.119527 0.015090 -0.084391
v 0.110595 0.015854 -0.085102
v 0.100272 0.016768 -0.085363
v 0.022353 0.033604 0.085401
v 0.022353 0.021063 -0.085401
v 0.066980 0.019272 -0.085401
v 0.133677 0.015811 -0.070610
v 0.132865 0.014907 -0.076742
v 0.130661 0.014524 -0.080654
v 0.100272 0.029304 0.085372
v 0.110595 0.028353 0.085169
v 0.119527 0.027488 0.084618
v 0.100142 0.027441 0.085233
v 0.110451 0.026491 0.085030
v 0.119367 0.025628 0.084480
v 0.100170 0.027612 0.085330
v 0.110488 0.026661 0.085128
v 0.119415 0.025796 0.084577
v 0.133493 0.013947 -0.070495
v 0.132682 0.013045 -0.076617
v 0.130483 0.012663 -0.080523
v 0.133558 0.014115 -0.070576
v 0.132747 0.013212 -0.076705
v 0.130544 0.012830 -0.080616
v 0.066876 0.017408 -0.085261
v 0.066886 0.017579 -0.085359
v 0.022303 0.019198 -0.085261
v 0.022308 0.019370 -0.085359
v 0.022303 0.031739 0.085261
v 0.022308 0.031911 0.085359
v 0.119367 0.013229 -0.084254
v 0.110451 0.013993 -0.084963
v 0.100142 0.014906 -0.085224
v 0.119415 0.013398 -0.084350
v 0.110488 0.014162 -0.085060
v 0.100170 0.015076 -0.085322
v 0.066876 0.029948 0.085261
v 0.066886 0.030120 0.085359
v 0.130483 0.024531 0.081536
v 0.132682 0.024351 0.078158
v 0.133493 0.024363 0.072463
v 0.130544 0.024698 0.081630
v 0.132747 0.024518 0.078248
v 0.133558 0.024530 0.072546
v 0.133609 0.021927 -0.017359
v 0.133609 0.019753 -0.034218
v 0.133609 0.017461 -0.049209
v 0.133674 0.022094 -0.017379
v 0.133674 0.019920 -0.034258
v 0.133674 0.017628 -0.049265
v 0.133609 0.024747 0.051185
v 0.133609 0.024831 0.035826
v 0.133609 0.024532 0.018598
v 0.133674 0.024914 0.051243
v 0.133674 0.024998 0.035867
v 0.133674 0.024700 0.018619
v -0.115156 0.003462 0.083942
v -0.110964 0.003394 0.084415
v -0.104858 0.003443 0.084592
v -0.118456 0.008310 0.084592
v -0.113131 0.008576 0.085141
v -0.105948 0.008885 0.085343
v -0.101824 0.009154 -0.085358
v -0.110962 0.008598 -0.085096
v -0.118537 0.008117 -0.084386
v -0.100849 0.011823 -0.085224
v -0.110716 0.011064 -0.084963
v -0.119121 0.010421 -0.084254
v -0.130200 0.013720 0.072577
v -0.129632 0.013736 0.078281
v -0.128089 0.013845 0.081664
v -0.132303 0.019082 0.072463
v -0.131598 0.019084 0.078158
v -0.129686 0.019233 0.081536
v -0.103163 0.002192 -0.084359
v -0.109629 0.002105 -0.084130
v -0.114257 0.002096 -0.083520
v -0.102658 0.005647 -0.085326
v -0.110555 0.005319 -0.085066
v -0.116761 0.005032 -0.084359
v -0.103514 -0.000447 0.072580
v -0.103589 -0.000224 0.078282
v -0.103797 0.000381 0.081658
v -0.109072 -0.000249 0.072577
v -0.109156 -0.000039 0.078255
v -0.109400 0.000529 0.081578
v -0.113149 0.000291 0.072570
v -0.113185 0.000478 0.078199
v -0.113323 0.000975 0.081400
v -0.119812 0.003026 0.072570
v -0.119617 0.003116 0.078199
v -0.119054 0.003323 0.081400
v -0.125911 0.007874 0.072580
v -0.125491 0.007896 0.078282
v -0.124351 0.007968 0.081658
v -0.100044 0.014740 -0.084735
v -0.099976 0.014694 -0.084374
v -0.099466 0.014638 -0.083642
v -0.110302 0.013831 -0.084475
v -0.110196 0.013789 -0.084116
v -0.109604 0.013735 -0.083385
v -0.119167 0.013072 -0.083770
v -0.119024 0.013033 -0.083414
v -0.118356 0.012982 -0.082689
v -0.057801 0.003990 0.084618
v -0.057801 0.007423 0.085031
v -0.022198 0.025124 0.085261
v -0.021853 0.004372 0.084618
v -0.021918 0.007423 0.085031
v -0.120231 0.014459 0.084613
v -0.113538 0.014946 0.085163
v -0.105114 0.015494 0.085366
v -0.119993 0.020117 0.084480
v -0.112042 0.020816 0.085030
v -0.102766 0.021059 0.085244
v -0.057801 0.017549 0.085395
v -0.057801 0.025124 0.085262
v -0.066860 0.029776 0.084772
v -0.066853 0.029725 0.084411
v -0.066550 0.029663 0.083681
v -0.119072 0.011670 -0.083770
v -0.118958 0.011943 -0.083414
v -0.118305 0.012094 -0.082689
v -0.110318 0.012403 -0.084475
v -0.110163 0.012691 -0.084116
v -0.109557 0.012846 -0.083385
v -0.100155 0.013278 -0.084735
v -0.099971 0.013587 -0.084374
v -0.099423 0.013747 -0.083642
v -0.021763 -0.000467 0.072581
v -0.021768 -0.000190 0.078285
v -0.021782 0.000564 0.081669
v -0.072639 -0.000472 0.072581
v -0.072650 -0.000224 0.078285
v -0.072679 0.000447 0.081669
v -0.021796 0.003079 -0.084391
v -0.021860 0.007664 -0.085363
v -0.071481 0.002588 -0.084391
v -0.070011 0.006594 -0.085363
v -0.021986 0.012234 -0.085395
v -0.022141 0.015635 -0.085262
v -0.068569 0.010720 -0.085395
v -0.067518 0.013927 -0.085261
v -0.100353 0.030768 0.085343
v -0.100355 0.031069 0.085141
v -0.100338 0.031319 0.084592
v -0.110663 0.029817 0.085141
v -0.110573 0.030121 0.084945
v -0.110358 0.030373 0.084415
v -0.119563 0.028954 0.084592
v -0.119259 0.029272 0.084415
v -0.118556 0.029553 0.083942
v -0.133644 0.017364 -0.070610
v -0.132852 0.017789 -0.070605
v -0.130669 0.018292 -0.070596
v -0.132836 0.016442 -0.076738
v -0.132070 0.016852 -0.076704
v -0.129960 0.017330 -0.076631
v -0.130642 0.016038 -0.080640
v -0.129949 0.016433 -0.080537
v -0.128067 0.016883 -0.080307
v -0.067061 0.020742 -0.085363
v -0.067076 0.021087 -0.085102
v -0.067087 0.021455 -0.084391
v -0.119167 0.025470 0.083995
v -0.119024 0.025431 0.083637
v -0.118356 0.025380 0.082914
v -0.110302 0.026330 0.084542
v -0.110196 0.026287 0.084182
v -0.109604 0.026234 0.083454
v -0.100044 0.027276 0.084743
v -0.099976 0.027230 0.084383
v -0.099466 0.027173 0.083653
v -0.066860 0.017235 -0.084772
v -0.066853 0.017184 -0.084411
v -0.066550 0.017122 -0.083678
v -0.022298 0.019025 -0.084772
v -0.022297 0.018974 -0.084411
v -0.022197 0.018912 -0.083678
v -0.066957 0.015686 -0.084772
v -0.066845 0.016051 -0.084411
v -0.066508 0.016229 -0.083678
v -0.022412 0.037462 0.072581
v -0.022412 0.036848 0.078285
v -0.022411 0.036364 0.081669
v -0.119601 0.030166 0.072570
v -0.119280 0.029966 0.078199
v -0.118566 0.029863 0.081400
v -0.110702 0.031298 0.072577
v -0.110596 0.030999 0.078255
v -0.110369 0.030779 0.081578
v -0.100393 0.032502 0.072580
v -0.100379 0.032115 0.078282
v -0.100349 0.031809 0.081658
v -0.067100 0.035505 0.072581
v -0.067100 0.034951 0.078285
v -0.067098 0.034511 0.081669
v -0.022393 0.022533 -0.085363
v -0.022400 0.022881 -0.085102
v -0.022406 0.023256 -0.084391
v -0.022393 0.035069 0.085372
v -0.022400 0.035384 0.085169
v -0.022406 0.035672 0.084618
v -0.119563 0.016570 -0.084359
v -0.119259 0.016928 -0.084130
v -0.118556 0.017307 -0.083520
v -0.110663 0.017326 -0.085066
v -0.110573 0.017669 -0.084814
v -0.110358 0.018024 -0.084130
v -0.100353 0.018238 -0.085326
v -0.100355 0.018576 -0.085066
v -0.100338 0.018927 -0.084359
v -0.067061 0.033278 0.085372
v -0.067076 0.033589 0.085169
v -0.067087 0.033867 0.084618
v -0.099783 0.026743 0.083476
v -0.109910 0.025808 0.083278
v -0.118644 0.024959 0.082739
v -0.066815 0.016684 -0.083504
v -0.022283 0.031014 0.083504
v -0.118644 0.012561 -0.082517
v -0.109910 0.013310 -0.083212
v -0.099783 0.014207 -0.083468
v -0.022283 0.018473 -0.083504
v -0.066815 0.029225 0.083504
v -0.132454 0.013305 -0.069042
v -0.131662 0.012401 -0.075038
v -0.129512 0.012015 -0.078864
v -0.100533 0.025203 0.084743
v -0.100083 0.025941 0.084383
v -0.099437 0.026260 0.083653
v -0.110614 0.024296 0.084542
v -0.110250 0.025010 0.084182
v -0.109568 0.025322 0.083454
v -0.119267 0.023473 0.083995
v -0.119016 0.024164 0.083637
v -0.118313 0.024470 0.082914
v -0.133205 0.024213 0.072047
v -0.132997 0.024179 0.071740
v -0.132203 0.024134 0.071120
v -0.132400 0.024201 0.077709
v -0.132196 0.024166 0.077379
v -0.131408 0.024121 0.076709
v -0.130214 0.024379 0.081068
v -0.130020 0.024344 0.080723
v -0.129252 0.024298 0.080025
v -0.022254 0.029399 0.084772
v -0.022266 0.030198 0.084411
v -0.022173 0.030536 0.083681
v -0.067253 0.027618 0.084772
v -0.066932 0.028411 0.084411
v -0.066519 0.028747 0.083681
v -0.022298 0.031566 0.084772
v -0.022297 0.031515 0.084411
v -0.022197 0.031453 0.083681
v -0.132904 0.012321 -0.070090
v -0.132870 0.012651 -0.069792
v -0.132145 0.012827 -0.069186
v -0.132111 0.011470 -0.076177
v -0.132072 0.011763 -0.075853
v -0.131351 0.011926 -0.075194
v -0.129957 0.011115 -0.080061
v -0.129906 0.011388 -0.079720
v -0.129196 0.011542 -0.079028
v -0.022241 0.017458 -0.084772
v -0.022262 0.017835 -0.084411
v -0.022172 0.018018 -0.083678
v -0.130001 0.022429 0.081068
v -0.129919 0.023092 0.080723
v -0.129197 0.023389 0.080025
v -0.132123 0.022257 0.077709
v -0.132076 0.022916 0.077379
v -0.131351 0.023213 0.076709
v -0.132906 0.022266 0.072047
v -0.132871 0.022928 0.071740
v -0.132145 0.023226 0.071120
v -0.133017 0.019912 -0.017259
v -0.132984 0.020516 -0.017186
v -0.132258 0.020793 -0.017035
v -0.133017 0.017839 -0.034022
v -0.132984 0.018371 -0.033877
v -0.132258 0.018622 -0.033582
v -0.133017 0.015657 -0.048926
v -0.132984 0.016112 -0.048718
v -0.132258 0.016334 -0.048294
v -0.130214 0.012511 -0.080061
v -0.130020 0.012476 -0.079720
v -0.129252 0.012430 -0.079028
v -0.132400 0.012895 -0.076178
v -0.132196 0.012860 -0.075853
v -0.131408 0.012815 -0.075194
v -0.133205 0.013798 -0.070090
v -0.132997 0.013763 -0.069792
v -0.132203 0.013718 -0.069186
v -0.133320 0.024383 0.018491
v -0.133112 0.024349 0.018412
v -0.132316 0.024303 0.018254
v -0.133320 0.024681 0.035620
v -0.133112 0.024647 0.035469
v -0.132316 0.024602 0.035163
v -0.133320 0.024597 0.050891
v -0.133112 0.024563 0.050674
v -0.132316 0.024518 0.050236
v -0.129512 0.023883 0.079856
v -0.131662 0.023708 0.076547
v -0.132454 0.023721 0.070969
v -0.132567 0.021285 -0.017001
v -0.132567 0.019111 -0.033513
v -0.132567 0.016819 -0.048195
v -0.067098 0.022577 -0.080654
v -0.067100 0.023544 -0.076742
v -0.067100 0.024962 -0.070610
v -0.067100 0.037708 0.018628
v -0.067100 0.037618 0.035884
v -0.067100 0.037000 0.051268
v -0.118566 0.018116 -0.080307
v -0.119280 0.018776 -0.076631
v -0.119601 0.019877 -0.070596
v -0.110369 0.018966 -0.080537
v -0.110596 0.019753 -0.076704
v -0.110702 0.020951 -0.070605
v -0.100349 0.019944 -0.080640
v -0.100379 0.020811 -0.076738
v -0.100393 0.022088 -0.070610
v -0.119646 0.030918 0.018628
v -0.119646 0.031098 0.035884
v -0.119646 0.030864 0.051268
v -0.110717 0.032379 0.018628
v -0.110717 0.032500 0.035884
v -0.110717 0.032180 0.051268
v -0.100395 0.033928 0.018628
v -0.100395 0.033986 0.035884
v -0.100395 0.033575 0.051268
v -0.022411 0.024415 -0.080654
v -0.022412 0.025420 -0.076742
v -0.022412 0.026891 -0.070610
v -0.022412 0.039999 0.018628
v -0.022412 0.039840 0.035884
v -0.022412 0.039129 0.051268
v -0.130642 0.027861 0.081658
v -0.129949 0.028218 0.081578
v -0.128067 0.028616 0.081400
v -0.132836 0.027683 0.078282
v -0.132070 0.028055 0.078255
v -0.129960 0.028498 0.078199
v -0.133644 0.027697 0.072580
v -0.132852 0.028080 0.072577
v -0.130669 0.028552 0.072570
v -0.133759 0.025308 -0.017387
v -0.132963 0.025745 -0.017387
v -0.130770 0.026321 -0.017387
v -0.133759 0.023155 -0.034274
v -0.132963 0.023596 -0.034274
v -0.130770 0.024163 -0.034274
v -0.133759 0.020880 -0.049289
v -0.132963 0.021322 -0.049289
v -0.130770 0.021873 -0.049289
v -0.072383 0.000174 -0.080654
v -0.072562 -0.000305 -0.076742
v -0.072628 -0.000482 -0.070610
v -0.072638 -0.000507 0.018628
v -0.072638 -0.000507 0.035884
v -0.072638 -0.000507 0.051268
v -0.021769 0.000282 -0.080654
v -0.021764 -0.000273 -0.076742
v -0.021762 -0.000478 -0.070610
v -0.021762 -0.000507 0.018628
v -0.021762 -0.000507 0.035884
v -0.021762 -0.000507 0.051268
v -0.118828 0.001943 -0.080307
v -0.119548 0.001820 -0.076631
v -0.119804 0.001821 -0.070596
v -0.123972 0.004696 -0.080640
v -0.125379 0.004703 -0.076738
v -0.125897 0.004863 -0.070610
v -0.119840 0.002925 0.018628
v -0.119840 0.002988 0.035884
v -0.119840 0.003011 0.051268
v -0.125971 0.007711 0.018628
v -0.125971 0.007853 0.035884
v -0.125971 0.007892 0.051268
v -0.103418 0.000101 -0.080640
v -0.103477 -0.000314 -0.076738
v -0.103499 -0.000466 -0.070610
v -0.109096 0.000184 -0.080537
v -0.109065 -0.000198 -0.076704
v -0.109061 -0.000336 -0.070605
v -0.113098 0.000458 -0.080307
v -0.113117 0.000131 -0.076631
v -0.113141 0.000021 -0.070596
v -0.103503 -0.000479 0.018628
v -0.103503 -0.000479 0.035884
v -0.103503 -0.000479 0.051268
v -0.109060 -0.000284 0.018628
v -0.109060 -0.000280 0.035884
v -0.109060 -0.000279 0.051268
v -0.113144 0.000245 0.018628
v -0.113144 0.000259 0.035884
v -0.113144 0.000264 0.051268
v -0.127711 0.007641 -0.080650
v -0.129520 0.007747 -0.076738
v -0.130186 0.008133 -0.070606
v -0.129491 0.009883 -0.080523
v -0.131541 0.010135 -0.076617
v -0.132296 0.010802 -0.070495
v -0.130281 0.013599 0.018627
v -0.130281 0.013815 0.035882
v -0.130281 0.013833 0.051265
v -0.132404 0.019107 0.018598
v -0.132404 0.019373 0.035826
v -0.132404 0.019339 0.051185
v -0.130281 0.009852 -0.049286
v -0.130281 0.011027 -0.034272
v -0.130281 0.012165 -0.017386
v -0.132404 0.013510 -0.049209
v -0.132404 0.015304 -0.034218
v -0.132404 0.017018 -0.017359
v -0.103503 -0.000486 -0.049289
v -0.103503 -0.000484 -0.034274
v -0.103503 -0.000482 -0.017387
v -0.109060 -0.000335 -0.049289
v -0.109060 -0.000320 -0.034274
v -0.109060 -0.000305 -0.017387
v -0.113144 0.000072 -0.049289
v -0.113144 0.000124 -0.034274
v -0.113144 0.000175 -0.017387
v -0.119840 0.002134 -0.049289
v -0.119840 0.002370 -0.034274
v -0.119840 0.002605 -0.017387
v -0.125971 0.005713 -0.049289
v -0.125971 0.006321 -0.034274
v -0.125971 0.006921 -0.017387
v -0.021762 -0.000507 -0.049289
v -0.021762 -0.000507 -0.034274
v -0.021762 -0.000507 -0.017387
v -0.072638 -0.000507 -0.049289
v -0.072638 -0.000507 -0.034274
v -0.072638 -0.000507 -0.017387
v -0.133759 0.028083 0.051268
v -0.132963 0.028484 0.051268
v -0.130770 0.029006 0.051268
v -0.133759 0.028171 0.035884
v -0.132963 0.028582 0.035884
v -0.130770 0.029127 0.035884
v -0.133759 0.027880 0.018628
v -0.132963 0.028300 0.018628
v -0.130770 0.028864 0.018628
v -0.022412 0.031688 -0.049289
v -0.022412 0.034645 -0.034274
v -0.022412 0.037331 -0.017387
v -0.119646 0.023702 -0.049289
v -0.119646 0.026114 -0.034274
v -0.119646 0.028362 -0.017387
v -0.110717 0.024962 -0.049289
v -0.110717 0.027473 -0.034274
v -0.110717 0.029801 -0.017387
v -0.100395 0.026291 -0.049289
v -0.100395 0.028909 -0.034274
v -0.100395 0.031324 -0.017387
v -0.067100 0.029586 -0.049289
v -0.067100 0.032444 -0.034274
v -0.067100 0.035051 -0.017387
v -0.132567 0.024105 0.050130
v -0.132567 0.024189 0.035088
v -0.132567 0.023891 0.018215
v -0.133320 0.017311 -0.048926
v -0.133112 0.017277 -0.048718
v -0.132316 0.017232 -0.048294
v -0.133320 0.019603 -0.034022
v -0.133112 0.019569 -0.033877
v -0.132316 0.019524 -0.033582
v -0.133320 0.021777 -0.017259
v -0.133112 0.021743 -0.017186
v -0.132316 0.021698 -0.017035
v -0.133017 0.022622 0.050891
v -0.132984 0.023303 0.050674
v -0.132258 0.023608 0.050236
v -0.133017 0.022695 0.035620
v -0.132984 0.023384 0.035469
v -0.132258 0.023692 0.035163
v -0.133017 0.022403 0.018491
v -0.132984 0.023087 0.018412
v -0.132258 0.023394 0.018254
v -0.133793 0.026605 0.051268
v -0.133793 0.026689 0.035884
v -0.133793 0.026391 0.018628
v -0.133793 0.023788 -0.017387
v -0.133793 0.021615 -0.034274
v -0.133793 0.019324 -0.049289
v -0.130661 0.026389 0.081669
v -0.132865 0.026209 0.078286
v -0.133677 0.026221 0.072581
v -0.066980 0.031813 0.085401
v -0.119527 0.015090 -0.084391
v -0.110595 0.015854 -0.085102
v -0.100272 0.016768 -0.085363
v -0.022353 0.033604 0.085401
v -0.022353 0.021063 -0.085401
v -0.066980 0.019272 -0.085401
v -0.133677 0.015811 -0.070610
v -0.132865 0.014907 -0.076742
v -0.130661 0.014524 -0.080654
v -0.100272 0.029304 0.085372
v -0.110595 0.028353 0.085169
v -0.119527 0.027488 0.084618
v -0.100142 0.027441 0.085233
v -0.100170 0.027612 0.085330
v -0.110451 0.026491 0.085030
v -0.110488 0.026661 0.085128
v -0.119367 0.025628 0.084480
v -0.119415 0.025796 0.084577
v -0.133493 0.013947 -0.070495
v -0.133558 0.014115 -0.070576
v -0.132683 0.013045 -0.076617
v -0.132747 0.013212 -0.076705
v -0.130483 0.012663 -0.080523
v -0.130544 0.012830 -0.080616
v -0.066876 0.017408 -0.085261
v -0.066886 0.017579 -0.085359
v -0.022303 0.019198 -0.085261
v -0.022308 0.019370 -0.085359
v -0.022303 0.031739 0.085261
v -0.022308 0.031911 0.085359
v -0.119367 0.013229 -0.084254
v -0.119415 0.013398 -0.084350
v -0.110451 0.013993 -0.084963
v -0.110488 0.014162 -0.085060
v -0.100142 0.014906 -0.085224
v -0.100170 0.015076 -0.085322
v -0.066876 0.029948 0.085261
v -0.066886 0.030120 0.085359
v -0.130483 0.024531 0.081536
v -0.130544 0.024698 0.081630
v -0.132682 0.024351 0.078158
v -0.132747 0.024518 0.078248
v -0.133493 0.024363 0.072463
v -0.133558 0.024530 0.072546
v -0.133609 0.021927 -0.017359
v -0.133674 0.022094 -0.017379
v -0.133609 0.019753 -0.034218
v -0.133674 0.019920 -0.034258
v -0.133609 0.017461 -0.049209
v -0.133674 0.017628 -0.049265
v -0.133609 0.024747 0.051185
v -0.133674 0.024914 0.051243
v -0.133609 0.024831 0.035826
v -0.133674 0.024998 0.035867
v -0.133609 0.024532 0.018598
v -0.133674 0.024700 0.018619
v -0.000001 0.025178 0.077013
v -0.000001 0.007477 0.076783
v -0.045073 0.025178 0.077013
v -0.045953 0.007477 0.076783
v 0.022030 0.011338 0.076908
v 0.022030 0.025178 0.077013
v 0.022030 0.007477 0.076783
v -0.057801 0.007477 0.076783
v -0.022199 0.025178 0.077013
v -0.021919 0.007477 0.076783
v -0.057801 0.017603 0.077147
v -0.057801 0.025178 0.077013
v 0.053824 0.010953 0.059974
v 0.053824 0.007459 0.059966
v 0.076399 0.007459 0.059966
v 0.076399 0.010953 0.059974
v -0.075906 0.021761 0.085299
v -0.072777 0.003827 0.084618
v -0.075906 0.008003 0.085189
v -0.075906 0.016819 0.085395
v -0.087522 0.021789 0.075342
v -0.087522 0.016388 0.075455
v -0.087522 0.008031 0.075215
v -0.075895 0.021789 0.075358
v -0.075895 0.008031 0.075249
v -0.075895 0.016848 0.075455
v -0.087361 0.021784 0.075973
v -0.087361 0.008287 0.075739
v -0.076030 0.008287 0.075771
v -0.076030 0.021784 0.075973
v -0.087374 0.021641 0.084844
v -0.087106 0.021369 0.085108
v -0.087338 0.021603 0.084978
v -0.087240 0.021503 0.085074
v -0.087106 0.008408 0.084884
v -0.087374 0.008144 0.084611
v -0.087240 0.008275 0.084846
v -0.087338 0.008178 0.084745
v -0.076311 0.008408 0.084914
v -0.076043 0.008144 0.084643
v -0.076177 0.008275 0.084877
v -0.076079 0.008178 0.084777
v -0.076043 0.021641 0.084844
v -0.076311 0.021369 0.085109
v -0.076079 0.021603 0.084978
v -0.076177 0.021503 0.085075
v -0.077594 0.015831 0.084699
v -0.077265 0.015831 0.085026
v -0.077550 0.015831 0.084862
v -0.077430 0.015831 0.084982
v -0.077416 0.016981 0.085043
v -0.077735 0.016896 0.084715
v -0.077576 0.016939 0.084998
v -0.077692 0.016907 0.084878
v -0.085557 0.013609 0.084978
v -0.085272 0.013774 0.084655
v -0.085415 0.013692 0.084936
v -0.085310 0.013752 0.084818
v -0.084851 0.012689 0.084964
v -0.084618 0.012922 0.084642
v -0.084735 0.012805 0.084923
v -0.084649 0.012891 0.084805
v -0.077416 0.014681 0.085008
v -0.077735 0.014766 0.084683
v -0.077576 0.014724 0.084965
v -0.077692 0.014755 0.084846
v -0.083931 0.011983 0.084955
v -0.083766 0.012268 0.084633
v -0.083848 0.012125 0.084914
v -0.083788 0.012230 0.084796
v -0.085823 0.015831 0.084689
v -0.086153 0.015831 0.085015
v -0.085867 0.015831 0.084852
v -0.085988 0.015831 0.084972
v -0.086001 0.014681 0.084996
v -0.085683 0.014766 0.084671
v -0.085842 0.014724 0.084953
v -0.085726 0.014755 0.084834
v -0.086001 0.016981 0.085035
v -0.085683 0.016896 0.084708
v -0.085842 0.016939 0.084991
v -0.085726 0.016907 0.084871
v -0.081709 0.011387 0.084951
v -0.081709 0.011717 0.084630
v -0.081709 0.011552 0.084910
v -0.081709 0.011673 0.084792
v -0.079487 0.019680 0.085083
v -0.079652 0.019394 0.084752
v -0.079569 0.019537 0.085037
v -0.079630 0.019433 0.084916
v -0.082859 0.011539 0.084950
v -0.082774 0.011857 0.084629
v -0.082816 0.011698 0.084909
v -0.082785 0.011814 0.084792
v -0.080559 0.011539 0.084957
v -0.080644 0.011857 0.084635
v -0.080601 0.011698 0.084915
v -0.080633 0.011814 0.084798
v -0.082859 0.020124 0.085090
v -0.082774 0.019805 0.084758
v -0.082816 0.019964 0.085043
v -0.082785 0.019848 0.084922
v -0.081709 0.019945 0.084760
v -0.081709 0.020275 0.085092
v -0.081709 0.019990 0.084924
v -0.081709 0.020110 0.085046
v -0.077860 0.018053 0.085059
v -0.078146 0.017888 0.084730
v -0.078003 0.017971 0.085014
v -0.078107 0.017910 0.084893
v -0.078567 0.018973 0.085073
v -0.078800 0.018740 0.084742
v -0.078683 0.018857 0.085027
v -0.078768 0.018772 0.084906
v -0.080559 0.020124 0.085090
v -0.080644 0.019805 0.084758
v -0.080601 0.019964 0.085043
v -0.080633 0.019848 0.084922
v -0.084851 0.018973 0.085076
v -0.084618 0.018740 0.084742
v -0.084735 0.018857 0.085028
v -0.084649 0.018772 0.084906
v -0.085557 0.018053 0.085056
v -0.085272 0.017888 0.084726
v -0.085415 0.017971 0.085011
v -0.085310 0.017910 0.084890
v -0.083931 0.019680 0.085083
v -0.083766 0.019394 0.084752
v -0.083848 0.019537 0.085037
v -0.083788 0.019433 0.084916
v -0.077860 0.013609 0.084992
v -0.078146 0.013774 0.084668
v -0.078003 0.013692 0.084950
v -0.078107 0.013752 0.084831
v -0.078567 0.012689 0.084979
v -0.078800 0.012922 0.084655
v -0.078683 0.012805 0.084937
v -0.078768 0.012891 0.084818
v -0.079487 0.011983 0.084971
v -0.079652 0.012268 0.084645
v -0.079569 0.012125 0.084928
v -0.079630 0.012230 0.084808
v -0.081709 0.019945 0.080210
v -0.080644 0.019805 0.080210
v -0.079652 0.019394 0.080210
v -0.078800 0.018740 0.080210
v -0.078146 0.017888 0.080210
v -0.077735 0.016896 0.080210
v -0.077594 0.015831 0.080210
v -0.077735 0.014766 0.080210
v -0.078146 0.013774 0.080210
v -0.078800 0.012922 0.080210
v -0.079652 0.012268 0.080210
v -0.080644 0.011857 0.080210
v -0.081709 0.011717 0.080210
v -0.082774 0.011857 0.080210
v -0.083766 0.012268 0.080210
v -0.084618 0.012922 0.080210
v -0.085272 0.013774 0.080210
v -0.085683 0.014766 0.080210
v -0.085823 0.015831 0.080210
v -0.085683 0.016896 0.080210
v -0.085272 0.017888 0.080210
v -0.084618 0.018740 0.080210
v -0.083766 0.019394 0.080210
v -0.082774 0.019805 0.080210
v -0.081709 0.016850 0.080485
v -0.081445 0.016815 0.080485
v -0.081199 0.016714 0.080485
v -0.080988 0.016552 0.080485
v -0.080826 0.016341 0.080485
v -0.080725 0.016095 0.080485
v -0.080690 0.015831 0.080485
v -0.080725 0.015567 0.080485
v -0.080826 0.015322 0.080485
v -0.080988 0.015111 0.080485
v -0.081199 0.014949 0.080485
v -0.081445 0.014847 0.080485
v -0.081709 0.014812 0.080485
v -0.081973 0.014847 0.080485
v -0.082218 0.014949 0.080485
v -0.082429 0.015111 0.080485
v -0.082591 0.015322 0.080485
v -0.082693 0.015567 0.080485
v -0.082728 0.015831 0.080485
v -0.082693 0.016095 0.080485
v -0.082591 0.016341 0.080485
v -0.082429 0.016552 0.080485
v -0.082218 0.016714 0.080485
v -0.081973 0.016815 0.080485
v -0.081709 0.017907 0.080485
v -0.081172 0.017836 0.080485
v -0.080671 0.017628 0.080485
v -0.080241 0.017299 0.080485
v -0.079911 0.016869 0.080485
v -0.079704 0.016368 0.080485
v -0.079633 0.015831 0.080485
v -0.079704 0.015294 0.080485
v -0.079911 0.014793 0.080485
v -0.080241 0.014364 0.080485
v -0.080671 0.014034 0.080485
v -0.081172 0.013826 0.080485
v -0.081709 0.013756 0.080485
v -0.082246 0.013826 0.080485
v -0.082747 0.014034 0.080485
v -0.083176 0.014364 0.080485
v -0.083506 0.014793 0.080485
v -0.083714 0.015294 0.080485
v -0.083784 0.015831 0.080485
v -0.083714 0.016368 0.080485
v -0.083506 0.016869 0.080485
v -0.083176 0.017299 0.080485
v -0.082747 0.017628 0.080485
v -0.082246 0.017836 0.080485
v -0.081709 0.016850 0.084113
v -0.081709 0.016390 0.084569
v -0.081709 0.016788 0.084341
v -0.081709 0.016620 0.084508
v -0.081564 0.016371 0.084569
v -0.081445 0.016815 0.084113
v -0.081505 0.016593 0.084508
v -0.081461 0.016756 0.084341
v -0.081429 0.016315 0.084569
v -0.081199 0.016714 0.084113
v -0.081314 0.016514 0.084508
v -0.081230 0.016660 0.084341
v -0.081314 0.016226 0.084569
v -0.080988 0.016552 0.084113
v -0.081151 0.016389 0.084508
v -0.081032 0.016508 0.084341
v -0.081225 0.016111 0.084569
v -0.080826 0.016341 0.084113
v -0.081026 0.016226 0.084508
v -0.080880 0.016310 0.084341
v -0.081169 0.015976 0.084569
v -0.080725 0.016095 0.084113
v -0.080947 0.016035 0.084508
v -0.080784 0.016079 0.084341
v -0.081150 0.015831 0.084569
v -0.080690 0.015831 0.084113
v -0.080920 0.015831 0.084508
v -0.080752 0.015831 0.084341
v -0.081169 0.015686 0.084569
v -0.080725 0.015567 0.084113
v -0.080947 0.015627 0.084508
v -0.080784 0.015583 0.084341
v -0.081225 0.015552 0.084569
v -0.080826 0.015322 0.084113
v -0.081026 0.015437 0.084508
v -0.080880 0.015352 0.084341
v -0.081314 0.015436 0.084569
v -0.080988 0.015111 0.084113
v -0.081151 0.015273 0.084508
v -0.081032 0.015154 0.084341
v -0.081429 0.015347 0.084569
v -0.081199 0.014949 0.084113
v -0.081314 0.015148 0.084508
v -0.081230 0.015002 0.084341
v -0.081564 0.015291 0.084569
v -0.081445 0.014847 0.084113
v -0.081505 0.015069 0.084508
v -0.081461 0.014906 0.084341
v -0.081709 0.015272 0.084569
v -0.081709 0.014812 0.084113
v -0.081709 0.015042 0.084508
v -0.081709 0.014874 0.084341
v -0.081854 0.015291 0.084569
v -0.081973 0.014847 0.084113
v -0.081913 0.015069 0.084508
v -0.081957 0.014906 0.084341
v -0.081988 0.015347 0.084569
v -0.082218 0.014949 0.084113
v -0.082103 0.015148 0.084508
v -0.082188 0.015002 0.084341
v -0.082104 0.015436 0.084569
v -0.082429 0.015111 0.084113
v -0.082267 0.015273 0.084508
v -0.082386 0.015154 0.084341
v -0.082193 0.015552 0.084569
v -0.082591 0.015322 0.084113
v -0.082392 0.015437 0.084508
v -0.082538 0.015352 0.084341
v -0.082249 0.015686 0.084569
v -0.082693 0.015567 0.084113
v -0.082471 0.015627 0.084508
v -0.082634 0.015583 0.084341
v -0.082268 0.015831 0.084569
v -0.082728 0.015831 0.084113
v -0.082498 0.015831 0.084508
v -0.082666 0.015831 0.084341
v -0.082249 0.015976 0.084569
v -0.082693 0.016095 0.084113
v -0.082471 0.016035 0.084508
v -0.082634 0.016079 0.084341
v -0.082193 0.016111 0.084569
v -0.082591 0.016341 0.084113
v -0.082392 0.016226 0.084508
v -0.082538 0.016310 0.084341
v -0.082104 0.016226 0.084569
v -0.082429 0.016552 0.084113
v -0.082267 0.016389 0.084508
v -0.082386 0.016508 0.084341
v -0.081988 0.016315 0.084569
v -0.082218 0.016714 0.084113
v -0.082103 0.016514 0.084508
v -0.082188 0.016660 0.084341
v -0.081854 0.016371 0.084569
v -0.081973 0.016815 0.084113
v -0.081913 0.016593 0.084508
v -0.081957 0.016756 0.084341
v -0.081709 0.019945 0.080210
v -0.080644 0.019805 0.080210
v -0.079652 0.019394 0.080210
v -0.078800 0.018740 0.080210
v -0.078146 0.017888 0.080210
v -0.077735 0.016896 0.080210
v -0.077594 0.015831 0.080210
v -0.077735 0.014766 0.080210
v -0.078146 0.013774 0.080210
v -0.078800 0.012922 0.080210
v -0.079652 0.012268 0.080210
v -0.080644 0.011857 0.080210
v -0.081709 0.011717 0.080210
v -0.082774 0.011857 0.080210
v -0.083766 0.012268 0.080210
v -0.084618 0.012922 0.080210
v -0.085272 0.013774 0.080210
v -0.085683 0.014766 0.080210
v -0.085823 0.015831 0.080210
v -0.085683 0.016896 0.080210
v -0.085272 0.017888 0.080210
v -0.084618 0.018740 0.080210
v -0.083766 0.019394 0.080210
v -0.082774 0.019805 0.080210
v 0.053824 0.010896 0.085379
v 0.053824 0.010896 0.085379
v 0.053824 0.007402 0.085372
v 0.053824 0.007402 0.085372
v -0.087532 0.021761 0.085282
v -0.087532 0.021761 0.085282
v -0.087532 0.016359 0.085395
v -0.087532 0.008003 0.085156
v -0.087532 0.008003 0.085156
v 0.099466 0.014638 -0.083642
v 0.109604 0.013735 -0.083385
v 0.118356 0.012982 -0.082689
v 0.125053 0.012508 -0.081334
v 0.088611 0.015561 -0.083678
v 0.076399 0.007402 0.085372
v 0.076399 0.007402 0.085372
v 0.022030 0.011284 0.085156
v 0.022030 0.025124 0.085261
v 0.000000 0.025124 0.085261
v 0.022030 0.007423 0.085031
v 0.000000 0.007423 0.085031
v 0.076399 0.010896 0.085379
v 0.076399 0.010896 0.085379
v 0.044387 0.030782 0.083681
v 0.066550 0.029663 0.083681
v 0.088611 0.028101 0.083681
v 0.118305 0.012094 -0.082689
v 0.109557 0.012846 -0.083385
v 0.099423 0.013747 -0.083642
v 0.088570 0.014669 -0.083678
v 0.124999 0.011621 -0.081334
v 0.118356 0.025380 0.082914
v 0.109604 0.026234 0.083454
v 0.099466 0.027173 0.083653
v 0.125053 0.024710 0.081862
v 0.066550 0.017122 -0.083678
v 0.044387 0.018242 -0.083678
v 0.022197 0.018912 -0.083678
v 0.000000 0.019135 -0.083678
v 0.044347 0.017347 -0.083678
v 0.066508 0.016229 -0.083678
v 0.099437 0.026260 0.083653
v 0.109568 0.025322 0.083454
v 0.118313 0.024470 0.082914
v 0.125003 0.023801 0.081862
v 0.088586 0.027187 0.083681
v 0.132203 0.024134 0.071120
v 0.131408 0.024121 0.076709
v 0.129252 0.024298 0.080025
v 0.132316 0.024292 0.062460
v 0.044351 0.029866 0.083681
v 0.022173 0.030536 0.083681
v 0.000000 0.030759 0.083681
v 0.066519 0.028747 0.083681
v 0.000000 0.031676 0.083681
v 0.022197 0.031453 0.083681
v 0.132145 0.012827 -0.069186
v 0.131351 0.011926 -0.075194
v 0.129196 0.011542 -0.079028
v 0.132258 0.014302 -0.060354
v 0.000000 0.018241 -0.083678
v 0.022172 0.018018 -0.083678
v 0.129197 0.023389 0.080025
v 0.131351 0.023213 0.076709
v 0.132145 0.023226 0.071120
v 0.132258 0.023384 0.062460
v 0.132258 0.020793 -0.017035
v 0.132258 0.018622 -0.033582
v 0.132258 0.016334 -0.048294
v 0.132258 0.022473 0.000527
v 0.129252 0.012430 -0.079028
v 0.131408 0.012815 -0.075194
v 0.132203 0.013718 -0.069186
v 0.132316 0.015196 -0.060354
v 0.132316 0.024303 0.018254
v 0.132316 0.024602 0.035163
v 0.132316 0.024518 0.050236
v 0.132316 0.023382 0.000527
v 0.132316 0.017232 -0.048294
v 0.132316 0.019524 -0.033582
v 0.132316 0.021698 -0.017035
v 0.132258 0.023608 0.050236
v 0.132258 0.023692 0.035163
v 0.132258 0.023394 0.018254
v -0.099466 0.014638 -0.083642
v -0.109604 0.013735 -0.083385
v -0.118356 0.012982 -0.082689
v -0.088611 0.015561 -0.083678
v -0.125053 0.012508 -0.081334
v -0.045952 0.007423 0.085031
v -0.057801 0.007423 0.085031
v -0.022198 0.025124 0.085261
v -0.045072 0.025124 0.085262
v -0.021918 0.007423 0.085031
v -0.057801 0.017549 0.085395
v -0.057801 0.025124 0.085262
v -0.088611 0.028101 0.083681
v -0.066550 0.029663 0.083681
v -0.044387 0.030782 0.083681
v -0.118305 0.012094 -0.082689
v -0.109557 0.012846 -0.083385
v -0.099423 0.013747 -0.083642
v -0.124999 0.011621 -0.081334
v -0.088570 0.014669 -0.083678
v -0.118356 0.025380 0.082914
v -0.109604 0.026234 0.083454
v -0.099466 0.027173 0.083653
v -0.125053 0.024710 0.081862
v -0.044387 0.018242 -0.083678
v -0.066550 0.017122 -0.083678
v -0.022197 0.018912 -0.083678
v -0.066508 0.016229 -0.083678
v -0.044347 0.017347 -0.083678
v -0.099437 0.026260 0.083653
v -0.109568 0.025322 0.083454
v -0.118313 0.024470 0.082914
v -0.088586 0.027187 0.083681
v -0.125003 0.023801 0.081862
v -0.132203 0.024134 0.071120
v -0.131408 0.024121 0.076709
v -0.129252 0.024298 0.080025
v -0.132316 0.024292 0.062460
v -0.022173 0.030536 0.083681
v -0.044351 0.029866 0.083681
v -0.066519 0.028747 0.083681
v -0.022197 0.031453 0.083681
v -0.132145 0.012827 -0.069186
v -0.131351 0.011926 -0.075194
v -0.129196 0.011542 -0.079028
v -0.132258 0.014302 -0.060354
v -0.022172 0.018018 -0.083678
v -0.129197 0.023389 0.080025
v -0.131351 0.023213 0.076709
v -0.132145 0.023226 0.071120
v -0.132258 0.023384 0.062460
v -0.132258 0.020793 -0.017035
v -0.132258 0.018622 -0.033582
v -0.132258 0.016334 -0.048294
v -0.132258 0.022473 0.000527
v -0.129252 0.012430 -0.079028
v -0.131408 0.012815 -0.075194
v -0.132203 0.013718 -0.069186
v -0.132316 0.015196 -0.060354
v -0.132316 0.024303 0.018254
v -0.132316 0.024602 0.035163
v -0.132316 0.024518 0.050236
v -0.132316 0.023382 0.000527
v -0.132316 0.017232 -0.048294
v -0.132316 0.019524 -0.033582
v -0.132316 0.021698 -0.017035
v -0.132258 0.023608 0.050236
v -0.132258 0.023692 0.035163
v -0.132258 0.023394 0.018254
v 0.053824 0.010953 0.059974
v 0.053824 0.010953 0.059974
v 0.053824 0.007459 0.059966
v 0.053824 0.007459 0.059966
v 0.076399 0.007459 0.059966
v 0.076399 0.007459 0.059966
v 0.076399 0.010953 0.059974
v 0.076399 0.010953 0.059974
v -0.075906 0.021761 0.085299
v -0.075906 0.021761 0.085299
v -0.075906 0.008003 0.085189
v -0.075906 0.008003 0.085189
v -0.075906 0.016819 0.085395
v -0.087522 0.021789 0.075342
v -0.087522 0.021789 0.075342
v -0.087522 0.016388 0.075455
v -0.087522 0.008031 0.075215
v -0.087522 0.008031 0.075215
v -0.075895 0.021789 0.075358
v -0.075895 0.021789 0.075358
v -0.075895 0.008031 0.075249
v -0.075895 0.008031 0.075249
v -0.075895 0.016848 0.075455
v -0.087106 0.021369 0.085108
v -0.087106 0.008408 0.084884
v -0.087374 0.008144 0.084611
v -0.076311 0.008408 0.084914
v -0.076043 0.008144 0.084643
v -0.076311 0.021369 0.085109
v -0.081709 0.017907 0.080210
v -0.081172 0.017836 0.080210
v -0.080671 0.017628 0.080210
v -0.080241 0.017299 0.080210
v -0.079911 0.016869 0.080210
v -0.079704 0.016368 0.080210
v -0.079633 0.015831 0.080210
v -0.079704 0.015294 0.080210
v -0.079911 0.014793 0.080210
v -0.080241 0.014364 0.080210
v -0.080671 0.014034 0.080210
v -0.081172 0.013826 0.080210
v -0.081709 0.013756 0.080210
v -0.082246 0.013826 0.080210
v -0.082747 0.014034 0.080210
v -0.083176 0.014364 0.080210
v -0.083506 0.014793 0.080210
v -0.083714 0.015294 0.080210
v -0.083784 0.015831 0.080210
v -0.083714 0.016368 0.080210
v -0.083506 0.016869 0.080210
v -0.083176 0.017299 0.080210
v -0.082747 0.017628 0.080210
v -0.082246 0.017836 0.080210
v -0.081709 0.017907 0.080485
v -0.081172 0.017836 0.080485
v -0.080671 0.017628 0.080485
v -0.080241 0.017299 0.080485
v -0.079911 0.016869 0.080485
v -0.079704 0.016368 0.080485
v -0.079633 0.015831 0.080485
v -0.079704 0.015294 0.080485
v -0.079911 0.014793 0.080485
v -0.080241 0.014364 0.080485
v -0.080671 0.014034 0.080485
v -0.081172 0.013826 0.080485
v -0.081709 0.013756 0.080485
v -0.082246 0.013826 0.080485
v -0.082747 0.014034 0.080485
v -0.083176 0.014364 0.080485
v -0.083506 0.014793 0.080485
v -0.083714 0.015294 0.080485
v -0.083784 0.015831 0.080485
v -0.083714 0.016368 0.080485
v -0.083506 0.016869 0.080485
v -0.083176 0.017299 0.080485
v -0.082747 0.017628 0.080485
v -0.082246 0.017836 0.080485
v -0.081709 0.016850 0.080485
v -0.081445 0.016815 0.080485
v -0.081199 0.016714 0.080485
v -0.080988 0.016552 0.080485
v -0.080826 0.016341 0.080485
v -0.080725 0.016095 0.080485
v -0.080690 0.015831 0.080485
v -0.080725 0.015567 0.080485
v -0.080826 0.015322 0.080485
v -0.080988 0.015111 0.080485
v -0.081199 0.014949 0.080485
v -0.081445 0.014847 0.080485
v -0.081709 0.014812 0.080485
v -0.081973 0.014847 0.080485
v -0.082218 0.014949 0.080485
v -0.082429 0.015111 0.080485
v -0.082591 0.015322 0.080485
v -0.082693 0.015567 0.080485
v -0.082728 0.015831 0.080485
v -0.082693 0.016095 0.080485
v -0.082591 0.016341 0.080485
v -0.082429 0.016552 0.080485
v -0.082218 0.016714 0.080485
v -0.081973 0.016815 0.080485
vt 0.938591 0.124624
vt 0.930658 0.124624
vt 0.930658 0.176910
vt 0.938591 0.177057
vt 0.883055 0.124624
vt 0.875121 0.124624
vt 0.875121 0.175816
vt 0.883055 0.175930
vt 0.954459 0.124624
vt 0.946525 0.124624
vt 0.946525 0.177170
vt 0.954459 0.177240
vt 0.795783 0.124624
vt 0.787850 0.124624
vt 0.787850 0.177167
vt 0.795783 0.177053
vt 0.835452 0.124624
vt 0.827518 0.124624
vt 0.827518 0.176234
vt 0.835452 0.176049
vt 0.455080 0.808501
vt 0.484798 0.806856
vt 0.479366 0.806298
vt 0.922724 0.124624
vt 0.914790 0.124624
vt 0.914790 0.176553
vt 0.922724 0.176738
vt 0.859254 0.124624
vt 0.851320 0.124624
vt 0.851320 0.175797
vt 0.859254 0.175747
vt 0.890989 0.124624
vt 0.890989 0.176048
vt 0.779916 0.124624
vt 0.771982 0.124624
vt 0.771982 0.177264
vt 0.779916 0.177239
vt 0.867187 0.124624
vt 0.867187 0.175754
vt 0.819585 0.124624
vt 0.811651 0.124624
vt 0.811651 0.176660
vt 0.819585 0.176442
vt 0.906856 0.124624
vt 0.898923 0.124624
vt 0.898923 0.176196
vt 0.906856 0.176369
vt 0.843386 0.124624
vt 0.843386 0.175900
vt 0.803717 0.124624
vt 0.803717 0.176871
vt 0.962393 0.124624
vt 0.962393 0.177264
vt 0.937057 0.071055
vt 0.937842 0.077021
vt 0.937842 0.077021
vt 0.937057 0.071055
vt 0.405798 0.770854
vt 0.468732 0.769969
vt 0.468748 0.781142
vt 0.406193 0.781253
vt 0.492151 0.098409
vt 0.492140 0.112951
vt 0.428392 0.115641
vt 0.428476 0.102509
vt 0.391493 0.112413
vt 0.395508 0.118815
vt 0.468750 0.791667
vt 0.406250 0.791667
vt 0.468703 0.757482
vt 0.531087 0.757324
vt 0.530979 0.769914
vt 0.530931 0.781135
vt 0.530924 0.791667
vt 0.625000 0.789587
vt 0.625000 0.812500
vt 0.625000 0.812500
vt 0.625000 0.791088
vt 0.406194 0.467783
vt 0.468748 0.466483
vt 0.468732 0.477343
vt 0.405798 0.477986
vt 0.398329 0.136827
vt 0.429631 0.136721
vt 0.429688 0.147136
vt 0.398438 0.147135
vt 0.397569 0.127170
vt 0.429235 0.126323
vt 0.530925 0.477353
vt 0.584961 0.478215
vt 0.584961 0.488858
vt 0.530925 0.488291
vt 0.584961 0.457060
vt 0.584961 0.467577
vt 0.530924 0.466476
vt 0.530925 0.455861
vt 0.584961 0.499389
vt 0.530924 0.499089
vt 0.616211 0.468485
vt 0.616211 0.478926
vt 0.616211 0.489326
vt 0.616211 0.499636
vt 0.625000 0.672559
vt 0.625000 0.689468
vt 0.593750 0.689299
vt 0.593750 0.672559
vt 0.531250 0.689353
vt 0.593750 0.707125
vt 0.531250 0.707559
vt 0.584961 0.853715
vt 0.584961 0.872070
vt 0.584961 0.872070
vt 0.584961 0.853715
vt 0.468703 0.488246
vt 0.468714 0.499022
vt 0.870743 0.036324
vt 0.933243 0.035890
vt 0.933128 0.053241
vt 0.870736 0.054561
vt 0.531250 0.672559
vt 0.468960 0.689360
vt 0.468913 0.707614
vt 0.554681 0.081265
vt 0.617072 0.079945
vt 0.615885 0.096191
vt 0.554633 0.098189
vt 0.625000 0.708478
vt 0.964493 0.037243
vt 0.964493 0.057654
vt 0.648438 0.084358
vt 0.648438 0.105469
vt 0.624675 0.833333
vt 0.625000 0.833333
vt 0.625000 0.852431
vt 0.624675 0.852449
vt 0.593750 0.823485
vt 0.531250 0.823485
vt 0.531250 0.823485
vt 0.593750 0.823485
vt 0.625000 0.460413
vt 0.625000 0.437916
vt 0.625000 0.437645
vt 0.625000 0.458912
vt 0.492244 0.081423
vt 0.808406 0.036379
vt 0.808300 0.054719
vt 0.404955 0.487678
vt 0.468750 0.455871
vt 0.406250 0.457344
vt 0.375000 0.458333
vt 0.374892 0.468642
vt 0.405038 0.497468
vt 0.411953 0.689464
vt 0.410862 0.708444
vt 0.372070 0.486654
vt 0.368056 0.493056
vt 0.374132 0.478299
vt 0.343960 0.689470
vt 0.355849 0.689486
vt 0.355469 0.708623
vt 0.343913 0.708496
vt 0.370287 0.689518
vt 0.369195 0.708875
vt 0.683406 0.037261
vt 0.694962 0.037388
vt 0.694039 0.058106
vt 0.683290 0.057710
vt 0.708688 0.037640
vt 0.705819 0.058986
vt 0.333333 0.672559
vt 0.343967 0.672559
vt 0.333333 0.689468
vt 0.355903 0.672559
vt 0.370443 0.672559
vt 0.388889 0.672559
vt 0.388672 0.689522
vt 0.387153 0.708907
vt 0.726646 0.037672
vt 0.722125 0.059283
vt 0.389764 0.085690
vt 0.406069 0.085987
vt 0.385091 0.108399
vt 0.377984 0.084810
vt 0.376736 0.106337
vt 0.367235 0.084414
vt 0.367079 0.105577
vt 0.356771 0.084358
vt 0.356771 0.105469
vt 0.672826 0.037243
vt 0.672826 0.057654
vt 0.333333 0.708478
vt 0.750355 0.037209
vt 0.747640 0.057293
vt 0.468967 0.672559
vt 0.412109 0.672559
vt 0.431584 0.083997
vt 0.960405 0.081891
vt 0.807797 0.081891
vt 0.805501 0.059180
vt 0.957769 0.057595
vt 0.625000 0.468745
vt 0.625000 0.479130
vt 0.625000 0.479130
vt 0.625000 0.468745
vt 0.625000 0.489460
vt 0.625000 0.489460
vt 0.625000 0.479130
vt 0.625000 0.468745
vt 0.625000 0.489460
vt 0.625000 0.458333
vt 0.625000 0.468745
vt 0.625000 0.458333
vt 0.625000 0.479130
vt 0.625000 0.489460
vt 0.625000 0.499707
vt 0.625000 0.499707
vt 0.625000 0.499707
vt 0.625000 0.499707
vt 0.625000 0.672559
vt 0.625000 0.672412
vt 0.625000 0.689364
vt 0.625000 0.689319
vt 0.625000 0.499707
vt 0.625000 0.489460
vt 0.625000 0.489460
vt 0.625000 0.499707
vt 0.625000 0.479130
vt 0.625000 0.479130
vt 0.625000 0.468745
vt 0.625000 0.468745
vt 0.625000 0.458333
vt 0.625000 0.458333
vt 0.957037 0.043585
vt 0.805023 0.044414
vt 0.153017 0.618278
vt -0.003018 0.627360
vt 0.048055 0.540756
vt 0.174243 0.575623
vt 0.048055 0.517140
vt 0.185308 0.529381
vt 0.530924 0.509711
vt 0.468807 0.509662
vt 0.796006 0.730471
vt 0.647086 0.730471
vt 0.647086 0.710622
vt 0.796006 0.709850
vt 0.205575 0.074875
vt 0.204843 0.060865
vt 0.341352 0.060022
vt 0.343654 0.073258
vt 1.010922 0.730329
vt 1.008626 0.707618
vt 0.616211 0.852883
vt 0.584961 0.853715
vt 0.584961 0.832081
vt 0.616211 0.833333
vt 0.625000 0.397569
vt 0.624675 0.397551
vt 0.624729 0.388817
vt 0.625000 0.388889
vt 0.588962 0.756121
vt 0.586209 0.769535
vt 0.817951 0.049492
vt 0.819443 0.065319
vt 0.670523 0.066090
vt 0.670523 0.049898
vt 0.796006 0.756574
vt 1.010922 0.753945
vt 0.250000 0.689468
vt 0.270833 0.689468
vt 0.270833 0.708478
vt 0.250000 0.708478
vt 0.468750 0.395756
vt 0.468750 0.416051
vt 0.406250 0.416419
vt 0.406250 0.395802
vt 1.031585 0.048320
vt 1.032064 0.063086
vt 0.585117 0.781088
vt 0.612400 0.111589
vt 0.554525 0.112793
vt 0.584961 0.791667
vt 0.620327 0.757465
vt 0.617459 0.769930
vt 0.616367 0.781137
vt 0.616211 0.791667
vt 0.625000 0.812500
vt 0.624675 0.812500
vt 0.624674 0.791667
vt 0.625000 0.791667
vt 0.584961 0.812500
vt 0.489276 0.833333
vt 0.489276 0.812500
vt 0.468750 0.812500
vt 0.489276 0.812500
vt 0.489276 0.812500
vt 0.468750 0.812500
vt 0.616211 0.812500
vt 0.616211 0.509942
vt 0.584961 0.509837
vt 0.584961 0.396246
vt 0.584961 0.416348
vt 0.530924 0.416049
vt 0.530924 0.395774
vt 0.625000 0.835413
vt 0.625000 0.833912
vt 0.625000 0.812500
vt 0.625000 0.791594
vt 0.625000 0.833406
vt 0.625000 0.784722
vt 0.625000 0.812500
vt 0.625000 0.840278
vt 0.297534 0.689468
vt 0.315032 0.689468
vt 0.315323 0.708478
vt 0.297607 0.708478
vt 0.625000 0.509972
vt 0.624674 0.509971
vt 0.624674 0.499705
vt 0.622396 0.812500
vt 0.622396 0.833333
vt 0.625000 0.812500
vt 0.625000 0.833406
vt 0.622396 0.479070
vt 0.622396 0.489420
vt 0.622396 0.468668
vt 0.624675 0.479123
vt 0.624675 0.489455
vt 0.624674 0.468736
vt 0.616211 0.458049
vt 0.622396 0.458249
vt 0.624674 0.458323
vt 0.624674 0.468736
vt 0.624675 0.479123
vt 0.624675 0.489455
vt 0.625000 0.672559
vt 0.625000 0.689468
vt 0.622396 0.499686
vt 0.624674 0.499705
vt 0.589493 0.037243
vt 0.610326 0.037243
vt 0.610326 0.057654
vt 0.589493 0.057654
vt 0.637100 0.037243
vt 0.637100 0.057654
vt 0.270833 0.672559
vt 0.250000 0.672559
vt 0.297372 0.672559
vt 0.294271 0.084358
vt 0.321044 0.084358
vt 0.321044 0.105469
vt 0.294271 0.105469
vt 0.273438 0.084358
vt 0.273438 0.105469
vt 0.468750 0.375000
vt 0.406250 0.375000
vt 0.654816 0.037243
vt 0.654816 0.057654
vt 0.314389 0.672559
vt 0.338761 0.084358
vt 0.338761 0.105469
vt 0.468750 0.435730
vt 0.406250 0.436789
vt 0.375000 0.395833
vt 0.375000 0.416667
vt 0.584961 0.377930
vt 0.530925 0.375109
vt 0.625000 0.386791
vt 0.625000 0.396665
vt 0.625000 0.397280
vt 0.625000 0.388310
vt 0.375000 0.375000
vt 0.375000 0.437500
vt 0.584961 0.436585
vt 0.530925 0.435723
vt 0.408147 0.508625
vt 0.468913 0.520765
vt 0.410862 0.520430
vt 0.616211 0.397108
vt 0.617459 0.386791
vt 0.877604 0.044937
vt 0.898438 0.044937
vt 0.898438 0.063947
vt 0.877604 0.063947
vt 0.616211 0.437296
vt 0.616211 0.416596
vt 0.648438 0.099277
vt 0.643765 0.112934
vt 0.584961 0.520820
vt 0.530924 0.520782
vt 0.625002 0.781142
vt 0.625018 0.769969
vt 0.625145 0.770227
vt 0.625018 0.781174
vt 0.625054 0.757482
vt 0.625434 0.758224
vt 0.625452 0.770854
vt 0.625057 0.781253
vt 0.626411 0.760172
vt 0.625000 0.791667
vt 0.625000 0.781137
vt 0.625000 0.791667
vt 0.625000 0.769932
vt 0.625000 0.757376
vt 0.648438 0.112845
vt 0.648438 0.098261
vt 0.648528 0.098409
vt 0.648492 0.112951
vt 0.649161 0.099441
vt 0.648872 0.113692
vt 0.650951 0.102509
vt 0.649848 0.115641
vt 0.655382 0.112413
vt 0.651367 0.118815
vt 0.648890 0.126323
vt 0.649306 0.127170
vt 0.648494 0.136721
vt 0.648546 0.136827
vt 0.648438 0.147136
vt 0.648438 0.147136
vt 0.625000 0.791667
vt 0.625000 0.791667
vt 0.625109 0.530300
vt 0.625109 0.519919
vt 0.625868 0.520426
vt 0.625868 0.532238
vt 0.625106 0.509806
vt 0.625850 0.509536
vt 0.627930 0.520425
vt 0.627930 0.532949
vt 0.627891 0.508728
vt 0.625000 0.533258
vt 0.625000 0.527122
vt 0.625109 0.543183
vt 0.625000 0.519087
vt 0.625000 0.509750
vt 0.625000 0.499707
vt 0.625090 0.499638
vt 0.625723 0.499153
vt 0.627514 0.497716
vt 0.631944 0.493056
vt 0.631935 0.507997
vt 0.631944 0.520311
vt 0.631945 0.533036
vt 0.627930 0.547292
vt 0.631944 0.547440
vt 0.625868 0.546258
vt 0.625000 0.416667
vt 0.625000 0.416667
vt 0.625000 0.437518
vt 0.625000 0.458406
vt 0.625000 0.416667
vt 0.625000 0.438079
vt 0.625000 0.465278
vt 0.625000 0.416667
vt 0.625000 0.416667
vt 0.625000 0.437500
vt 0.625000 0.458333
vt 0.625000 0.414587
vt 0.625000 0.437084
vt 0.625000 0.437355
vt 0.625000 0.416088
vt 0.625000 0.760245
vt 0.625000 0.770344
vt 0.625000 0.770394
vt 0.625000 0.759477
vt 0.625000 0.779873
vt 0.625000 0.780797
vt 0.625000 0.769949
vt 0.625000 0.757578
vt 0.625000 0.781090
vt 0.648438 0.105469
vt 0.648438 0.115777
vt 0.648438 0.115714
vt 0.648438 0.105248
vt 0.625000 0.760308
vt 0.625000 0.769965
vt 0.625000 0.778320
vt 0.625000 0.781101
vt 0.625000 0.781090
vt 0.625000 0.791594
vt 0.625000 0.769643
vt 0.625000 0.769949
vt 0.625000 0.756544
vt 0.625000 0.757578
vt 0.648438 0.103700
vt 0.648438 0.114946
vt 0.648438 0.113047
vt 0.648438 0.099499
vt 0.625000 0.437482
vt 0.625000 0.416594
vt 0.625000 0.409722
vt 0.625000 0.436921
vt 0.622396 0.437439
vt 0.648438 0.097104
vt 0.648438 0.099499
vt 0.648438 0.113047
vt 0.648438 0.112013
vt 0.625000 0.437500
vt 0.625000 0.437482
vt 0.625000 0.458333
vt 0.625000 0.458333
vt 0.625000 0.397533
vt 0.625000 0.388817
vt 0.625000 0.381944
vt 0.625000 0.395833
vt 0.919271 0.044937
vt 0.940104 0.044937
vt 0.940104 0.063947
vt 0.919271 0.063947
vt 0.617459 0.863209
vt 0.622396 0.852575
vt 0.622830 0.861690
vt 0.625000 0.397533
vt 0.625000 0.416594
vt 0.625000 0.416667
vt 0.622396 0.416646
vt 0.624675 0.437492
vt 0.624674 0.416664
vt 0.624674 0.416664
vt 0.624675 0.437492
vt 0.648438 0.099277
vt 0.648282 0.112934
vt 0.960938 0.044937
vt 0.960938 0.063947
vt 0.940104 0.084358
vt 0.919271 0.084358
vt 0.960938 0.084358
vt 0.729167 0.672559
vt 0.729167 0.689468
vt 0.708333 0.689468
vt 0.708333 0.672559
vt 0.750000 0.672559
vt 0.750000 0.689468
vt 0.960938 0.105469
vt 0.940104 0.105469
vt 0.919271 0.105469
vt 0.625000 0.397117
vt 0.625000 0.397425
vt 0.849284 0.044986
vt 0.857639 0.044955
vt 0.857639 0.064092
vt 0.849284 0.064344
vt 0.867296 0.044939
vt 0.867296 0.063965
vt 0.857639 0.084810
vt 0.849284 0.085690
vt 0.867296 0.084414
vt 0.631944 0.672559
vt 0.638346 0.672559
vt 0.638346 0.689518
vt 0.631945 0.689522
vt 0.646701 0.672559
vt 0.646701 0.689486
vt 0.656359 0.672559
vt 0.656359 0.689470
vt 0.666667 0.672559
vt 0.666667 0.689468
vt 0.877604 0.084358
vt 0.877604 0.105469
vt 0.867296 0.105577
vt 0.857639 0.106337
vt 0.849284 0.108398
vt 0.842873 0.085987
vt 0.842882 0.112413
vt 0.842882 0.064375
vt 0.842882 0.044990
vt 0.898438 0.084358
vt 0.687500 0.672559
vt 0.687500 0.689468
vt 0.898438 0.105469
vt 0.625000 0.833333
vt 0.625000 0.812500
vt 0.625000 0.812500
vt 0.625000 0.833333
vt 0.625000 0.386791
vt 0.625000 0.388310
vt 0.625000 0.397551
vt 0.625000 0.388817
vt 0.625000 0.396701
vt 0.625000 0.381944
vt 0.625000 0.388889
vt 0.625000 0.397569
vt 0.625000 0.863209
vt 0.625000 0.852883
vt 0.625000 0.852575
vt 0.625000 0.861690
vt 0.625000 0.852449
vt 0.625000 0.861184
vt 0.625000 0.833333
vt 0.625000 0.853299
vt 0.625000 0.868056
vt 0.625000 0.833333
vt 0.648438 0.207918
vt 0.648438 0.188802
vt 0.648438 0.188802
vt 0.648438 0.207899
vt 0.648438 0.216652
vt 0.648438 0.216580
vt 0.625000 0.388817
vt 0.625054 0.489467
vt 0.625018 0.479565
vt 0.625145 0.479136
vt 0.625434 0.489080
vt 0.625002 0.470115
vt 0.625018 0.469144
vt 0.625452 0.478715
vt 0.626411 0.488148
vt 0.625057 0.468743
vt 0.625000 0.489568
vt 0.625000 0.479998
vt 0.625000 0.471675
vt 0.625109 0.468642
vt 0.625868 0.478299
vt 0.627930 0.486654
vt 0.625000 0.812500
vt 0.625000 0.812500
vt 0.648438 0.167969
vt 0.648438 0.167969
vt 0.624674 0.458323
vt 0.622830 0.770244
vt 0.622450 0.781176
vt 0.623752 0.758574
vt 0.624729 0.769930
vt 0.624681 0.781137
vt 0.624844 0.757465
vt 0.648438 0.101931
vt 0.647190 0.114043
vt 0.648438 0.099277
vt 0.648282 0.112934
vt 0.624729 0.769930
vt 0.624844 0.757465
vt 0.624681 0.781137
vt 0.622396 0.791667
vt 0.624675 0.791667
vt 0.625000 0.686837
vt 0.625000 0.708008
vt 0.625000 0.708328
vt 0.625000 0.688638
vt 0.964493 0.036773
vt 0.964493 0.058878
vt 0.964493 0.058069
vt 0.964493 0.037093
vt 0.625000 0.708459
vt 0.625000 0.689364
vt 0.964493 0.057706
vt 0.964493 0.037224
vt 0.625000 0.658407
vt 0.625000 0.684836
vt 0.625000 0.668311
vt 0.625000 0.707572
vt 0.964493 0.036337
vt 0.964493 0.059116
vt 0.648438 0.085820
vt 0.648438 0.112413
vt 0.648438 0.108398
vt 0.648438 0.085582
vt 0.648438 0.106337
vt 0.648438 0.084773
vt 0.648438 0.105577
vt 0.648438 0.084410
vt 0.622396 0.397422
vt 0.648438 0.080485
vt 0.648438 0.084410
vt 0.648438 0.105577
vt 0.964493 0.036053
vt 0.964493 0.037224
vt 0.964493 0.057706
vt 0.964493 0.053781
vt 0.625000 0.708459
vt 0.625000 0.707288
vt 0.625000 0.671380
vt 0.625000 0.672412
vt 0.624675 0.852449
vt 0.624729 0.861184
vt 0.624675 0.833333
vt 0.584961 0.872070
vt 0.625000 0.861111
vt 0.624729 0.861184
vt 0.625000 0.853335
vt 0.625000 0.852720
vt 0.624675 0.812500
vt 0.666667 0.510095
vt 0.687500 0.510095
vt 0.687500 0.520896
vt 0.666667 0.520896
vt 0.625000 0.863209
vt 0.625000 0.861690
vt 0.625000 0.852467
vt 0.625000 0.861184
vt 0.625000 0.854167
vt 0.625000 0.868056
vt 0.625000 0.852467
vt 0.625000 0.861184
vt 0.616211 0.533103
vt 0.616211 0.520851
vt 0.622396 0.520857
vt 0.622396 0.533104
vt 0.622396 0.509963
vt 0.624675 0.520859
vt 0.624675 0.533105
vt 0.624674 0.509971
vt 0.592448 0.621757
vt 0.625000 0.625000
vt 0.625000 0.635139
vt 0.593635 0.634777
vt 0.584961 0.533100
vt 0.616211 0.547440
vt 0.584961 0.547440
vt 0.625000 0.520860
vt 0.624675 0.520859
vt 0.625000 0.533105
vt 0.624675 0.533105
vt 0.625000 0.547440
vt 0.624674 0.547440
vt 0.625000 0.625000
vt 0.625000 0.619863
vt 0.625000 0.633673
vt 0.625000 0.635139
vt 0.622396 0.547440
vt 0.624674 0.547440
vt 0.622830 0.388310
vt 0.624675 0.397551
vt 0.624729 0.388817
vt 0.708333 0.510095
vt 0.729167 0.510095
vt 0.729167 0.520896
vt 0.708333 0.520896
vt 0.964493 0.037243
vt 0.964493 0.057654
vt 0.625000 0.689468
vt 0.625000 0.708478
vt 0.964493 0.037243
vt 0.964493 0.057654
vt 0.625000 0.689468
vt 0.625000 0.708478
vt 0.625000 0.672559
vt 0.625000 0.672559
vt 0.625000 0.708478
vt 0.964493 0.037243
vt 0.964493 0.057654
vt 0.648438 0.105469
vt 0.648438 0.084358
vt 0.648438 0.105469
vt 0.648438 0.084358
vt 0.648438 0.084358
vt 0.648438 0.105469
vt 0.620327 0.605178
vt 0.617459 0.583794
vt 0.622830 0.583675
vt 0.623752 0.604715
vt 0.616367 0.564409
vt 0.622450 0.564394
vt 0.624729 0.583794
vt 0.624844 0.605178
vt 0.624681 0.564409
vt 0.593750 0.467837
vt 0.625000 0.468745
vt 0.625000 0.458333
vt 0.593750 0.457344
vt 0.588962 0.603368
vt 0.625000 0.627923
vt 0.586209 0.583328
vt 0.585117 0.564351
vt 0.624681 0.564409
vt 0.625000 0.564316
vt 0.625000 0.583050
vt 0.624729 0.583794
vt 0.625000 0.602380
vt 0.624844 0.605178
vt 0.625000 0.627923
vt 0.625000 0.547440
vt 0.625000 0.564409
vt 0.625000 0.626670
vt 0.625000 0.627923
vt 0.625000 0.509972
vt 0.625000 0.520860
vt 0.625000 0.520860
vt 0.625000 0.509972
vt 0.625000 0.533105
vt 0.625000 0.533105
vt 0.625000 0.520860
vt 0.625000 0.509972
vt 0.625000 0.533105
vt 0.625000 0.509972
vt 0.625000 0.520860
vt 0.625000 0.533105
vt 0.625000 0.547440
vt 0.625000 0.547440
vt 0.625000 0.547440
vt 0.625000 0.547440
vt 0.625000 0.625000
vt 0.625000 0.635134
vt 0.625000 0.533105
vt 0.625000 0.520860
vt 0.625000 0.509972
vt 0.625000 0.635024
vt 0.625000 0.645057
vt 0.625000 0.645683
vt 0.625000 0.635102
vt 0.625000 0.655422
vt 0.625000 0.657370
vt 0.625000 0.645941
vt 0.625000 0.635134
vt 0.625000 0.658112
vt 0.625000 0.625000
vt 0.625000 0.634918
vt 0.625000 0.625000
vt 0.625000 0.644209
vt 0.625000 0.652248
vt 0.625000 0.658175
vt 0.625000 0.658112
vt 0.625000 0.645631
vt 0.625000 0.645941
vt 0.625000 0.625000
vt 0.625000 0.625000
vt -0.038813 0.250037
vt 0.094831 0.252291
vt 0.094834 0.289946
vt -0.038840 0.287589
vt 0.228504 0.253868
vt 0.228513 0.291577
vt 0.687500 0.500000
vt 0.666667 0.500000
vt 0.708333 0.500000
vt 0.228512 0.346891
vt 0.094816 0.345188
vt -0.038909 0.342695
vt 0.666667 0.631975
vt 0.687500 0.631975
vt 0.687500 0.645041
vt 0.666667 0.645041
vt 0.708333 0.631975
vt 0.708333 0.645041
vt 0.687500 0.658101
vt 0.666667 0.658101
vt 0.708333 0.658101
vt 0.687500 0.617500
vt 0.666667 0.617500
vt 0.708333 0.617500
vt 0.291667 0.510095
vt 0.312500 0.510095
vt 0.312500 0.520896
vt 0.291667 0.520896
vt 0.638346 0.508721
vt 0.646701 0.509643
vt 0.646701 0.520752
vt 0.638346 0.520480
vt 0.656359 0.510039
vt 0.656359 0.520878
vt 0.646701 0.533091
vt 0.638346 0.533057
vt 0.656359 0.533107
vt 0.638346 0.497070
vt 0.646701 0.499132
vt 0.656359 0.499892
vt 0.873885 0.046939
vt 0.872780 0.101852
vt 0.841590 0.101829
vt 0.842777 0.046825
vt 0.795819 0.101772
vt 0.797084 0.046719
vt 0.656359 0.547440
vt 0.646701 0.547440
vt 0.638346 0.547440
vt 0.638346 0.631975
vt 0.646702 0.631975
vt 0.646701 0.645041
vt 0.638346 0.645041
vt 0.656358 0.631975
vt 0.656359 0.645041
vt 0.646701 0.658101
vt 0.638346 0.658101
vt 0.656358 0.658101
vt 0.631944 0.617500
vt 0.638346 0.617500
vt 0.631944 0.631975
vt 0.646701 0.617500
vt 0.656359 0.617500
vt 0.631944 0.658101
vt 0.631944 0.645041
vt 0.750000 0.510095
vt 0.750000 0.520896
vt 0.362430 0.254795
vt 0.362435 0.292524
vt 0.496524 0.255097
vt 0.496524 0.292830
vt 0.729167 0.500000
vt 0.750000 0.500000
vt 0.496524 0.348176
vt 0.362437 0.347865
vt 0.729167 0.631975
vt 0.729167 0.645040
vt 0.750000 0.631975
vt 0.750000 0.645041
vt 0.729167 0.658101
vt 0.750000 0.658101
vt 0.729167 0.617500
vt 0.750000 0.617500
vt 0.250000 0.510095
vt 0.270833 0.510095
vt 0.270833 0.520896
vt 0.250000 0.520896
vt 0.964599 0.054719
vt 0.964602 0.036379
vt 0.965361 0.036637
vt 0.965343 0.055461
vt 0.625109 0.707614
vt 0.625109 0.689360
vt 0.625868 0.689392
vt 0.625868 0.707872
vt 0.967423 0.037209
vt 0.967384 0.057293
vt 0.627930 0.689464
vt 0.627930 0.708444
vt 0.648438 0.081317
vt 0.648544 0.081423
vt 0.964493 0.054613
vt 0.964493 0.036342
vt 0.625000 0.707577
vt 0.625000 0.689355
vt 0.625000 0.672559
vt 0.625109 0.672559
vt 0.625868 0.672559
vt 0.627930 0.672559
vt 0.838867 0.063912
vt 0.838867 0.044932
vt 0.838829 0.083997
vt 0.838451 0.102509
vt 0.649288 0.082165
vt 0.651329 0.083997
vt 0.625109 0.600572
vt 0.625109 0.581590
vt 0.625868 0.582163
vt 0.625868 0.600644
vt 0.625109 0.561555
vt 0.625868 0.563393
vt 0.627930 0.582422
vt 0.627930 0.600676
vt 0.627930 0.564136
vt 0.625000 0.617500
vt 0.625000 0.600514
vt 0.625109 0.617500
vt 0.625000 0.581120
vt 0.625000 0.559544
vt 0.631945 0.564242
vt 0.631944 0.582459
vt 0.631945 0.600681
vt 0.627930 0.617500
vt 0.625868 0.617500
vt 0.333333 0.510095
vt 0.333333 0.520896
vt 0.312500 0.533109
vt 0.291667 0.533109
vt 0.333333 0.533109
vt 0.312500 0.500000
vt 0.291667 0.500000
vt 0.333333 0.500000
vt 0.333333 0.547440
vt 0.312500 0.547440
vt 0.291667 0.547440
vt 0.292452 0.631975
vt 0.312500 0.631975
vt 0.312500 0.645041
vt 0.294250 0.645041
vt 0.333333 0.631975
vt 0.333333 0.645041
vt 0.312500 0.658101
vt 0.296310 0.658101
vt 0.333333 0.658101
vt 0.312500 0.617500
vt 0.291667 0.617500
vt 0.333333 0.617500
vt 0.291667 0.564242
vt 0.312500 0.564242
vt 0.312500 0.582459
vt 0.291667 0.582459
vt 0.270833 0.533109
vt 0.250000 0.533109
vt 0.270833 0.500000
vt 0.250000 0.500000
vt 0.270833 0.547440
vt 0.250000 0.547440
vt 0.250000 0.631975
vt 0.270833 0.631975
vt 0.270833 0.645040
vt 0.250000 0.645041
vt 0.270833 0.658101
vt 0.250000 0.658101
vt 0.270833 0.617500
vt 0.250000 0.617500
vt 0.250000 0.564242
vt 0.270833 0.564242
vt 0.270833 0.582459
vt 0.250000 0.582459
vt 0.468960 0.533093
vt 0.411953 0.533051
vt 0.382632 0.507968
vt 0.468967 0.547440
vt 0.412109 0.547440
vt 0.530924 0.533095
vt 0.530924 0.547440
vt 0.531196 0.617648
vt 0.531243 0.632081
vt 0.468967 0.631975
vt 0.468967 0.617500
vt 0.412109 0.631975
vt 0.468967 0.645041
vt 0.412109 0.645041
vt 0.388672 0.533035
vt 0.388889 0.547440
vt 0.387153 0.520301
vt 0.468967 0.658101
vt 0.412109 0.658101
vt 0.412109 0.617500
vt 0.388889 0.617500
vt 0.388889 0.631975
vt 0.531250 0.645077
vt 0.531250 0.658105
vt 0.530931 0.564247
vt 0.468967 0.564242
vt 0.412109 0.564242
vt 0.468967 0.582459
vt 0.412109 0.582459
vt 0.388889 0.658101
vt 0.388889 0.645041
vt 0.343797 0.510039
vt 0.354546 0.509643
vt 0.355469 0.520752
vt 0.343913 0.520878
vt 0.366326 0.508719
vt 0.369195 0.520478
vt 0.355849 0.533091
vt 0.343960 0.533107
vt 0.370287 0.533057
vt 0.343641 0.499892
vt 0.353299 0.499132
vt 0.361654 0.497070
vt 0.370443 0.547440
vt 0.355903 0.547440
vt 0.343967 0.547440
vt 0.343967 0.631975
vt 0.355903 0.631975
vt 0.355903 0.645041
vt 0.343967 0.645041
vt 0.370443 0.631975
vt 0.370443 0.645041
vt 0.355903 0.658101
vt 0.343967 0.658101
vt 0.370443 0.658101
vt 0.343967 0.617500
vt 0.355903 0.617500
vt 0.370443 0.617500
vt 0.593750 0.645964
vt 0.593750 0.658216
vt 0.625000 0.645978
vt 0.625000 0.658218
vt 0.530979 0.582496
vt 0.531087 0.600787
vt 0.531250 0.477360
vt 0.593750 0.478419
vt 0.531250 0.466485
vt 0.531250 0.395756
vt 0.468750 0.395756
vt 0.468750 0.416051
vt 0.531250 0.416051
vt 0.468967 0.600681
vt 0.343967 0.564242
vt 0.355903 0.564242
vt 0.355903 0.582459
vt 0.343967 0.582459
vt 0.370443 0.564242
vt 0.370443 0.582459
vt 0.355903 0.600681
vt 0.343967 0.600681
vt 0.370443 0.600681
vt 0.333333 0.564242
vt 0.388889 0.564242
vt 0.388889 0.582459
vt 0.388889 0.600681
vt 0.333333 0.600681
vt 0.333333 0.582459
vt 0.412109 0.600681
vt 0.405798 0.770854
vt 0.468732 0.769969
vt 0.468703 0.757482
vt 0.404955 0.760172
vt 0.270833 0.600681
vt 0.250000 0.600681
vt 0.291667 0.600681
vt 0.708333 0.564242
vt 0.729167 0.564242
vt 0.729167 0.582459
vt 0.708333 0.582459
vt 0.312500 0.600681
vt 0.666667 0.564242
vt 0.687500 0.564242
vt 0.687500 0.582459
vt 0.666667 0.582459
vt 0.625109 0.658101
vt 0.625109 0.645040
vt 0.625868 0.645041
vt 0.625868 0.658101
vt 0.625109 0.631975
vt 0.625868 0.631975
vt 0.627930 0.645041
vt 0.627930 0.658101
vt 0.627930 0.631975
vt 0.625000 0.658101
vt 0.625000 0.645041
vt 0.625000 0.631975
vt 0.750000 0.564242
vt 0.750000 0.582459
vt 0.729167 0.600681
vt 0.708333 0.600681
vt 0.750000 0.600681
vt 0.362424 0.423272
vt 0.228481 0.422265
vt 0.496524 0.423586
vt 0.625000 0.854167
vt 0.625000 0.874132
vt 0.625000 0.875000
vt 0.625000 0.855035
vt 0.638346 0.564242
vt 0.646702 0.564242
vt 0.646701 0.582459
vt 0.638346 0.582459
vt 0.656358 0.564242
vt 0.656359 0.582459
vt 0.646701 0.600681
vt 0.638346 0.600681
vt 0.656358 0.600681
vt 0.733422 0.101650
vt 0.734780 0.046544
vt 0.666667 0.600681
vt 0.687500 0.600681
vt 0.094748 0.420473
vt -0.039056 0.417817
vt 0.625000 0.812500
vt 0.625000 0.833912
vt 0.625000 0.840278
vt 0.625000 0.812500
vt 0.625000 0.564409
vt 0.625000 0.583794
vt 0.625000 0.583675
vt 0.625000 0.564394
vt 0.625000 0.605178
vt 0.625000 0.604715
vt 0.625000 0.583794
vt 0.625000 0.564409
vt 0.625000 0.605178
vt 0.625000 0.564409
vt 0.625000 0.583797
vt 0.625000 0.605377
vt 0.625000 0.631681
vt 0.625000 0.627923
vt 0.625000 0.626670
vt 0.625000 0.627923
vt 0.625000 0.468745
vt 0.625000 0.468745
vt 0.625000 0.458333
vt 0.625000 0.458333
vt 0.625000 0.605178
vt 0.625000 0.627923
vt 0.625000 0.583794
vt 0.625000 0.645978
vt 0.625000 0.658218
vt 0.625000 0.635139
vt 0.625000 0.645978
vt 0.625000 0.658218
vt 0.625000 0.635139
vt 0.625000 0.625000
vt 0.625000 0.625000
vt 0.625000 0.645978
vt 0.625000 0.658218
vt 0.625000 0.645442
vt 0.625000 0.632025
vt 0.625000 0.631992
vt 0.625000 0.645180
vt 0.625000 0.658501
vt 0.625000 0.617500
vt 0.625000 0.617500
vt 0.625000 0.600514
vt 0.625000 0.581120
vt 0.625000 0.581240
vt 0.625000 0.600529
vt 0.625000 0.673116
vt 0.625000 0.679240
vt 0.625000 0.659654
vt 0.625000 0.559544
vt 0.625000 0.560199
vt 0.625000 0.533258
vt 0.625000 0.538247
vt 0.964493 0.054718
vt 0.964493 0.037177
vt 0.964493 0.036481
vt 0.964493 0.054631
vt 0.625000 0.708412
vt 0.625000 0.692174
vt 0.625000 0.689755
vt 0.625000 0.707716
vt 0.625000 0.791088
vt 0.625000 0.784722
vt 0.648438 0.098261
vt 0.648438 0.081334
vt 0.648438 0.098261
vt 0.648438 0.081421
vt 0.625000 0.437645
vt 0.625000 0.460069
vt 0.625000 0.465278
vt 0.625000 0.437500
vt 0.625000 0.489460
vt 0.625000 0.479130
vt 0.625000 0.479130
vt 0.625000 0.489460
vt 0.625000 0.468745
vt 0.625000 0.468745
vt 0.625000 0.479130
vt 0.625000 0.489460
vt 0.625000 0.468745
vt 0.625000 0.458333
vt 0.625000 0.458333
vt 0.625000 0.458333
vt 0.625000 0.499707
vt 0.625000 0.499707
vt 0.625000 0.395833
vt 0.625000 0.416088
vt 0.625000 0.409722
vt 0.625000 0.394965
vt 0.625000 0.375000
vt 0.625000 0.375868
vt 0.625000 0.416667
vt 0.625000 0.395833
vt 0.625000 0.395833
vt 0.625000 0.416667
vt 0.625000 0.458406
vt 0.625000 0.437084
vt 0.625000 0.437355
vt 0.625000 0.458912
vt 0.625000 0.529928
vt 0.625000 0.519918
vt 0.625000 0.519918
vt 0.625000 0.529928
vt 0.625000 0.509854
vt 0.625000 0.509854
vt 0.625000 0.519918
vt 0.625000 0.529928
vt 0.625000 0.509854
vt 0.625000 0.778208
vt 0.625000 0.769064
vt 0.625000 0.769788
vt 0.625000 0.780721
vt 0.625000 0.539910
vt 0.625000 0.539910
vt 0.625000 0.539910
vt 0.625000 0.757268
vt 0.625000 0.757358
vt 0.648438 0.112827
vt 0.648438 0.112736
vt 0.625000 0.770227
vt 0.625000 0.769932
vt 0.625000 0.781137
vt 0.625000 0.781174
vt 0.625000 0.781253
vt 0.625000 0.770854
vt 0.625000 0.760172
vt 0.625000 0.758224
vt 0.625000 0.757376
vt 0.648438 0.112845
vt 0.648438 0.113693
vt 0.648438 0.099441
vt 0.625000 0.791667
vt 0.625000 0.781359
vt 0.625000 0.791667
vt 0.625000 0.771702
vt 0.625000 0.763346
vt 0.648438 0.118815
vt 0.648438 0.102509
vt 0.648438 0.115641
vt 0.625000 0.791667
vt 0.625000 0.791667
vt 0.625000 0.520564
vt 0.625000 0.519087
vt 0.625000 0.527122
vt 0.625000 0.532255
vt 0.625000 0.532999
vt 0.625000 0.520823
vt 0.625000 0.509967
vt 0.625000 0.509935
vt 0.625000 0.509750
vt 0.625000 0.499707
vt 0.625000 0.547292
vt 0.625000 0.499707
vt 0.625000 0.546258
vt 0.625000 0.836372
vt 0.625000 0.812500
vt 0.625000 0.812500
vt 0.625000 0.835070
vt 0.625000 0.413628
vt 0.625000 0.414931
vt 0.625000 0.875000
vt 0.625000 0.854167
vt 0.625000 0.854167
vt 0.625000 0.875000
vt 0.625000 0.375000
vt 0.625000 0.375000
vt 0.625000 0.416667
vt 0.625000 0.395833
vt 0.625000 0.416667
vt 0.625000 0.375000
vt 0.593750 0.875000
vt 0.593750 0.854167
vt 0.593750 0.854167
vt 0.593750 0.875000
vt 0.625000 0.833333
vt 0.625000 0.833333
vt 0.625000 0.875000
vt 0.625000 0.854167
vt 0.625000 0.833333
vt 0.625000 0.833333
vt 0.625000 0.479275
vt 0.625000 0.479998
vt 0.625000 0.489568
vt 0.625000 0.489478
vt 0.625000 0.489462
vt 0.625000 0.479148
vt 0.625000 0.468798
vt 0.625000 0.469161
vt 0.625000 0.471675
vt 0.051564 0.705031
vt 0.155129 0.706163
vt 0.133980 0.734390
vt 0.055386 0.734390
vt 0.625000 0.788629
vt 0.625000 0.789931
vt 0.964493 0.035564
vt 0.964493 0.035408
vt 0.964493 0.054496
vt 0.964493 0.055327
vt 0.964493 0.057128
vt 0.964493 0.035894
vt 0.625000 0.707129
vt 0.625000 0.685033
vt 0.625000 0.685806
vt 0.625000 0.706799
vt 0.625000 0.686204
vt 0.625000 0.706643
vt 0.625000 0.664253
vt 0.625000 0.665088
vt 0.648438 0.083832
vt 0.625000 0.662270
vt 0.648438 0.082031
vt 0.648438 0.081200
vt 0.625000 0.582459
vt 0.625000 0.601494
vt 0.625000 0.603363
vt 0.625000 0.583291
vt 0.625000 0.564245
vt 0.625000 0.563430
vt 0.625000 0.621757
vt 0.625000 0.618682
vt 0.625000 0.644697
vt 0.625000 0.655907
vt 0.625000 0.655180
vt 0.625000 0.645067
vt 0.625000 0.634665
vt 0.625000 0.632744
vt 0.625000 0.665088
vt 0.625000 0.655171
vt 0.625000 0.665309
vt 0.625000 0.645879
vt 0.625000 0.637841
vt 0.625000 0.666857
vt 0.625000 0.655171
vt 0.625000 0.655907
vt 0.625000 0.644697
vt 0.625000 0.645879
vt 0.206975 0.054690
vt 0.269529 0.054580
vt 0.269513 0.043407
vt 0.206579 0.044291
vt 0.172573 0.066421
vt 0.048088 0.072388
vt 0.055457 0.035596
vt 0.168751 0.037063
vt 0.391493 0.112413
vt 0.395508 0.118815
vt 0.428392 0.115641
vt 0.428476 0.102509
vt 0.397569 0.127170
vt 0.429235 0.126323
vt 0.398329 0.136827
vt 0.429631 0.136721
vt -0.033930 0.046301
vt 0.020938 0.046649
vt 0.075001 0.060500
vt -0.038293 0.059034
vt 0.492140 0.112951
vt 0.492151 0.098409
vt 0.593750 0.833333
vt 0.593750 0.833333
vt 0.172573 0.122911
vt 0.053728 0.117058
vt 0.332031 0.054575
vt 0.332031 0.043370
vt 0.531250 0.769933
vt 0.531250 0.757376
vt 0.405798 0.477986
vt 0.468732 0.477343
vt 0.468748 0.466483
vt 0.406194 0.467783
vt 0.531250 0.488296
vt 0.593750 0.488992
vt 0.593750 0.499460
vt 0.531250 0.499092
vt 0.468703 0.488246
vt 0.468714 0.499022
vt 0.270833 0.708478
vt 0.270833 0.689468
vt 0.531250 0.455871
vt 0.593750 0.689355
vt 0.625000 0.689353
vt 0.625000 0.672559
vt 0.593750 0.672559
vt 0.625000 0.499707
vt 0.625000 0.489460
vt 0.625000 0.479130
vt 0.531250 0.707577
vt 0.593750 0.707577
vt 0.531250 0.689355
vt 0.870743 0.054613
vt 0.933243 0.054613
vt 0.933243 0.036342
vt 0.870743 0.036342
vt 0.617188 0.098261
vt 0.617188 0.081317
vt 0.554688 0.081317
vt 0.554688 0.098261
vt 0.468960 0.689360
vt 0.468913 0.707614
vt 0.808406 0.036379
vt 0.808300 0.054719
vt 0.492244 0.081423
vt 0.531250 0.435730
vt 0.468750 0.435730
vt 0.468750 0.455871
vt 0.531250 0.672559
vt 0.623644 0.852883
vt 0.593750 0.854167
vt 0.593750 0.875000
vt 0.648438 0.098189
vt 0.648438 0.081265
vt 0.964493 0.054561
vt 0.964493 0.036324
vt 0.625000 0.707559
vt 0.440516 0.875000
vt 0.440516 0.854167
vt 0.440516 0.854167
vt 0.440516 0.875000
vt 0.404955 0.487678
vt 0.405038 0.497468
vt 0.375000 0.458333
vt 0.374892 0.468642
vt 0.406250 0.457344
vt 0.374132 0.478299
vt 0.372070 0.486654
vt 0.368056 0.493056
vt 0.410862 0.708444
vt 0.411953 0.689464
vt 0.343960 0.689470
vt 0.343913 0.708496
vt 0.355469 0.708623
vt 0.355849 0.689486
vt 0.683406 0.037261
vt 0.683290 0.057710
vt 0.694039 0.058106
vt 0.694962 0.037388
vt 0.369195 0.708875
vt 0.370287 0.689518
vt 0.705819 0.058986
vt 0.708688 0.037640
vt 0.333333 0.672559
vt 0.333333 0.689468
vt 0.343967 0.672559
vt 0.333333 0.708478
vt 0.672826 0.037243
vt 0.672826 0.057654
vt 0.356771 0.084358
vt 0.356771 0.105469
vt 0.367079 0.105577
vt 0.367235 0.084414
vt 0.376736 0.106337
vt 0.377984 0.084810
vt 0.385091 0.108399
vt 0.389764 0.085690
vt 0.406069 0.085987
vt 0.722125 0.059283
vt 0.726646 0.037672
vt 0.387153 0.708907
vt 0.388672 0.689522
vt 0.370443 0.672559
vt 0.388889 0.672559
vt 0.355903 0.672559
vt 0.747640 0.057293
vt 0.750355 0.037209
vt 0.431584 0.083997
vt 0.412109 0.672559
vt 0.468967 0.672559
vt 0.336458 0.730471
vt 0.256365 0.730471
vt 0.256365 0.707268
vt 0.336597 0.708149
vt 0.625000 0.470118
vt 0.625000 0.469161
vt 0.625000 0.479275
vt 0.625000 0.479582
vt 0.625000 0.468797
vt 0.625000 0.479148
vt 0.625000 0.489478
vt 0.625000 0.489516
vt 0.625000 0.489462
vt 0.625000 0.465278
vt 0.625000 0.460413
vt 0.625000 0.471675
vt 0.625000 0.458912
vt 0.625000 0.458406
vt 0.625000 0.479130
vt 0.625000 0.479148
vt 0.625000 0.468797
vt 0.625000 0.489460
vt 0.625000 0.489462
vt 0.625000 0.499707
vt 0.625000 0.499707
vt 0.625000 0.689468
vt 0.625000 0.689193
vt 0.625000 0.672412
vt 0.625000 0.672559
vt 0.625000 0.499707
vt 0.625000 0.499707
vt 0.625000 0.499707
vt 0.625000 0.489568
vt 0.625000 0.499707
vt 0.625000 0.479998
vt 0.178847 0.047623
vt 0.279803 0.062737
vt 0.178567 0.061631
vt 0.360428 0.048598
vt 0.360034 0.063618
vt 0.453592 0.808749
vt 0.531250 0.807963
vt 0.531250 0.807963
vt 0.453592 0.808749
vt 0.468807 0.509662
vt 0.531250 0.509712
vt 0.625000 0.791667
vt 0.625000 0.791667
vt 0.625000 0.812500
vt 0.625000 0.812500
vt 0.498922 0.730471
vt 0.499363 0.709850
vt 0.440516 0.854167
vt 0.440516 0.854167
vt 0.623644 0.397117
vt 0.593750 0.395802
vt 0.593750 0.416419
vt 0.625000 0.416667
vt 0.625000 0.833333
vt 0.625000 0.833333
vt 0.625000 0.852575
vt 0.625000 0.852883
vt 0.593750 0.769932
vt 0.593750 0.757376
vt 0.523095 0.049492
vt 0.522800 0.065319
vt 0.440516 0.823485
vt 0.440516 0.833333
vt 0.440516 0.833333
vt 0.440516 0.823485
vt 0.406250 0.395802
vt 0.406250 0.416419
vt 0.389088 0.054575
vt 0.394531 0.043370
vt 0.172573 0.159424
vt 0.069594 0.154679
vt 0.554688 0.112845
vt 0.617188 0.112845
vt 0.625000 0.812500
vt 0.593750 0.823485
vt 0.593750 0.833333
vt 0.625000 0.833333
vt 0.384943 0.069729
vt 0.425781 0.065104
vt 0.425781 0.054573
vt 0.588307 0.781137
vt 0.625000 0.781135
vt 0.625000 0.769914
vt 0.625000 0.757324
vt 0.471568 0.854160
vt 0.471568 0.854160
vt 0.256365 0.798921
vt 0.133980 0.793990
vt 0.593750 0.509867
vt 0.625000 0.509972
vt 0.666667 0.510095
vt 0.666667 0.520896
vt 0.687500 0.520896
vt 0.687500 0.510095
vt 0.625000 0.791667
vt 0.625000 0.812500
vt 0.625000 0.833333
vt 0.625000 0.812500
vt 0.625000 0.833333
vt 0.291667 0.689468
vt 0.291667 0.708478
vt 0.312500 0.708478
vt 0.312500 0.689468
vt 0.625000 0.833333
vt 0.625000 0.812500
vt 0.625000 0.812500
vt 0.625000 0.791667
vt 0.625000 0.791667
vt 0.625000 0.812500
vt 0.625000 0.509972
vt 0.625000 0.499707
vt 0.625000 0.509972
vt 0.625000 0.791667
vt 0.625000 0.489460
vt 0.625000 0.479130
vt 0.625000 0.489460
vt 0.625000 0.479130
vt 0.625000 0.468745
vt 0.625000 0.468745
vt 0.625000 0.499707
vt 0.625000 0.499707
vt 0.625000 0.689299
vt 0.625000 0.672559
vt 0.625000 0.489460
vt 0.625000 0.479130
vt 0.625000 0.458333
vt 0.625000 0.458333
vt 0.610326 0.057654
vt 0.610326 0.037243
vt 0.631160 0.057654
vt 0.631160 0.037243
vt 0.294271 0.105469
vt 0.294271 0.084358
vt 0.406250 0.375000
vt 0.315104 0.105469
vt 0.315104 0.084358
vt 0.270833 0.672559
vt 0.291667 0.672559
vt 0.651993 0.057654
vt 0.651993 0.037243
vt 0.335938 0.105469
vt 0.335938 0.084358
vt 0.406250 0.436789
vt 0.312500 0.672559
vt 0.375000 0.395833
vt 0.375000 0.416667
vt 0.531250 0.375000
vt 0.593750 0.375000
vt 0.625000 0.397425
vt 0.625000 0.397117
vt 0.375000 0.437500
vt 0.593750 0.436789
vt 0.625000 0.458333
vt 0.625000 0.458333
vt 0.625000 0.437355
vt 0.625000 0.437084
vt 0.410862 0.520430
vt 0.468913 0.520765
vt 0.408147 0.508626
vt 0.625000 0.437500
vt 0.708333 0.510095
vt 0.708333 0.520896
vt 0.729167 0.520896
vt 0.729167 0.510095
vt 0.648438 0.112793
vt 0.877604 0.044937
vt 0.877604 0.063947
vt 0.898437 0.063947
vt 0.898438 0.044937
vt 0.531250 0.520783
vt 0.593750 0.520829
vt 0.625000 0.779765
vt 0.625000 0.780722
vt 0.625000 0.769788
vt 0.625000 0.769480
vt 0.625000 0.781085
vt 0.625000 0.769914
vt 0.625000 0.757358
vt 0.625000 0.757320
vt 0.625000 0.757374
vt 0.625000 0.784722
vt 0.625000 0.789587
vt 0.625000 0.778208
vt 0.625000 0.791088
vt 0.625000 0.791594
vt 0.648438 0.147063
vt 0.648438 0.147136
vt 0.648438 0.136606
vt 0.648438 0.136554
vt 0.648438 0.125401
vt 0.648438 0.125383
vt 0.648438 0.112845
vt 0.648438 0.112843
vt 0.648438 0.098261
vt 0.648438 0.098261
vt 0.648438 0.112827
vt 0.648438 0.098261
vt 0.648438 0.112788
vt 0.648438 0.098261
vt 0.648438 0.112736
vt 0.648438 0.098261
vt 0.625000 0.769064
vt 0.625000 0.757268
vt 0.625000 0.533105
vt 0.625000 0.533105
vt 0.625000 0.520860
vt 0.625000 0.520860
vt 0.625000 0.533105
vt 0.625000 0.520860
vt 0.625000 0.509972
vt 0.625000 0.509972
vt 0.625000 0.509972
vt 0.625000 0.547440
vt 0.625000 0.547440
vt 0.625000 0.533105
vt 0.625000 0.547440
vt 0.625000 0.547440
vt 0.625000 0.547440
vt 0.625000 0.533105
vt 0.625000 0.520860
vt 0.625000 0.509972
vt 0.625000 0.499707
vt 0.625000 0.499707
vt 0.625000 0.499707
vt 0.625000 0.499707
vt 0.625000 0.509972
vt 0.625000 0.499707
vt 0.625000 0.520860
vt 0.625000 0.458333
vt 0.625000 0.437482
vt 0.625000 0.416088
vt 0.625000 0.414587
vt 0.625000 0.416594
vt 0.625000 0.437500
vt 0.625000 0.458333
vt 0.625000 0.416667
vt 0.625000 0.416667
vt 0.625000 0.437645
vt 0.625000 0.437916
vt 0.625000 0.416667
vt 0.625000 0.436921
vt 0.625000 0.409722
vt 0.625000 0.458333
vt 0.625000 0.757324
vt 0.625000 0.756960
vt 0.625000 0.769788
vt 0.625000 0.769914
vt 0.625000 0.756121
vt 0.625000 0.769535
vt 0.625000 0.781119
vt 0.625000 0.781135
vt 0.625000 0.781088
vt 0.648438 0.098261
vt 0.648438 0.098189
vt 0.648438 0.112793
vt 0.648438 0.112845
vt 0.648438 0.097683
vt 0.648438 0.112429
vt 0.648438 0.096191
vt 0.648438 0.111589
vt 0.625000 0.770244
vt 0.625000 0.769535
vt 0.625000 0.756121
vt 0.625000 0.758574
vt 0.625000 0.781176
vt 0.625000 0.781088
vt 0.625000 0.781137
vt 0.625000 0.769932
vt 0.625000 0.757376
vt 0.625000 0.416667
vt 0.625000 0.437518
vt 0.625000 0.438079
vt 0.625000 0.437500
vt 0.625000 0.437500
vt 0.625000 0.416667
vt 0.625000 0.416667
vt 0.625000 0.437500
vt 0.625000 0.437518
vt 0.625000 0.416667
vt 0.648438 0.114043
vt 0.648438 0.111589
vt 0.648438 0.096191
vt 0.648438 0.101931
vt 0.625000 0.416667
vt 0.625000 0.397551
vt 0.625000 0.396701
vt 0.919271 0.044937
vt 0.919271 0.063947
vt 0.940104 0.063947
vt 0.940104 0.044937
vt 0.624566 0.852575
vt 0.625000 0.397551
vt 0.625000 0.397569
vt 0.625000 0.437500
vt 0.625000 0.416667
vt 0.625000 0.416667
vt 0.648438 0.096191
vt 0.648438 0.111589
vt 0.625000 0.833333
vt 0.625000 0.833333
vt 0.919271 0.084358
vt 0.940104 0.084358
vt 0.919271 0.105469
vt 0.940104 0.105469
vt 0.625000 0.397280
vt 0.625000 0.396665
vt 0.729167 0.672559
vt 0.729167 0.689468
vt 0.708333 0.672559
vt 0.708333 0.689468
vt 0.846354 0.044937
vt 0.846354 0.063947
vt 0.856771 0.063947
vt 0.856771 0.044937
vt 0.846354 0.084358
vt 0.856771 0.084358
vt 0.867188 0.063947
vt 0.867188 0.044937
vt 0.867188 0.084358
vt 0.625000 0.672559
vt 0.625000 0.689468
vt 0.635417 0.689468
vt 0.635417 0.672559
vt 0.835938 0.044937
vt 0.835938 0.063947
vt 0.835938 0.084358
vt 0.835938 0.105469
vt 0.846354 0.105469
vt 0.856771 0.105469
vt 0.867188 0.105469
vt 0.877604 0.105469
vt 0.877604 0.084358
vt 0.656250 0.672559
vt 0.656250 0.689468
vt 0.666667 0.689468
vt 0.666667 0.672559
vt 0.645833 0.672559
vt 0.645833 0.689468
vt 0.898438 0.084358
vt 0.898438 0.105469
vt 0.625000 0.835413
vt 0.625000 0.833912
vt 0.625000 0.812500
vt 0.625000 0.812500
vt 0.687500 0.672559
vt 0.687500 0.689468
vt 0.625000 0.397533
vt 0.625000 0.397569
vt 0.625000 0.852720
vt 0.625000 0.853335
vt 0.625000 0.395833
vt 0.625000 0.852467
vt 0.625000 0.833406
vt 0.648438 0.207899
vt 0.648438 0.207936
vt 0.648438 0.188802
vt 0.648438 0.188875
vt 0.625000 0.854167
vt 0.625000 0.840278
vt 0.625000 0.489460
vt 0.625000 0.489460
vt 0.625000 0.479130
vt 0.625000 0.479130
vt 0.625000 0.489460
vt 0.625000 0.479130
vt 0.625000 0.468745
vt 0.625000 0.468745
vt 0.625000 0.468745
vt 0.625000 0.489460
vt 0.625000 0.489460
vt 0.625000 0.479130
vt 0.625000 0.468745
vt 0.625000 0.468745
vt 0.625000 0.479130
vt 0.625000 0.812500
vt 0.648438 0.167969
vt 0.648438 0.167969
vt 0.625000 0.458406
vt 0.625000 0.812500
vt 0.625000 0.781119
vt 0.625000 0.769788
vt 0.625000 0.781088
vt 0.625000 0.769535
vt 0.625000 0.756960
vt 0.625000 0.756121
vt 0.625000 0.791667
vt 0.625000 0.791667
vt 0.625000 0.791667
vt 0.576433 0.806988
vt 0.625000 0.781088
vt 0.625000 0.791667
vt 0.625000 0.769535
vt 0.625000 0.756121
vt 0.648438 0.112429
vt 0.648438 0.111589
vt 0.648438 0.096191
vt 0.648438 0.097683
vt 0.625000 0.686672
vt 0.625000 0.688490
vt 0.625000 0.707138
vt 0.625000 0.706692
vt 0.625000 0.689193
vt 0.625000 0.707088
vt 0.964493 0.035457
vt 0.964493 0.035903
vt 0.964493 0.054160
vt 0.964493 0.054453
vt 0.964493 0.035853
vt 0.964493 0.053236
vt 0.625000 0.658407
vt 0.625000 0.668311
vt 0.625000 0.684670
vt 0.625000 0.671380
vt 0.625000 0.672412
vt 0.625000 0.708478
vt 0.625000 0.707088
vt 0.964493 0.057654
vt 0.964493 0.053236
vt 0.964493 0.035853
vt 0.964493 0.037243
vt 0.648438 0.105469
vt 0.648438 0.079940
vt 0.648438 0.084358
vt 0.625000 0.852431
vt 0.625000 0.852449
vt 0.648438 0.080864
vt 0.648438 0.079940
vt 0.648438 0.081157
vt 0.648438 0.081150
vt 0.964493 0.035007
vt 0.964493 0.054446
vt 0.625000 0.706242
vt 0.624946 0.852449
vt 0.625000 0.833333
vt 0.624946 0.852449
vt 0.625000 0.833333
vt 0.625000 0.812500
vt 0.625000 0.812500
vt 0.625000 0.852449
vt 0.624566 0.397425
vt 0.625000 0.853299
vt 0.625000 0.533105
vt 0.625000 0.533105
vt 0.625000 0.520860
vt 0.625000 0.520860
vt 0.625000 0.533105
vt 0.625000 0.520860
vt 0.625000 0.509972
vt 0.625000 0.509972
vt 0.593750 0.631975
vt 0.625000 0.632081
vt 0.625000 0.617647
vt 0.593750 0.617500
vt 0.625000 0.547440
vt 0.625000 0.547440
vt 0.625000 0.547440
vt 0.625000 0.635139
vt 0.625000 0.625000
vt 0.625000 0.621757
vt 0.625000 0.634777
vt 0.625000 0.547440
vt 0.625000 0.547440
vt 0.625000 0.533105
vt 0.625000 0.533105
vt 0.625000 0.520860
vt 0.625000 0.520860
vt 0.593750 0.533101
vt 0.593750 0.547440
vt 0.624946 0.397551
vt 0.624946 0.397551
vt 0.964493 0.054197
vt 0.964493 0.036197
vt 0.964493 0.053241
vt 0.964493 0.035890
vt 0.625000 0.707432
vt 0.625000 0.689337
vt 0.625000 0.707125
vt 0.625000 0.689299
vt 0.648438 0.080901
vt 0.648438 0.079945
vt 0.648438 0.079945
vt 0.964493 0.053241
vt 0.964493 0.035890
vt 0.625000 0.707125
vt 0.625000 0.672559
vt 0.625000 0.672559
vt 0.625000 0.600787
vt 0.625000 0.601530
vt 0.625000 0.582754
vt 0.625000 0.582496
vt 0.625000 0.603368
vt 0.625000 0.583328
vt 0.625000 0.564279
vt 0.625000 0.564247
vt 0.625000 0.564351
vt 0.625000 0.618682
vt 0.625000 0.621757
vt 0.625000 0.564394
vt 0.625000 0.564249
vt 0.625000 0.547292
vt 0.625000 0.626670
vt 0.625000 0.604715
vt 0.625000 0.603368
vt 0.625000 0.583675
vt 0.625000 0.583328
vt 0.625000 0.564351
vt 0.593750 0.564242
vt 0.593750 0.582459
vt 0.593750 0.600681
vt 0.625000 0.509856
vt 0.625000 0.509935
vt 0.625000 0.520564
vt 0.625000 0.519936
vt 0.625000 0.509967
vt 0.625000 0.520823
vt 0.625000 0.532255
vt 0.625000 0.530302
vt 0.625000 0.532998
vt 0.625000 0.509750
vt 0.625000 0.520823
vt 0.625000 0.509967
vt 0.625000 0.532998
vt 0.625000 0.634878
vt 0.625000 0.621904
vt 0.625000 0.547292
vt 0.625000 0.546258
vt 0.625000 0.543183
vt 0.625000 0.527122
vt 0.625000 0.533258
vt 0.625000 0.519087
vt 0.625000 0.634768
vt 0.625000 0.633637
vt 0.625000 0.645337
vt 0.625000 0.645079
vt 0.625000 0.634878
vt 0.625000 0.645964
vt 0.625000 0.657327
vt 0.625000 0.655425
vt 0.625000 0.658115
vt 0.625000 0.631681
vt 0.625000 0.621904
vt 0.625000 0.637736
vt 0.625000 0.619863
vt 0.625000 0.621904
vt 0.625000 0.645978
vt 0.625000 0.645964
vt 0.625000 0.658218
vt 0.625000 0.658115
vt 0.625000 0.652352
vt 0.625000 0.645044
vt 1.031862 0.250037
vt 1.031889 0.287589
vt 0.898214 0.289946
vt 0.898218 0.252291
vt 0.764535 0.291577
vt 0.764544 0.253868
vt 0.898233 0.345188
vt 1.031958 0.342695
vt 0.666667 0.631975
vt 0.666667 0.645041
vt 0.687500 0.645041
vt 0.687500 0.631975
vt 0.764537 0.346891
vt 0.687500 0.500000
vt 0.708333 0.500000
vt 0.666667 0.500000
vt 0.666667 0.658101
vt 0.687500 0.658101
vt 0.708333 0.645041
vt 0.708333 0.631975
vt 0.708333 0.658101
vt 0.291667 0.510095
vt 0.291667 0.520896
vt 0.312500 0.520896
vt 0.312500 0.510095
vt 0.687500 0.617500
vt 0.708333 0.617500
vt 0.666667 0.617500
vt 0.635417 0.510095
vt 0.635417 0.520896
vt 0.645833 0.520896
vt 0.645833 0.510095
vt 0.635417 0.533109
vt 0.645833 0.533109
vt 0.656250 0.520896
vt 0.656250 0.510095
vt 0.656250 0.533109
vt 0.625000 0.500000
vt 0.625000 0.510095
vt 0.635417 0.500000
vt 0.635417 0.547440
vt 0.645833 0.547440
vt 0.656250 0.547440
vt 0.970995 0.072233
vt 0.971122 0.127244
vt 0.904842 0.128768
vt 0.904773 0.073661
vt 0.970858 0.034781
vt 0.904745 0.036110
vt 0.656250 0.500000
vt 0.645833 0.500000
vt 0.635417 0.631975
vt 0.635417 0.645040
vt 0.645833 0.645041
vt 0.645833 0.631975
vt 0.635417 0.658101
vt 0.645833 0.658101
vt 0.656250 0.645041
vt 0.656250 0.631975
vt 0.656250 0.658101
vt 0.625000 0.617500
vt 0.625000 0.631975
vt 0.635417 0.617500
vt 0.625000 0.645041
vt 0.625000 0.658101
vt 0.656250 0.617500
vt 0.645833 0.617500
vt 0.630613 0.292524
vt 0.630618 0.254795
vt 0.630612 0.347865
vt 0.729167 0.645040
vt 0.729167 0.631975
vt 0.729167 0.500000
vt 0.729167 0.658101
vt 0.270833 0.520896
vt 0.270833 0.510095
vt 0.729167 0.617500
vt 0.964493 0.054668
vt 0.964493 0.054631
vt 0.964493 0.036481
vt 0.964493 0.036777
vt 0.964493 0.054615
vt 0.964493 0.036360
vt 0.625000 0.708012
vt 0.625000 0.707716
vt 0.625000 0.689756
vt 0.625000 0.690675
vt 0.625000 0.707595
vt 0.625000 0.689405
vt 0.648438 0.081371
vt 0.648438 0.081421
vt 0.648438 0.081334
vt 0.648438 0.081319
vt 0.835938 0.098261
vt 0.835938 0.098261
vt 0.835938 0.081317
vt 0.835938 0.081319
vt 0.835938 0.063046
vt 0.835938 0.063063
vt 0.835938 0.044824
vt 0.835938 0.044874
vt 0.625000 0.689355
vt 0.625000 0.672629
vt 0.625000 0.673116
vt 0.625000 0.674550
vt 0.625000 0.692174
vt 0.625000 0.679240
vt 0.625000 0.708412
vt 0.964493 0.054718
vt 0.964493 0.037177
vt 0.625000 0.600681
vt 0.625000 0.600681
vt 0.625000 0.582459
vt 0.625000 0.582459
vt 0.625000 0.600681
vt 0.625000 0.582459
vt 0.625000 0.564242
vt 0.625000 0.564242
vt 0.625000 0.564242
vt 0.625000 0.617500
vt 0.625000 0.617500
vt 0.625000 0.600681
vt 0.625000 0.617500
vt 0.625000 0.617500
vt 0.625000 0.600681
vt 0.625000 0.582459
vt 0.625000 0.564242
vt 0.625000 0.564242
vt 0.625000 0.582459
vt 0.291667 0.533109
vt 0.312500 0.533109
vt 0.333333 0.520896
vt 0.333333 0.510095
vt 0.333333 0.533109
vt 0.312500 0.547440
vt 0.291667 0.547440
vt 0.291667 0.631975
vt 0.291667 0.645041
vt 0.312500 0.645041
vt 0.312500 0.631975
vt 0.333333 0.547440
vt 0.312500 0.500000
vt 0.333333 0.500000
vt 0.291667 0.500000
vt 0.291667 0.658101
vt 0.312500 0.658101
vt 0.333333 0.645041
vt 0.333333 0.631975
vt 0.333333 0.658101
vt 0.291667 0.564242
vt 0.291667 0.582459
vt 0.312500 0.582459
vt 0.312500 0.564242
vt 0.312500 0.617500
vt 0.333333 0.617500
vt 0.291667 0.617500
vt 0.270833 0.533109
vt 0.270833 0.547440
vt 0.270833 0.645041
vt 0.270833 0.631975
vt 0.270833 0.500000
vt 0.270833 0.658101
vt 0.270833 0.582459
vt 0.270833 0.564242
vt 0.270833 0.617500
vt 0.411953 0.533051
vt 0.468960 0.533093
vt 0.468967 0.547440
vt 0.412109 0.547440
vt 0.382632 0.507968
vt 0.387153 0.520301
vt 0.388672 0.533035
vt 0.388889 0.547440
vt 0.468967 0.631975
vt 0.531250 0.631975
vt 0.531250 0.617500
vt 0.468967 0.617500
vt 0.531250 0.547440
vt 0.531250 0.533095
vt 0.412109 0.645041
vt 0.468967 0.645041
vt 0.412109 0.631975
vt 0.412109 0.658101
vt 0.468967 0.658101
vt 0.388889 0.617500
vt 0.388889 0.631975
vt 0.412109 0.617500
vt 0.388889 0.645041
vt 0.388889 0.658101
vt 0.468967 0.564242
vt 0.531250 0.564242
vt 0.531250 0.658101
vt 0.531250 0.645041
vt 0.412109 0.582459
vt 0.468967 0.582459
vt 0.412109 0.564242
vt 0.343797 0.510039
vt 0.343913 0.520878
vt 0.355469 0.520752
vt 0.354546 0.509643
vt 0.343960 0.533107
vt 0.355849 0.533091
vt 0.369195 0.520478
vt 0.366326 0.508719
vt 0.370287 0.533057
vt 0.343641 0.499892
vt 0.343967 0.547440
vt 0.355903 0.547440
vt 0.370443 0.547440
vt 0.361654 0.497070
vt 0.353299 0.499132
vt 0.343967 0.631975
vt 0.343967 0.645041
vt 0.355903 0.645041
vt 0.355903 0.631975
vt 0.343967 0.658101
vt 0.355903 0.658101
vt 0.370443 0.645041
vt 0.370443 0.631975
vt 0.370443 0.658101
vt 0.343967 0.617500
vt 0.370443 0.617500
vt 0.355903 0.617500
vt 0.593750 0.645041
vt 0.593750 0.658101
vt 0.625000 0.658105
vt 0.625000 0.645077
vt 0.531250 0.582459
vt 0.531250 0.600681
vt 0.468967 0.600681
vt 0.404955 0.760172
vt 0.343967 0.564242
vt 0.343967 0.582459
vt 0.355903 0.582459
vt 0.355903 0.564242
vt 0.343967 0.600681
vt 0.355903 0.600681
vt 0.370443 0.582459
vt 0.370443 0.564242
vt 0.370443 0.600681
vt 0.333333 0.564242
vt 0.333333 0.582459
vt 0.333333 0.600681
vt 0.388889 0.600681
vt 0.388889 0.582459
vt 0.388889 0.564242
vt 0.412109 0.600681
vt 0.270833 0.600681
vt 0.291667 0.600681
vt 0.708333 0.564242
vt 0.708333 0.582459
vt 0.729167 0.582459
vt 0.729167 0.564242
vt 0.312500 0.600681
vt 0.666667 0.564242
vt 0.666667 0.582459
vt 0.687500 0.582459
vt 0.687500 0.564242
vt 0.625000 0.659306
vt 0.625000 0.658501
vt 0.625000 0.645180
vt 0.625000 0.645421
vt 0.625000 0.658151
vt 0.625000 0.645058
vt 0.625000 0.631992
vt 0.625000 0.632022
vt 0.625000 0.631977
vt 0.625000 0.659654
vt 0.625000 0.632025
vt 0.625000 0.645442
vt 0.708333 0.600681
vt 0.729167 0.600681
vt 0.625000 0.875000
vt 0.625000 0.854167
vt 0.625000 0.875000
vt 0.630624 0.423272
vt 0.764567 0.422265
vt 0.635417 0.564242
vt 0.635417 0.582459
vt 0.645833 0.582459
vt 0.645833 0.564242
vt 0.635417 0.600681
vt 0.645833 0.600681
vt 0.656250 0.582459
vt 0.656250 0.564242
vt 0.656250 0.600681
vt 0.666667 0.600681
vt 0.971333 0.202255
vt 0.904988 0.203890
vt 0.687500 0.600681
vt 0.625000 0.835069
vt 0.625000 0.812500
vt 0.898300 0.420473
vt 1.032104 0.417817
vt 0.625000 0.561668
vt 0.625000 0.563467
vt 0.625000 0.582754
vt 0.625000 0.582496
vt 0.625000 0.564249
vt 0.625000 0.583328
vt 0.625000 0.602343
vt 0.625000 0.603365
vt 0.625000 0.603469
vt 0.625000 0.559711
vt 0.625000 0.583328
vt 0.625000 0.603469
vt 0.625000 0.605210
vt 0.625000 0.582458
vt 0.625000 0.658138
vt 0.625000 0.645336
vt 0.625000 0.658216
vt 0.625000 0.645964
vt 0.625000 0.632824
vt 0.625000 0.634777
vt 0.625000 0.658216
vt 0.625000 0.645964
vt 0.625000 0.632744
vt 0.625000 0.637841
vt 0.625000 0.665088
vt 0.625000 0.666857
vt 0.625000 0.618682
vt 0.625000 0.631681
vt 0.625000 0.605210
vt 0.625000 0.601493
vt 0.625000 0.582459
vt 0.625000 0.582458
vt 0.625000 0.563430
vt 0.625000 0.559711
vt 0.625000 0.546258
vt 0.625000 0.533258
vt 0.964493 0.054496
vt 0.964493 0.054497
vt 0.964493 0.035408
vt 0.964493 0.035408
vt 0.964493 0.054496
vt 0.964493 0.035408
vt 0.625000 0.706643
vt 0.625000 0.706643
vt 0.625000 0.686204
vt 0.625000 0.686204
vt 0.625000 0.706643
vt 0.625000 0.686204
vt 0.648438 0.098261
vt 0.648438 0.081200
vt 0.648438 0.081200
vt 0.648438 0.098261
vt 0.648438 0.081200
vt 0.625000 0.665088
vt 0.625000 0.665088
vt 0.625000 0.437355
vt 0.625000 0.458912
vt 0.625000 0.789931
vt 0.625000 0.840278
vt 0.625000 0.812500
vt 0.625000 0.784722
vt 0.625000 0.489568
vt 0.625000 0.489478
vt 0.625000 0.479275
vt 0.625000 0.479998
vt 0.625000 0.469161
vt 0.625000 0.471675
vt 0.625000 0.499707
vt 0.625000 0.499707
vt 0.625000 0.465278
vt 0.625000 0.416667
vt 0.625000 0.416667
vt 0.625000 0.395833
vt 0.625000 0.833333
vt 0.625000 0.833333
vt 0.625000 0.854167
vt 0.625000 0.833333
vt 0.625000 0.416594
vt 0.625000 0.416088
vt 0.625000 0.395833
vt 0.625000 0.396267
vt 0.625000 0.375000
vt 0.625000 0.375000
vt 0.625000 0.416667
vt 0.625000 0.395833
vt 0.625000 0.461372
vt 0.625000 0.460069
vt 0.625000 0.437645
vt 0.625000 0.437916
vt 0.625000 0.414931
vt 0.625000 0.437500
vt 0.625000 0.409722
vt 0.625000 0.527122
vt 0.625000 0.532255
vt 0.625000 0.520564
vt 0.625000 0.519087
vt 0.625000 0.509935
vt 0.625000 0.509750
vt 0.625000 0.781137
vt 0.625000 0.781137
vt 0.625000 0.769932
vt 0.625000 0.769932
vt 0.625000 0.781137
vt 0.625000 0.769932
vt 0.625000 0.757376
vt 0.625000 0.757376
vt 0.625000 0.757376
vt 0.625000 0.791667
vt 0.625000 0.791667
vt 0.625000 0.791667
vt 0.648438 0.112845
vt 0.648438 0.112845
vt 0.648438 0.112845
vt 0.625000 0.780721
vt 0.625000 0.778208
vt 0.625000 0.769064
vt 0.625000 0.769788
vt 0.625000 0.781085
vt 0.625000 0.769914
vt 0.625000 0.757268
vt 0.625000 0.757358
vt 0.625000 0.757374
vt 0.625000 0.791088
vt 0.625000 0.791594
vt 0.648438 0.112827
vt 0.648438 0.112736
vt 0.648437 0.098261
vt 0.625000 0.529928
vt 0.625000 0.529928
vt 0.625000 0.519918
vt 0.625000 0.519918
vt 0.648438 0.112843
vt 0.648438 0.098261
vt 0.625000 0.529928
vt 0.625000 0.519918
vt 0.625000 0.509854
vt 0.625000 0.509854
vt 0.625000 0.509854
vt 0.625000 0.539910
vt 0.625000 0.539910
vt 0.625000 0.539910
vt 0.625000 0.539910
vt 0.625000 0.529928
vt 0.625000 0.499707
vt 0.625000 0.499707
vt 0.625000 0.509854
vt 0.625000 0.519918
vt 0.625000 0.833406
vt 0.625000 0.833912
vt 0.625000 0.812500
vt 0.625000 0.812500
vt 0.625000 0.375868
vt 0.625000 0.394965
vt 0.625000 0.377930
vt 0.625000 0.872070
vt 0.625000 0.874132
vt 0.625000 0.854167
vt 0.625000 0.853733
vt 0.625000 0.855035
vt 0.625000 0.489460
vt 0.625000 0.489460
vt 0.625000 0.479130
vt 0.625000 0.479130
vt 0.625000 0.489460
vt 0.625000 0.479130
vt 0.625000 0.468745
vt 0.625000 0.468745
vt 0.625000 0.468745
vt 0.625000 0.489460
vt 0.625000 0.458333
vt 0.625000 0.458333
vt 0.625000 0.458333
vt 0.625000 0.468745
vt 0.625000 0.458333
vt 0.625000 0.479130
vt 0.964493 0.054479
vt 0.964493 0.035269
vt 0.964493 0.054449
vt 0.964493 0.035028
vt 0.625000 0.706504
vt 0.625000 0.685769
vt 0.625000 0.706263
vt 0.625000 0.684925
vt 0.648438 0.081183
vt 0.648438 0.081153
vt 0.625000 0.664253
vt 0.625000 0.604563
vt 0.625000 0.582456
vt 0.625000 0.662270
vt 0.625000 0.605011
vt 0.625000 0.582457
vt 0.625000 0.560351
vt 0.625000 0.559905
vt 0.625000 0.626670
vt 0.625000 0.627923
vt 0.625000 0.538247
vt 0.625000 0.655066
vt 0.625000 0.655066
vt 0.625000 0.645044
vt 0.625000 0.645044
vt 0.625000 0.537000
vt 0.625000 0.655066
vt 0.625000 0.645044
vt 0.625000 0.635022
vt 0.625000 0.635022
vt 0.625000 0.635022
vt 0.625000 0.665088
vt 0.625000 0.665088
vt 0.625000 0.665088
vt 0.625000 0.655066
vt 0.625000 0.625000
vt 0.625000 0.625000
vt 0.625000 0.625000
vt 0.625000 0.635022
vt 0.625000 0.625000
vt 0.471568 0.854160
vt 0.045419 0.492844
vt 0.183498 0.491227
vt 0.489276 0.812500
vt 0.489276 0.833333
vt 0.468750 0.833333
vt 0.468750 0.812500
vt 0.489276 0.833333
vt 0.468750 0.833333
vt 0.468750 0.833333
vt 0.489276 0.833333
vt 0.468750 0.833333
vt 0.468750 0.812500
vt 0.468750 0.812500
vt 0.468750 0.833333
vt 0.489276 0.812500
vt 0.489276 0.833333
vt 0.489276 0.833333
vt 0.489276 0.812500
vt 0.531250 0.798174
vt 0.531250 0.807963
vt 0.576433 0.806988
vt 0.584161 0.796292
vt 0.584161 0.796292
vt 0.531250 0.807963
vt 0.531250 0.823485
vt 0.584161 0.796292
vt 0.531250 0.798174
vt 0.531250 0.798174
vt 0.584161 0.796292
vt 0.453592 0.808749
vt 0.450840 0.798912
vt 0.450840 0.798912
vt 0.450840 0.798912
vt 0.576433 0.806988
vt 0.576433 0.806988
vt 0.450840 0.798912
vt 0.453592 0.808749
vt 0.453592 0.808749
vt 0.450840 0.798912
vt 0.576433 0.806988
vt 0.584161 0.796292
vt 0.584161 0.796292
vt 0.576433 0.806988
vt 0.531250 0.807963
vt 0.531250 0.807963
vt 0.531250 0.798174
vt 0.531250 0.798174
vt 0.529697 0.807747
vt 0.515780 0.805936
vt 0.510487 0.806600
vt 0.453592 0.808749
vt 0.453592 0.808749
vt 0.450840 0.798912
vt 0.450840 0.798912
vt 0.529663 0.798421
vt 0.530456 0.798298
vt 0.451666 0.799021
vt 0.452492 0.799130
vt 0.531143 0.798191
vt 0.450951 0.798927
vt 0.450840 0.798912
vt 0.454336 0.808625
vt 0.455080 0.808501
vt 0.453691 0.808733
vt 0.453592 0.808749
vt 0.531147 0.807949
vt 0.530473 0.807855
vt 0.529697 0.807747
vt 0.914747 0.178444
vt 0.922766 0.178630
vt 0.791890 0.783631
vt 0.749776 0.782650
vt 0.750000 0.792578
vt 0.791667 0.793548
vt 0.504064 0.806911
vt 0.497669 0.807100
vt 0.497671 0.807243
vt 0.504322 0.807046
vt 0.483686 0.800188
vt 0.478340 0.800850
vt 0.479037 0.800945
vt 0.484186 0.800307
vt 0.333333 0.789930
vt 0.375000 0.789148
vt 0.375223 0.779182
vt 0.333109 0.779974
vt 0.835410 0.177934
vt 0.843429 0.177783
vt 0.906814 0.178257
vt 0.914833 0.178444
vt 0.750223 0.782650
vt 0.708110 0.781669
vt 0.708333 0.791608
vt 0.491275 0.807039
vt 0.491049 0.807179
vt 0.474321 0.801687
vt 0.475167 0.801751
vt 0.416666 0.788607
vt 0.416890 0.778636
vt 0.374776 0.779182
vt 0.843343 0.177783
vt 0.851362 0.177679
vt 0.819542 0.178331
vt 0.827561 0.178121
vt 0.291890 0.780955
vt 0.249776 0.782060
vt 0.250000 0.791995
vt 0.291667 0.790902
vt 0.490253 0.799879
vt 0.496814 0.799692
vt 0.496803 0.799550
vt 0.489988 0.799744
vt 0.503655 0.799618
vt 0.496836 0.799550
vt 0.503407 0.799758
vt 0.208333 0.793136
vt 0.250223 0.782060
vt 0.208110 0.783213
vt 0.811608 0.178551
vt 0.819627 0.178331
vt 0.471231 0.803647
vt 0.472334 0.804636
vt 0.473253 0.804590
vt 0.472191 0.803638
vt 0.500000 0.788378
vt 0.541666 0.788706
vt 0.541890 0.778735
vt 0.499776 0.778403
vt 0.867145 0.177635
vt 0.875164 0.177698
vt 0.938549 0.178953
vt 0.946568 0.179067
vt 0.916890 0.785923
vt 0.874776 0.785324
vt 0.875000 0.795223
vt 0.916667 0.795815
vt 0.519009 0.805037
vt 0.515091 0.805842
vt 0.519850 0.805100
vt 0.522412 0.804148
vt 0.521476 0.804120
vt 0.958333 0.796186
vt 0.958557 0.786297
vt 0.916443 0.785923
vt 0.946483 0.179067
vt 0.954502 0.179138
vt 0.471902 0.802642
vt 0.472837 0.802670
vt 0.458333 0.788344
vt 0.500223 0.778403
vt 0.458110 0.778369
vt 0.859211 0.177629
vt 0.867230 0.177635
vt 0.771940 0.179162
vt 0.779958 0.179137
vt 0.041890 0.786290
vt -0.000224 0.786422
vt -0.000000 0.796310
vt 0.041666 0.796178
vt 0.521431 0.802206
vt 0.522308 0.803155
vt 0.523276 0.803146
vt 0.522367 0.802160
vt 0.930615 0.178804
vt 0.938634 0.178953
vt 0.875223 0.785324
vt 0.833110 0.784542
vt 0.833333 0.794449
vt 0.509997 0.806481
vt 1.000000 0.796310
vt 1.000224 0.786422
vt 0.958110 0.786297
vt 0.954416 0.179138
vt 0.962435 0.179162
vt 0.833557 0.784542
vt 0.791443 0.783631
vt 0.922681 0.178630
vt 0.930700 0.178804
vt 0.795741 0.178954
vt 0.803760 0.178766
vt 0.166890 0.784344
vt 0.124777 0.785330
vt 0.125000 0.795202
vt 0.166666 0.794247
vt 0.509560 0.800070
vt 0.514845 0.800610
vt 0.515529 0.800502
vt 0.510042 0.799942
vt 0.333556 0.779974
vt 0.291443 0.780955
vt 0.827476 0.178121
vt 0.835495 0.177934
vt 0.519730 0.801259
vt 0.518891 0.801338
vt 0.083333 0.795801
vt 0.125224 0.785330
vt 0.083110 0.785907
vt 0.787807 0.179064
vt 0.795826 0.178954
vt 0.208557 0.783213
vt 0.166443 0.784344
vt 0.803675 0.178766
vt 0.811694 0.178551
vt 0.890946 0.177934
vt 0.898965 0.178083
vt 0.666890 0.780756
vt 0.624776 0.779973
vt 0.625000 0.789925
vt 0.666667 0.790703
vt 0.485255 0.806728
vt 0.480025 0.806190
vt 0.458556 0.778369
vt 0.416443 0.778636
vt 0.851277 0.177679
vt 0.859296 0.177628
vt 0.875079 0.177698
vt 0.883098 0.177820
vt 0.583557 0.779376
vt 0.541443 0.778735
vt 0.583333 0.789306
vt 0.475930 0.805461
vt 0.475114 0.805540
vt 0.898880 0.178083
vt 0.906899 0.178257
vt 0.708557 0.781669
vt 0.666443 0.780756
vt 0.883012 0.177820
vt 0.891031 0.177934
vt 0.625224 0.779973
vt 0.583109 0.779376
vt 0.083557 0.785907
vt 0.041443 0.786290
vt 0.779873 0.179137
vt 0.787892 0.179064
vt 0.914790 0.100073
vt 0.920756 0.099288
vt 0.926618 0.121163
vt 0.914790 0.122720
vt 0.926316 0.096985
vt 0.937639 0.116598
vt 0.931090 0.093322
vt 0.947104 0.109335
vt 0.934754 0.088548
vt 0.954366 0.099871
vt 0.937057 0.082988
vt 0.958932 0.088849
vt 0.937842 0.077021
vt 0.960489 0.077021
vt 0.937057 0.071055
vt 0.958932 0.065194
vt 0.934754 0.065495
vt 0.954366 0.054172
vt 0.931090 0.060721
vt 0.947104 0.044708
vt 0.926316 0.057058
vt 0.937639 0.037445
vt 0.920756 0.054755
vt 0.926618 0.032880
vt 0.914790 0.053969
vt 0.914790 0.031323
vt 0.908824 0.054755
vt 0.902962 0.032880
vt 0.903264 0.057058
vt 0.891941 0.037445
vt 0.898490 0.060721
vt 0.882476 0.044708
vt 0.894827 0.065495
vt 0.875214 0.054172
vt 0.892524 0.071055
vt 0.870649 0.065194
vt 0.891738 0.077021
vt 0.869092 0.077021
vt 0.892524 0.082988
vt 0.870649 0.088849
vt 0.894827 0.088547
vt 0.875214 0.099871
vt 0.898490 0.093322
vt 0.882476 0.109335
vt 0.903264 0.096985
vt 0.891941 0.116598
vt 0.908824 0.099288
vt 0.902962 0.121163
vt 0.903264 0.096985
vt 0.898490 0.093322
vt 0.898490 0.093322
vt 0.903264 0.096985
vt 0.898490 0.060721
vt 0.903264 0.057058
vt 0.903264 0.057058
vt 0.898490 0.060721
vt 0.934754 0.065495
vt 0.934754 0.065495
vt 0.908824 0.099288
vt 0.908824 0.099288
vt 0.920756 0.099288
vt 0.914790 0.100073
vt 0.914790 0.100073
vt 0.920756 0.099288
vt 0.894827 0.065495
vt 0.894827 0.065495
vt 0.931090 0.060721
vt 0.931090 0.060721
vt 0.926316 0.096985
vt 0.926316 0.096985
vt 0.892524 0.071055
vt 0.892524 0.071055
vt 0.926316 0.057058
vt 0.926316 0.057058
vt 0.931090 0.093322
vt 0.931090 0.093322
vt 0.891738 0.077021
vt 0.891738 0.077021
vt 0.920756 0.054755
vt 0.920756 0.054755
vt 0.934754 0.088548
vt 0.934754 0.088548
vt 0.892524 0.082988
vt 0.892524 0.082988
vt 0.914790 0.053969
vt 0.914790 0.053969
vt 0.937057 0.082988
vt 0.937057 0.082988
vt 0.894827 0.088547
vt 0.894827 0.088547
vt 0.908824 0.054755
vt 0.908824 0.054755
vt 0.914790 0.090075
vt 0.918168 0.089630
vt 0.920756 0.099288
vt 0.914790 0.100073
vt 0.921317 0.088326
vt 0.926316 0.096985
vt 0.924020 0.086251
vt 0.931090 0.093322
vt 0.926094 0.083548
vt 0.934754 0.088548
vt 0.927398 0.080400
vt 0.937057 0.082988
vt 0.927843 0.077021
vt 0.937842 0.077021
vt 0.927398 0.073643
vt 0.937057 0.071055
vt 0.926094 0.070495
vt 0.934754 0.065495
vt 0.924020 0.067792
vt 0.931090 0.060721
vt 0.921317 0.065717
vt 0.926316 0.057058
vt 0.918169 0.064413
vt 0.920756 0.054755
vt 0.914790 0.063968
vt 0.914790 0.053969
vt 0.911412 0.064413
vt 0.908824 0.054755
vt 0.908264 0.065717
vt 0.903264 0.057058
vt 0.905560 0.067791
vt 0.898490 0.060721
vt 0.903486 0.070495
vt 0.894827 0.065495
vt 0.902182 0.073643
vt 0.892524 0.071055
vt 0.901737 0.077021
vt 0.891738 0.077021
vt 0.902182 0.080400
vt 0.892524 0.082988
vt 0.903486 0.083548
vt 0.894827 0.088547
vt 0.905560 0.086251
vt 0.898490 0.093322
vt 0.908263 0.088326
vt 0.903264 0.096985
vt 0.911412 0.089630
vt 0.908824 0.099288
vt 0.529663 0.798421
vt 0.452492 0.799130
vt 0.809368 0.215724
vt 0.816216 0.232258
vt 0.816216 0.232258
vt 0.809368 0.215724
vt 0.750000 0.318552
vt 0.732257 0.316216
vt 0.732257 0.316216
vt 0.750000 0.318552
vt 0.715724 0.309368
vt 0.715724 0.309368
vt 0.690632 0.215724
vt 0.701527 0.201526
vt 0.701527 0.201526
vt 0.690632 0.215724
vt 0.798474 0.201526
vt 0.798474 0.201526
vt 0.750000 0.287598
vt 0.740269 0.286317
vt 0.731200 0.282560
vt 0.723414 0.276586
vt 0.717440 0.268800
vt 0.713684 0.259731
vt 0.712402 0.250000
vt 0.713684 0.240269
vt 0.717439 0.231201
vt 0.723415 0.223414
vt 0.731201 0.217439
vt 0.740269 0.213683
vt 0.750000 0.212402
vt 0.759731 0.213683
vt 0.768799 0.217439
vt 0.776586 0.223415
vt 0.782560 0.231200
vt 0.786316 0.240269
vt 0.787598 0.250000
vt 0.786316 0.259731
vt 0.782560 0.268800
vt 0.776586 0.276586
vt 0.768800 0.282560
vt 0.759731 0.286317
vt 0.683784 0.232258
vt 0.683784 0.232258
vt 0.784276 0.190632
vt 0.784276 0.190632
vt 0.784276 0.309368
vt 0.767743 0.316216
vt 0.767743 0.316216
vt 0.784276 0.309368
vt 0.798474 0.298474
vt 0.798474 0.298474
vt 0.681448 0.250000
vt 0.681448 0.250000
vt 0.767743 0.183784
vt 0.767743 0.183784
vt 0.809368 0.284276
vt 0.809368 0.284276
vt 0.683784 0.267742
vt 0.683784 0.267742
vt 0.750000 0.181448
vt 0.750000 0.181448
vt 0.816216 0.267742
vt 0.816216 0.267742
vt 0.690632 0.284276
vt 0.690632 0.284276
vt 0.732257 0.183784
vt 0.732257 0.183784
vt 0.818552 0.250000
vt 0.818552 0.250000
vt 0.701526 0.298474
vt 0.701526 0.298474
vt 0.715724 0.190632
vt 0.715724 0.190632
vt 0.763737 0.301267
vt 0.750000 0.303075
vt 0.767724 0.316148
vt 0.750000 0.318482
vt 0.776538 0.295964
vt 0.784241 0.309307
vt 0.787530 0.287530
vt 0.798424 0.298424
vt 0.795964 0.276538
vt 0.809307 0.284241
vt 0.801267 0.263737
vt 0.816148 0.267724
vt 0.803075 0.250000
vt 0.818482 0.250000
vt 0.801267 0.236263
vt 0.816148 0.232276
vt 0.795964 0.223462
vt 0.809307 0.215759
vt 0.787530 0.212471
vt 0.798424 0.201576
vt 0.776538 0.204036
vt 0.784241 0.190693
vt 0.763737 0.198734
vt 0.767724 0.183852
vt 0.750000 0.196925
vt 0.750000 0.181518
vt 0.736263 0.198733
vt 0.732276 0.183852
vt 0.723463 0.204036
vt 0.715760 0.190693
vt 0.712471 0.212470
vt 0.701577 0.201576
vt 0.704036 0.223463
vt 0.690693 0.215759
vt 0.698733 0.236264
vt 0.683852 0.232276
vt 0.696925 0.250000
vt 0.681518 0.250000
vt 0.698734 0.263737
vt 0.683852 0.267724
vt 0.704036 0.276538
vt 0.690693 0.284241
vt 0.712470 0.287530
vt 0.701576 0.298424
vt 0.723462 0.295964
vt 0.715759 0.309307
vt 0.736263 0.301266
vt 0.732275 0.316148
vn -0.7071 -0.7071 0.0000
vn -0.8660 -0.5000 0.0000
vn -0.8575 -0.4971 0.1328
vn -0.6998 -0.7018 0.1328
vn -0.5000 0.8660 0.0000
vn -0.2588 0.9659 0.0000
vn -0.2574 0.9570 0.1333
vn -0.4966 0.8577 0.1332
vn -0.2588 -0.9659 0.0000
vn -0.5000 -0.8660 0.0000
vn -0.4947 -0.8589 0.1327
vn -0.2560 -0.9575 0.1327
vn 0.7071 -0.7071 0.0000
vn 0.5000 -0.8660 0.0000
vn 0.4947 -0.8589 0.1326
vn 0.6997 -0.7020 0.1327
vn 0.8660 0.5000 0.0000
vn 0.9659 0.2588 0.0000
vn 0.9579 0.2544 0.1332
vn 0.8592 0.4939 0.1333
vn -0.0014 -0.0164 0.9998
vn -0.1032 0.0447 0.9937
vn -0.0842 0.0711 0.9939
vn -0.9659 -0.2588 0.0000
vn -1.0000 0.0000 0.0000
vn -0.9911 -0.0020 0.1330
vn -0.9568 -0.2584 0.1329
vn 0.2588 0.9659 0.0000
vn 0.5000 0.8660 0.0000
vn 0.4962 0.8578 0.1334
vn 0.2567 0.9572 0.1334
vn -0.7071 0.7071 0.0000
vn -0.7018 0.6998 0.1332
vn 0.2588 -0.9659 0.0000
vn 0.0000 -1.0000 0.0000
vn 0.0000 -0.9911 0.1327
vn 0.2560 -0.9575 0.1327
vn 0.0000 1.0000 0.0000
vn -0.0004 0.9910 0.1334
vn 1.0000 0.0000 0.0000
vn 0.9659 -0.2588 0.0000
vn 0.9567 -0.2587 0.1329
vn 0.9911 -0.0023 0.1331
vn -0.9659 0.2588 0.0000
vn -0.8660 0.5000 0.0000
vn -0.8592 0.4940 0.1332
vn -0.9578 0.2546 0.1331
vn 0.7071 0.7071 0.0000
vn 0.7017 0.6998 0.1333
vn 0.8660 -0.5000 0.0000
vn 0.8573 -0.4974 0.1327
vn 0.0665 -0.3569 0.9318
vn 0.0644 -0.0913 0.9937
vn 0.0144 -0.0715 0.9973
vn 0.0119 -0.3244 0.9458
vn 0.4205 -0.3573 0.8339
vn 0.1866 -0.1685 0.9679
vn 0.1876 -0.4279 0.8841
vn 0.3928 -0.5991 0.6976
vn 0.3172 -0.7776 0.5429
vn 0.1795 -0.7525 0.6336
vn 0.0022 -0.0725 0.9973
vn -0.0002 -0.3181 0.9480
vn 0.1572 -0.0198 0.9873
vn 0.0572 0.0112 0.9983
vn 0.0153 0.0127 0.9998
vn 0.0017 0.0092 0.9999
vn -0.0761 -0.9810 0.1784
vn -0.0593 -0.9822 0.1782
vn -0.0610 -0.9901 0.1259
vn -0.0777 -0.9879 0.1339
vn 0.0090 -0.5192 -0.8546
vn 0.0143 -0.1391 -0.9901
vn 0.0675 -0.1664 -0.9837
vn 0.0602 -0.5459 -0.8357
vn 0.0114 -0.6921 0.7216
vn -0.0032 -0.6769 0.7360
vn 0.0672 -0.7157 0.6952
vn 0.0656 0.0138 -0.9977
vn 0.0724 0.2086 -0.9753
vn 0.1664 0.1778 -0.9699
vn 0.1732 -0.0673 -0.9826
vn 0.0144 0.1805 -0.9835
vn 0.0303 0.1984 -0.9796
vn 0.0184 0.0244 -0.9995
vn 0.0031 0.0206 -0.9998
vn 0.3837 0.0306 -0.9229
vn 0.3833 -0.3001 -0.8735
vn 0.0590 0.5757 -0.8155
vn 0.0916 0.5969 -0.7971
vn 0.1598 0.5977 -0.7856
vn 0.3341 0.5340 -0.7766
vn 0.9978 -0.0661 0.0059
vn 0.9962 -0.0358 0.0788
vn 0.9621 -0.2650 0.0645
vn 0.9613 -0.2756 0.0026
vn 0.8782 -0.4758 0.0477
vn 0.9276 -0.2069 0.3110
vn 0.8649 -0.4389 0.2436
vn -0.7069 -0.7073 -0.0046
vn 0.0000 -1.0000 -0.0065
vn -0.7073 -0.7068 -0.0046
vn 0.1869 -0.2810 -0.9413
vn 0.3700 -0.5279 -0.7645
vn 0.6947 -0.0769 0.7151
vn 0.7062 -0.3171 0.6330
vn 0.8769 -0.4807 0.0016
vn 0.7239 -0.6892 0.0308
vn 0.7278 -0.6659 0.1642
vn 0.3335 0.0493 0.9414
vn 0.3841 -0.1321 0.9138
vn 0.9356 0.0749 0.3450
vn 0.6592 0.2255 0.7173
vn 0.3081 0.3161 0.8973
vn 0.0129 0.3413 0.9398
vn -0.0011 -0.0235 0.9997
vn -0.0004 -0.0187 0.9998
vn 0.0065 0.3449 0.9386
vn 0.7125 -0.7017 -0.0046
vn 1.0000 0.0000 -0.0001
vn 0.7016 -0.7125 -0.0047
vn 0.0299 0.3649 -0.9305
vn 0.0220 0.3641 -0.9311
vn 0.0464 0.7649 -0.6424
vn 0.0609 0.7682 -0.6373
vn 0.6542 -0.5640 0.5039
vn 0.1651 -0.6057 -0.7783
vn -0.0010 -0.1315 -0.9913
vn -0.0050 -0.5005 -0.8657
vn -0.0050 -0.8449 -0.5349
vn 0.0063 -0.8567 -0.5157
vn 0.3149 -0.7522 -0.5788
vn 0.5432 -0.8394 0.0193
vn 0.5488 -0.8298 0.1009
vn 0.1305 -0.8841 -0.4487
vn 0.2294 -0.8963 -0.3794
vn 0.0488 -0.8684 -0.4935
vn 0.0191 -0.9996 0.0211
vn 0.0826 -0.9964 0.0193
vn 0.0787 -0.9919 0.0990
vn 0.0172 -0.9941 0.1072
vn 0.2143 -0.9766 0.0171
vn 0.2094 -0.9740 0.0868
vn 0.0719 -0.9381 0.3389
vn 0.0138 -0.9327 0.3603
vn 0.1928 -0.9359 0.2947
vn 0.0018 -1.0000 0.0019
vn 0.0197 -0.9998 0.0018
vn 0.0015 -0.9997 0.0223
vn 0.0838 -0.9965 0.0016
vn 0.2155 -0.9765 0.0014
vn 0.3778 -0.9258 0.0014
vn 0.3779 -0.9257 0.0160
vn 0.3771 -0.9227 0.0801
vn 0.3664 -0.8933 0.2601
vn -0.0016 -0.9274 0.3741
vn 0.0004 -0.9936 0.1126
vn 0.5340 -0.7706 0.3479
vn 0.7214 -0.6925 0.0015
vn 0.5414 -0.8407 0.0015
vn 0.0020 -0.1278 0.9918
vn -0.0053 -0.1374 0.9905
vn -0.0037 -0.3195 0.9475
vn -0.0008 -0.3275 0.9448
vn -0.0824 -0.9803 -0.1791
vn -0.0763 -0.9810 -0.1782
vn -0.0782 -0.9873 -0.1380
vn -0.0836 -0.9868 -0.1385
vn -0.0534 -0.9838 -0.1708
vn -0.0582 -0.9901 -0.1272
vn -0.0811 -0.9872 -0.1371
vn -0.0836 -0.9875 -0.1338
vn -0.0655 -0.9895 -0.1284
vn -0.0717 -0.9314 -0.3569
vn -0.0756 -0.9308 -0.3576
vn -0.0758 -0.9810 -0.1783
vn -0.0629 -0.9322 -0.3564
vn -0.0257 -0.9374 -0.3472
vn 0.0682 -0.9473 -0.3129
vn 0.0057 -0.9895 -0.1445
vn -0.0092 -0.9955 -0.0936
vn -0.0254 -0.9954 -0.0921
vn 0.9999 -0.0078 0.0054
vn 0.8565 0.5159 0.0160
vn 0.8642 0.4961 0.0833
vn 0.9978 -0.0110 0.0645
vn 0.4013 -0.0286 -0.9155
vn 0.1606 -0.0335 -0.9864
vn 0.0806 -0.3282 -0.9412
vn 0.2651 -0.2083 -0.9414
vn 0.0599 -0.0357 -0.9976
vn 0.0048 -0.3732 -0.9277
vn 0.0156 -0.0346 -0.9993
vn -0.0246 -0.3889 -0.9209
vn -0.0774 -0.9880 -0.1336
vn -0.0744 -0.9897 -0.1220
vn -0.0038 -0.6608 0.7505
vn -0.0034 -0.6415 0.7671
vn 0.0062 0.0770 0.9970
vn 0.0035 0.0698 0.9975
vn -0.0005 0.0056 1.0000
vn 0.6078 -0.5751 -0.5476
vn 0.5058 -0.7587 -0.4104
vn -0.0052 -0.1115 0.9937
vn 0.0000 -0.1368 0.9906
vn 0.0000 -0.2771 0.9608
vn -0.0030 -0.2920 0.9564
vn 0.0051 0.2669 0.9637
vn -0.0002 0.0764 0.9971
vn 0.0011 0.0630 0.9980
vn 0.0105 0.2705 0.9626
vn -0.0002 -0.0108 -0.9999
vn 0.0066 0.3545 -0.9350
vn 0.0000 0.3559 -0.9345
vn 0.0000 -0.0091 -0.9999
vn 0.1360 0.0945 0.9862
vn 0.0548 0.0967 0.9938
vn -0.0025 -0.6232 0.7821
vn 0.0000 -0.6154 0.7882
vn -0.0064 -0.0092 0.9999
vn -0.0038 -0.0023 1.0000
vn 0.0000 -0.9996 0.0269
vn -0.0002 -0.9996 0.0262
vn -0.0007 -0.9912 0.1320
vn 0.0000 -0.9908 0.1350
vn -0.0013 -0.1083 -0.9941
vn -0.0019 -0.1145 -0.9934
vn -0.0043 -0.4512 -0.8924
vn -0.0032 -0.4320 -0.9019
vn 0.0193 0.0875 0.9960
vn 0.1386 0.3323 0.9329
vn 0.0694 0.3234 0.9437
vn 0.0373 0.3089 0.9503
vn 0.0237 0.2951 0.9552
vn -0.0021 -0.0312 0.9995
vn 0.0193 0.3359 0.9416
vn 0.0257 0.3295 0.9438
vn -0.0014 -0.0383 0.9992
vn 0.0167 0.2812 0.9595
vn 0.6901 0.3381 -0.6398
vn 0.7032 -0.2344 -0.6711
vn 0.0031 0.1511 -0.9885
vn 0.0058 0.1521 -0.9883
vn 0.0006 0.0164 -0.9998
vn 0.0003 0.0163 -0.9998
vn -0.0395 -0.9832 0.1784
vn -0.0407 -0.9921 0.1189
vn -0.0576 -0.9925 0.1077
vn -0.0746 -0.9896 0.1226
vn -0.0383 -0.9947 0.0955
vn -0.0721 -0.9314 0.3569
vn -0.0563 -0.9325 0.3567
vn -0.0375 -0.9334 0.3569
vn -0.0002 -0.9997 0.0249
vn -0.0002 -0.9997 0.0235
vn -0.0010 -0.9930 0.1183
vn -0.0009 -0.9921 0.1253
vn 0.7732 -0.0503 -0.6321
vn 0.6145 -0.1405 -0.7763
vn 0.2947 0.1363 -0.9458
vn 0.0442 0.7215 0.6909
vn 0.0291 0.7094 0.7042
vn -0.0219 -0.3846 0.9228
vn -0.0143 -0.3783 0.9255
vn 0.0980 0.9188 -0.3823
vn 0.1218 0.9213 -0.3692
vn 0.0833 0.9105 -0.4049
vn 0.0918 0.9863 -0.1366
vn 0.0943 0.9878 -0.1241
vn 0.0857 0.9842 -0.1550
vn 0.0423 0.5464 -0.8365
vn 0.0701 0.8972 -0.4360
vn 0.0734 0.9805 -0.1823
vn 0.0380 0.3269 -0.9443
vn 0.0675 0.3041 -0.9503
vn 0.1346 0.2548 -0.9575
vn 0.8483 -0.5294 -0.0033
vn 0.8559 -0.5120 0.0724
vn 0.1830 0.9099 -0.3723
vn 0.0918 0.9882 -0.1222
vn -0.0017 -0.9057 0.4238
vn 0.0000 -0.9023 0.4311
vn -0.0023 -0.9134 0.4069
vn 0.0000 -1.0000 0.0022
vn 0.0000 -1.0000 0.0023
vn 0.0000 -1.0000 0.0021
vn 0.0000 -0.1058 -0.9944
vn 0.0000 -0.4242 -0.9055
vn -0.0025 -0.9212 0.3890
vn 0.0000 -1.0000 0.0020
vn -0.0021 -0.1225 -0.9924
vn -0.0049 -0.4759 -0.8795
vn -0.0032 -0.7915 -0.6112
vn -0.0042 -0.8078 -0.5895
vn 0.0000 0.1522 -0.9883
vn 0.0000 0.0164 -0.9998
vn 0.0000 -0.9839 -0.1784
vn -0.0197 -0.9837 -0.1784
vn -0.0203 -0.9932 -0.1144
vn 0.0000 -0.9936 -0.1129
vn 0.0000 -0.7848 -0.6198
vn -0.0046 -0.8276 -0.5613
vn 0.0090 0.1626 -0.9866
vn 0.0009 0.0178 -0.9998
vn 0.3874 -0.8848 -0.2590
vn 0.5291 -0.8417 -0.1072
vn 0.3850 -0.9205 -0.0664
vn 0.0100 0.4922 -0.8704
vn 0.0000 0.4946 -0.8691
vn 0.0934 0.9929 0.0736
vn 0.0691 0.9939 0.0855
vn 0.0659 0.9917 0.1100
vn 0.0881 0.9916 0.0948
vn 0.0302 0.5136 -0.8575
vn 0.0196 0.4938 -0.8694
vn 0.8610 -0.4422 -0.2510
vn 0.6910 -0.7038 -0.1648
vn 0.0393 0.3239 0.9452
vn 0.0702 0.3240 0.9434
vn 0.0978 0.7646 0.6369
vn 0.0749 0.7592 0.6464
vn 0.1414 0.3442 0.9282
vn 0.1382 0.7806 0.6095
vn 0.1027 0.9495 0.2963
vn 0.0890 0.9449 0.3148
vn 0.1206 0.9535 0.2763
vn 0.0042 0.0368 0.9993
vn 0.0143 0.0359 0.9992
vn 0.0265 0.3235 0.9458
vn 0.0440 0.0339 0.9984
vn 0.1130 0.0325 0.9930
vn 0.2900 0.0381 0.9563
vn 0.3039 0.4271 0.8516
vn 0.2080 0.8288 0.5195
vn 0.1473 0.9641 0.2210
vn 0.1253 0.9842 0.1252
vn 0.1147 0.9839 0.1372
vn 0.1039 0.9826 0.1540
vn 0.0933 0.9802 0.1746
vn 0.0750 0.9393 0.3348
vn 0.0797 0.9770 0.1976
vn 0.0599 0.7533 0.6549
vn 0.7993 0.5826 -0.1469
vn 0.7717 0.5497 -0.3197
vn 0.3451 0.9079 -0.2379
vn 0.3507 0.9206 -0.1718
vn 0.6046 0.4900 -0.6280
vn 0.3040 0.8654 -0.3982
vn 0.1821 0.9641 -0.1932
vn 0.1890 0.9669 -0.1713
vn 0.1708 0.9528 -0.2508
vn 0.9969 0.0766 -0.0190
vn 0.9937 0.0749 -0.0831
vn 0.8004 0.5906 -0.1024
vn 0.9452 0.0681 -0.3193
vn 0.7090 0.0550 -0.7030
vn 0.3516 0.0432 -0.9351
vn 0.3369 0.4221 -0.8416
vn 0.2129 0.8086 -0.5484
vn 0.1449 0.9364 -0.3194
vn 0.1216 0.9614 -0.2468
vn 0.1307 0.9685 -0.2119
vn 0.1360 0.9731 -0.1861
vn 0.1431 0.9741 -0.1750
vn 0.1978 0.9664 -0.1641
vn 0.1522 0.9737 -0.1695
vn 0.3564 0.9213 -0.1552
vn 0.0146 0.3630 -0.9317
vn 0.0307 0.7626 -0.6461
vn 0.0561 0.9194 -0.3893
vn 0.0731 0.9223 -0.3795
vn 0.0370 0.9175 -0.3959
vn 0.0028 0.0470 -0.9989
vn 0.0053 0.0467 -0.9989
vn 0.0019 0.0470 -0.9989
vn 0.0388 0.9533 -0.2995
vn 0.0589 0.9546 -0.2921
vn 0.0768 0.9566 -0.2810
vn -0.0395 -0.9832 -0.1784
vn -0.0593 -0.9822 -0.1782
vn -0.0610 -0.9902 -0.1256
vn -0.0407 -0.9921 -0.1187
vn -0.0770 -0.9807 0.1794
vn -0.0854 -0.9798 0.1806
vn -0.0874 -0.9857 0.1436
vn -0.0809 -0.9865 0.1424
vn -0.0849 -0.9801 0.1795
vn -0.0863 -0.9864 0.1400
vn -0.0879 -0.9858 0.1429
vn -0.0836 -0.9859 0.1448
vn -0.0853 -0.9871 0.1355
vn 0.0043 -0.9405 0.3395
vn -0.0537 -0.9331 0.3556
vn -0.0484 -0.9843 0.1696
vn -0.0737 -0.9306 0.3586
vn -0.0786 -0.9304 0.3580
vn 0.0104 -0.0423 0.9990
vn -0.0278 -0.3959 0.9178
vn -0.0287 -0.3927 0.9192
vn 0.0442 -0.0447 0.9980
vn -0.0072 -0.3860 0.9225
vn 0.1220 -0.0446 0.9915
vn 0.0478 -0.3547 0.9337
vn -0.0588 -0.9899 0.1290
vn -0.0658 -0.9890 0.1326
vn -0.0576 -0.9926 -0.1073
vn -0.0384 -0.9947 -0.0952
vn -0.0375 -0.9334 -0.3569
vn -0.0563 -0.9325 -0.3567
vn 0.0535 0.8805 -0.4710
vn 0.3265 -0.0345 0.9445
vn 0.1917 -0.2661 0.9446
vn -0.0016 -0.0238 -0.9997
vn -0.0216 -0.3794 -0.9250
vn -0.0280 -0.3872 -0.9216
vn -0.0003 -0.0311 -0.9995
vn -0.0191 -0.9959 -0.0878
vn 0.0000 -0.9963 -0.0853
vn 0.0000 -0.9342 -0.3567
vn -0.0187 -0.9340 -0.3568
vn 0.0437 0.9947 0.0934
vn 0.0210 0.9951 0.0966
vn 0.0205 0.9921 0.1237
vn 0.0422 0.9919 0.1199
vn 0.0000 0.2659 0.9640
vn 0.0146 0.7059 0.7081
vn 0.0000 0.7060 0.7082
vn -0.0070 -0.3696 -0.9291
vn -0.0141 -0.3731 -0.9276
vn -0.0007 -0.0158 -0.9998
vn 0.0356 0.8688 -0.4938
vn 0.0560 0.9757 -0.2116
vn 0.0374 0.9722 -0.2309
vn 0.0132 0.3506 -0.9364
vn 0.0197 0.3449 -0.9384
vn 0.2523 0.1701 0.9526
vn 0.1159 0.2642 0.9575
vn 0.0000 0.9952 0.0973
vn 0.0000 0.9922 0.1246
vn 0.0201 0.9853 0.1697
vn 0.0409 0.9854 0.1651
vn 0.0000 0.9853 0.1708
vn 0.0215 0.9966 0.0788
vn 0.0454 0.9961 0.0761
vn 0.0000 0.9968 0.0794
vn 0.0000 0.9710 0.2391
vn 0.0196 0.9710 0.2380
vn 0.0397 0.9716 0.2331
vn 0.0072 0.3627 -0.9319
vn 0.0152 0.7619 -0.6475
vn 0.1321 0.9904 0.0396
vn 0.1214 0.9913 0.0501
vn 0.1139 0.9914 0.0641
vn 0.1245 0.9909 0.0511
vn 0.1102 0.9920 0.0615
vn 0.1033 0.9915 0.0789
vn 0.1079 0.9897 0.0939
vn 0.1183 0.9900 0.0772
vn 0.0977 0.9888 0.1129
vn 0.1563 0.9873 0.0269
vn 0.1415 0.9893 0.0336
vn 0.1470 0.9886 0.0317
vn 0.1302 0.9906 0.0418
vn 0.1182 0.9917 0.0506
vn 0.0997 0.9932 0.0600
vn 0.0836 0.9875 0.1334
vn 0.1346 0.9879 0.0767
vn 0.1398 0.9892 0.0439
vn 0.0631 0.9862 0.1529
vn 0.0730 0.9949 0.0696
vn 0.0607 0.9737 0.2195
vn 0.0128 0.3193 0.9475
vn 0.0194 0.3211 0.9468
vn 0.0453 0.7459 0.6644
vn 0.0298 0.7412 0.6706
vn 0.0000 0.3627 -0.9319
vn 0.0000 0.7618 -0.6478
vn 0.0184 0.9170 -0.3985
vn 0.0000 0.9169 -0.3991
vn 0.0009 0.0470 -0.9989
vn 0.0000 0.0471 -0.9989
vn 0.0000 0.9529 -0.3031
vn 0.0192 0.9530 -0.3024
vn 0.0000 0.3188 0.9478
vn 0.0063 0.3188 0.9478
vn 0.0148 0.7397 0.6727
vn 0.0000 0.7395 0.6732
vn 0.0186 0.9284 0.3711
vn 0.0000 0.9282 0.3721
vn 0.0376 0.9296 0.3667
vn 0.0007 0.0370 0.9993
vn 0.0000 0.0370 0.9993
vn 0.0015 0.0369 0.9993
vn 0.0000 -0.3685 -0.9296
vn 0.1621 0.3691 -0.9151
vn 0.0808 0.3591 -0.9298
vn 0.0988 0.7688 -0.6318
vn 0.1404 0.7754 -0.6157
vn 0.0448 0.3630 -0.9307
vn 0.0757 0.7693 -0.6343
vn 0.0992 0.9264 -0.3633
vn 0.1172 0.9276 -0.3545
vn 0.0862 0.9247 -0.3707
vn 0.1437 0.0402 -0.9888
vn 0.0562 0.0428 -0.9975
vn 0.0183 0.0455 -0.9988
vn 0.0894 0.9587 -0.2700
vn 0.0994 0.9603 -0.2604
vn 0.1104 0.9612 -0.2528
vn 0.0572 0.9333 0.3545
vn 0.0022 0.0369 0.9993
vn 0.0264 0.3377 -0.9409
vn 0.0967 0.7636 0.6384
vn 0.0732 0.7520 0.6550
vn 0.1419 0.7722 0.6193
vn 0.0979 0.9437 0.3158
vn 0.0838 0.9371 0.3387
vn 0.1183 0.9500 0.2889
vn 0.2494 0.7678 0.5901
vn 0.1550 0.9560 0.2489
vn 0.0607 0.3023 0.9513
vn 0.0360 0.3204 0.9466
vn 0.0586 0.7383 0.6719
vn 0.0693 0.9280 0.3659
vn 0.2215 -0.9751 0.0038
vn 0.1424 -0.9878 0.0622
vn 0.0715 -0.9967 0.0376
vn 0.1175 -0.9930 -0.0049
vn 0.0284 -0.9907 0.1333
vn -0.0049 -0.9956 0.0933
vn 0.0348 -0.9990 0.0266
vn 0.0641 -0.9979 -0.0100
vn -0.0212 -0.9958 0.0890
vn 0.4910 -0.8711 -0.0130
vn 0.4626 -0.8863 0.0208
vn 0.2438 -0.9697 -0.0162
vn 0.3549 -0.9260 0.1288
vn 0.1578 -0.9490 0.2730
vn 0.0179 0.8663 -0.4991
vn 0.7256 -0.0110 0.6880
vn 0.5403 -0.0040 0.8414
vn 0.9553 -0.0135 0.2954
vn 0.8466 0.3701 0.3823
vn 0.1257 -0.9919 -0.0175
vn 0.0684 -0.9975 -0.0179
vn 0.0176 0.9086 0.4172
vn 0.0000 0.9083 0.4182
vn 0.0349 0.9110 0.4108
vn 0.0000 0.1108 0.9938
vn 0.0000 -0.0170 0.9998
vn 0.0000 0.3462 0.9381
vn -0.0197 -0.9837 0.1784
vn -0.0203 -0.9932 0.1145
vn 0.0523 0.9179 0.3934
vn 0.0797 0.9673 -0.2408
vn 0.0608 0.9658 -0.2519
vn 0.0630 0.9710 -0.2306
vn 0.0831 0.9719 -0.2202
vn 0.0000 -0.9839 0.1784
vn 0.0000 -0.9936 0.1131
vn -0.0191 -0.9959 0.0881
vn 0.0000 -0.9963 0.0857
vn -0.0187 -0.9340 0.3568
vn 0.0000 -0.9342 0.3567
vn -0.0070 -0.3748 0.9271
vn 0.0000 -0.3736 0.9275
vn 0.9954 -0.0629 -0.0719
vn 0.9382 0.1194 -0.3247
vn 0.6138 0.7556 -0.2284
vn 0.6979 0.7028 -0.1377
vn 0.3750 0.8568 -0.3538
vn 0.0882 0.9843 -0.1524
vn 0.1136 0.9803 -0.1616
vn 0.0853 0.9872 -0.1348
vn 0.9585 -0.2846 0.0155
vn 0.9976 -0.0696 0.0042
vn 0.9977 -0.0672 0.0020
vn 0.9618 -0.2736 0.0073
vn 0.8725 -0.4885 -0.0094
vn 0.9939 -0.1098 0.0075
vn 0.8915 -0.4505 0.0475
vn 0.9637 -0.0560 -0.2610
vn 0.8414 -0.4541 -0.2929
vn 0.9976 -0.0425 -0.0539
vn 0.8379 -0.5457 0.0114
vn 0.9995 -0.0329 0.0000
vn 0.8276 -0.5545 0.0866
vn 0.8475 -0.5293 0.0396
vn 1.0000 0.0013 -0.0006
vn 1.0000 0.0016 -0.0003
vn 0.8493 -0.5275 0.0182
vn 0.7233 0.6809 -0.1153
vn 0.1586 0.9739 -0.1624
vn 0.0000 0.8671 -0.4982
vn 0.0188 0.9710 -0.2381
vn 0.0000 0.9709 -0.2393
vn 0.0398 0.9650 -0.2592
vn 0.0196 0.9648 -0.2622
vn 0.0199 0.9705 -0.2404
vn 0.0408 0.9705 -0.2376
vn 0.7404 0.6324 0.2277
vn 0.5076 0.7143 0.4817
vn 0.8040 0.5916 0.0596
vn 0.3139 0.9460 0.0806
vn 0.2284 0.9580 0.1734
vn 0.3583 0.9331 0.0306
vn 0.8132 0.5817 0.0153
vn 0.3728 0.9277 0.0182
vn 0.8333 -0.3965 0.3851
vn 0.5620 -0.0754 0.8237
vn 0.9971 -0.0756 0.0069
vn 0.9963 -0.0851 0.0097
vn 0.7730 0.6278 -0.0907
vn 0.7955 0.6020 -0.0689
vn 0.9951 -0.0984 0.0127
vn 0.7471 0.6561 -0.1062
vn 0.2812 0.9505 -0.1319
vn 0.3359 0.9363 -0.1028
vn 0.2180 0.9640 -0.1523
vn -0.0303 0.1984 -0.9796
vn -0.0590 0.5757 -0.8155
vn -0.0423 0.5464 -0.8365
vn -0.0144 0.1805 -0.9835
vn 0.9511 -0.3078 0.0254
vn 0.9380 -0.3447 0.0356
vn 0.9178 -0.3944 0.0456
vn 0.8310 -0.5489 0.0898
vn 0.9997 -0.0237 0.0035
vn 0.9999 -0.0141 0.0015
vn 0.8371 -0.5412 0.0788
vn 1.0000 -0.0051 -0.0000
vn 0.8431 -0.5342 0.0617
vn 0.8626 0.4978 -0.0897
vn 0.8601 0.5035 -0.0819
vn 0.8105 0.5842 -0.0428
vn 0.3732 0.9253 -0.0674
vn 0.1328 -0.9884 -0.0736
vn 0.2887 -0.9567 0.0362
vn 0.2022 -0.9767 0.0717
vn 0.0887 -0.9958 -0.0235
vn 0.3804 -0.9171 0.1185
vn 0.2550 -0.9571 0.1374
vn 0.1335 -0.9866 0.0938
vn 0.0532 -0.9985 -0.0068
vn 0.1653 -0.9749 0.1487
vn 0.2652 -0.9418 -0.2064
vn 0.4710 -0.8816 -0.0315
vn 0.5723 -0.8153 0.0885
vn 0.5892 -0.7978 0.1282
vn 0.3910 -0.9084 0.1483
vn 0.2497 -0.9553 0.1581
vn 0.1586 -0.9739 0.1625
vn 0.8538 0.5192 -0.0379
vn 0.8536 0.5206 -0.0175
vn 0.8665 0.4777 -0.1446
vn 0.8466 0.3788 -0.3739
vn 0.6180 0.0781 -0.7822
vn 0.2151 -0.9760 0.0334
vn 0.2221 -0.9750 0.0057
vn 0.1064 -0.9943 0.0069
vn 0.1017 -0.9942 0.0352
vn 0.2362 -0.9716 -0.0116
vn 0.1175 -0.9930 -0.0112
vn 0.0545 -0.9984 0.0087
vn 0.0515 -0.9980 0.0367
vn 0.0622 -0.9980 -0.0099
vn 0.4803 -0.8748 0.0636
vn 0.4725 -0.8808 0.0295
vn 0.2265 -0.9714 0.0709
vn 0.4777 -0.8785 0.0045
vn 0.4875 -0.8730 -0.0108
vn 1.0000 -0.0042 -0.0001
vn 0.8552 0.5183 0.0067
vn 1.0000 -0.0007 -0.0001
vn 0.8542 0.5198 -0.0025
vn 0.1113 -0.9911 0.0727
vn 0.0584 -0.9956 0.0733
vn 0.0658 0.9734 -0.2191
vn 0.0876 0.9739 -0.2094
vn 0.0421 0.9733 -0.2257
vn 0.0439 0.9752 -0.2171
vn 0.0695 0.9750 -0.2108
vn 0.0935 0.9750 -0.2016
vn 0.1169 0.9929 -0.0219
vn 0.0842 0.9962 -0.0193
vn 0.0814 0.9964 0.0219
vn 0.1127 0.9935 0.0165
vn 0.0509 0.9985 -0.0174
vn 0.0495 0.9984 0.0257
vn 0.0773 0.9957 0.0508
vn 0.1065 0.9933 0.0433
vn 0.0475 0.9973 0.0561
vn 0.0848 0.9937 -0.0732
vn 0.1176 0.9904 -0.0724
vn 0.0512 0.9959 -0.0737
vn -0.0023 -0.9643 -0.2647
vn -0.0025 -0.9692 -0.2461
vn -0.0009 -0.9972 -0.0751
vn -0.0009 -0.9967 -0.0812
vn 0.1128 0.9712 -0.2100
vn 0.1022 0.9702 -0.2194
vn 0.1069 0.9739 -0.1999
vn 0.1180 0.9745 -0.1910
vn 0.0926 0.9688 -0.2297
vn 0.0969 0.9729 -0.2097
vn 0.1133 0.9751 -0.1905
vn 0.1249 0.9753 -0.1818
vn 0.1026 0.9745 -0.1997
vn 0.1101 0.9751 -0.1926
vn 0.1217 0.9753 -0.1842
vn 0.1338 0.9752 -0.1762
vn 0.1665 0.9856 -0.0285
vn 0.1538 0.9877 -0.0264
vn 0.1481 0.9889 0.0069
vn 0.1605 0.9870 0.0026
vn 0.1394 0.9899 -0.0243
vn 0.1343 0.9909 0.0115
vn 0.1396 0.9897 0.0293
vn 0.1514 0.9882 0.0230
vn 0.1266 0.9913 0.0360
vn 0.1843 0.9804 -0.0694
vn 0.1678 0.9833 -0.0699
vn 0.1824 0.9827 -0.0301
vn 0.1547 0.9854 -0.0706
vn 0.1402 0.9875 -0.0714
vn 0.1666 0.9858 0.0180
vn 0.1759 0.9844 -0.0009
vn 0.0000 0.9648 -0.2629
vn 0.0000 0.9705 -0.2411
vn 0.0204 0.9733 -0.2285
vn 0.0000 0.9734 -0.2291
vn 0.0000 0.9754 -0.2203
vn 0.0209 0.9753 -0.2197
vn 0.0233 0.9996 -0.0166
vn 0.0228 0.9994 0.0274
vn 0.0000 0.9998 -0.0164
vn 0.0000 0.9996 0.0278
vn 0.0222 0.9980 0.0584
vn 0.0000 0.9983 0.0589
vn 0.0233 0.9970 -0.0739
vn 0.0000 0.9973 -0.0739
vn 0.0000 -0.9582 -0.2860
vn -0.0018 -0.9600 -0.2799
vn -0.0007 -0.9962 -0.0863
vn 0.0000 -0.9961 -0.0884
vn 0.5788 0.5214 0.6270
vn 0.7672 0.5789 0.2759
vn 0.3345 0.9355 0.1139
vn 0.2995 0.8962 0.3271
vn 0.7878 0.6122 0.0669
vn 0.3309 0.9429 0.0365
vn 0.1800 0.9823 0.0522
vn 0.1713 0.9771 0.1263
vn 0.1851 0.9823 0.0286
vn 0.6592 0.0582 0.7497
vn 0.9359 0.0752 0.3440
vn 0.9935 0.0835 0.0773
vn 0.9963 0.0857 0.0081
vn 0.7842 0.6203 0.0165
vn 0.3343 0.9422 0.0203
vn 0.1935 0.9808 0.0226
vn 0.7970 0.6003 -0.0662
vn 0.7996 0.5947 -0.0830
vn 0.3665 0.9215 -0.1285
vn 0.3672 0.9246 -0.1015
vn 0.8007 0.5917 -0.0938
vn 0.3628 0.9203 -0.1460
vn 0.2157 0.9669 -0.1359
vn 0.2215 0.9693 -0.1068
vn 0.2073 0.9659 -0.1549
vn 0.9964 0.0841 -0.0061
vn 0.9966 0.0818 -0.0092
vn 0.7938 0.6066 -0.0433
vn 0.9968 0.0793 -0.0112
vn 0.9969 0.0776 -0.0124
vn 0.1627 0.9737 -0.1595
vn 0.1729 0.9750 -0.1394
vn 0.1807 0.9774 -0.1091
vn 0.2232 0.9723 -0.0688
vn 0.3647 0.9288 -0.0659
vn -0.0023 -0.9733 -0.2296
vn -0.0001 -0.9976 -0.0696
vn -0.0002 -0.9998 -0.0157
vn -0.0002 -0.9998 -0.0170
vn 0.0009 -0.9999 -0.0146
vn 0.0013 -1.0000 -0.0013
vn 0.0000 -1.0000 -0.0014
vn 0.0000 -1.0000 -0.0015
vn 0.0018 -1.0000 0.0000
vn 0.0017 -1.0000 0.0000
vn -0.0002 -0.9998 -0.0181
vn 0.0000 -0.9998 -0.0186
vn 0.0000 -1.0000 -0.0016
vn 0.5360 -0.8442 0.0048
vn 0.3880 -0.9216 -0.0009
vn 0.2526 -0.9520 -0.1726
vn 0.5633 -0.8256 0.0327
vn 0.4056 -0.9139 0.0160
vn 0.7085 -0.7056 0.0073
vn 0.7425 -0.6680 0.0486
vn 0.8679 -0.4964 0.0189
vn 0.8765 -0.4813 0.0095
vn 0.7161 -0.6979 0.0085
vn 0.7024 -0.7116 0.0158
vn 0.5316 -0.8469 0.0053
vn 0.7217 -0.6922 0.0034
vn 0.5387 -0.8425 0.0024
vn 0.2626 -0.9649 -0.0051
vn 0.2755 -0.9613 0.0070
vn 0.2562 -0.9653 -0.0511
vn 0.7223 -0.6915 0.0002
vn 0.5411 -0.8409 0.0006
vn 0.5173 -0.8558 0.0092
vn 0.3567 -0.9342 0.0046
vn 0.3684 -0.9296 0.0027
vn 0.8791 -0.4765 0.0030
vn 0.8784 -0.4778 -0.0010
vn 0.7852 -0.6174 0.0482
vn 0.6030 -0.7970 0.0344
vn 0.4334 -0.9010 0.0179
vn 0.6437 -0.7646 0.0302
vn 0.4650 -0.8851 0.0164
vn 0.3772 -0.9261 0.0004
vn 0.3747 -0.9271 0.0013
vn 0.0078 -0.9760 -0.2177
vn 0.0465 -0.9777 -0.2048
vn 0.0507 -0.9969 -0.0603
vn 0.0106 -0.9978 -0.0652
vn 0.1273 -0.9752 -0.1807
vn 0.1377 -0.9890 -0.0536
vn 0.0551 -0.9984 -0.0116
vn 0.0126 -0.9998 -0.0134
vn 0.1450 -0.9894 -0.0085
vn 0.1534 -0.9881 0.0027
vn 0.0589 -0.9983 0.0002
vn 0.0138 -0.9999 -0.0009
vn 0.0192 -0.9998 0.0001
vn 0.0815 -0.9966 0.0005
vn 0.0831 -0.9965 0.0002
vn 0.0196 -0.9998 0.0000
vn 0.2096 -0.9778 0.0013
vn 0.2136 -0.9769 0.0006
vn 0.0838 -0.9965 0.0001
vn 0.0197 -0.9998 0.0000
vn 0.2152 -0.9766 0.0002
vn 0.0185 -0.9998 0.0002
vn 0.0785 -0.9969 0.0008
vn 0.2022 -0.9793 0.0022
vn 0.9626 -0.2710 0.0017
vn 0.9620 -0.2731 -0.0017
vn 0.9977 -0.0668 0.0005
vn 0.9977 -0.0676 -0.0005
vn 0.8228 -0.5669 0.0398
vn 0.8505 -0.5252 0.0297
vn -0.0656 0.0138 -0.9977
vn -0.0724 0.2086 -0.9753
vn -0.0184 0.0244 -0.9995
vn -0.0003 0.0163 -0.9998
vn 0.0013 -0.1083 -0.9941
vn 0.0019 -0.1145 -0.9934
vn -0.0006 0.0164 -0.9998
vn 0.6781 -0.7346 0.0237
vn 0.0149 -0.9999 0.0003
vn 0.0635 -0.9980 0.0014
vn 0.0688 -0.9976 0.0013
vn 0.0162 -0.9998 0.0003
vn 0.1647 -0.9863 0.0039
vn 0.1781 -0.9840 0.0037
vn 0.0741 -0.9972 0.0011
vn 0.0175 -0.9998 0.0002
vn 0.1914 -0.9815 0.0031
vn 0.0014 -1.0000 0.0000
vn 0.2946 -0.9556 0.0084
vn 0.3171 -0.9484 0.0078
vn 0.3389 -0.9408 0.0065
vn 0.0016 -1.0000 0.0000
vn 0.0015 -1.0000 0.0000
vn 0.4944 -0.8691 0.0133
vn -0.0665 -0.3569 0.9318
vn -0.0644 -0.0913 0.9937
vn -0.1866 -0.1685 0.9679
vn -0.1876 -0.4279 0.8841
vn 0.0460 0.9784 -0.2016
vn 0.0216 0.9787 -0.2040
vn 0.0223 0.9843 -0.1748
vn 0.0483 0.9837 -0.1729
vn 0.1007 0.9770 -0.1877
vn 0.0740 0.9778 -0.1959
vn 0.0788 0.9826 -0.1683
vn 0.1082 0.9809 -0.1617
vn 0.7857 0.6185 0.0075
vn 0.7884 0.6152 -0.0033
vn 0.3518 0.9361 -0.0044
vn 0.3428 0.9393 0.0121
vn 0.7911 0.6113 -0.0204
vn 0.3594 0.9326 -0.0306
vn 0.2130 0.9770 -0.0033
vn 0.2036 0.9789 0.0145
vn 0.2201 0.9749 -0.0312
vn 0.9963 0.0860 0.0010
vn 0.9963 0.0858 -0.0005
vn 0.9963 0.0852 -0.0029
vn 0.0000 0.9788 -0.2046
vn 0.0000 0.9845 -0.1753
vn 0.0230 0.9911 -0.1312
vn 0.0503 0.9902 -0.1300
vn 0.0000 0.9913 -0.1315
vn 0.0000 0.0000 1.0000
vn 0.0000 -0.0322 0.9995
vn -0.0006 -0.0322 0.9995
vn 0.1444 0.9756 -0.1652
vn 0.1317 0.9762 -0.1722
vn 0.1420 0.9785 -0.1494
vn 0.1550 0.9774 -0.1439
vn 0.1192 0.9765 -0.1797
vn 0.1285 0.9795 -0.1552
vn 0.1504 0.9819 -0.1152
vn 0.1635 0.9802 -0.1118
vn 0.1362 0.9835 -0.1189
vn 0.1144 0.9858 -0.1230
vn 0.0827 0.9884 -0.1272
vn -0.0013 -0.0322 0.9995
vn -0.0019 -0.0321 0.9995
vn 0.3582 -0.9219 0.1478
vn 0.3098 -0.9414 0.1335
vn 0.1770 -0.9745 0.1380
vn 0.2182 -0.9636 0.1547
vn 0.2610 -0.9593 0.1077
vn 0.1380 -0.9843 0.1102
vn 0.1048 -0.9848 0.1382
vn 0.1345 -0.9785 0.1562
vn 0.0772 -0.9909 0.1100
vn 0.5693 -0.8118 0.1301
vn 0.5374 -0.8349 0.1187
vn 0.5043 -0.8581 0.0966
vn -0.0380 0.3269 -0.9443
vn -0.0156 -0.0346 -0.9993
vn 0.0003 -0.0311 -0.9995
vn -0.0264 0.3377 -0.9409
vn 0.8552 0.5150 -0.0584
vn 0.8575 0.5093 -0.0732
vn 0.8182 0.5749 -0.0020
vn 0.8156 0.5785 0.0079
vn 0.8177 0.5753 -0.0187
vn 0.3914 0.9202 -0.0080
vn 0.3832 0.9236 0.0090
vn 0.3904 0.9200 -0.0335
vn 0.8492 -0.5279 0.0027
vn 0.8483 -0.5295 -0.0067
vn 0.9972 -0.0746 0.0004
vn 0.9972 -0.0746 0.0025
vn 0.9984 -0.0561 0.0019
vn 0.9984 -0.0562 0.0003
vn 0.9984 -0.0562 -0.0006
vn 0.9972 -0.0745 0.0054
vn 0.9984 -0.0559 0.0040
vn 0.9972 -0.0744 0.0083
vn 0.9972 -0.0743 0.0104
vn 0.9984 -0.0554 0.0078
vn 0.9984 -0.0557 0.0062
vn 0.9984 -0.0563 0.0055
vn 0.9972 -0.0749 0.0053
vn 0.9972 -0.0747 -0.0009
vn 0.9972 -0.0743 0.0118
vn 0.9984 -0.0552 0.0088
vn 0.9972 -0.0744 0.0057
vn 0.9985 -0.0551 0.0026
vn 0.6402 -0.0710 0.7649
vn 0.9315 -0.0802 0.3548
vn 0.9344 -0.0527 0.3521
vn 0.6442 -0.0363 0.7640
vn 0.9940 -0.0767 0.0772
vn 0.9955 -0.0561 0.0765
vn 0.0013 -0.0001 1.0000
vn -0.0012 -0.0322 0.9995
vn 0.2785 -0.0157 0.9603
vn 0.2756 -0.0503 0.9600
vn 0.0000 0.0000 -1.0000
vn 0.0017 -0.0001 -1.0000
vn -0.0008 -0.0323 -0.9995
vn -0.0019 -0.0321 -0.9995
vn 0.1360 -0.0413 -0.9898
vn 0.0493 -0.0356 -0.9981
vn 0.0521 -0.0029 -0.9986
vn 0.1384 -0.0078 -0.9903
vn 0.0115 -0.0331 -0.9994
vn 0.0143 -0.0008 -0.9999
vn 0.3428 -0.0192 -0.9392
vn 0.3412 -0.0546 -0.9384
vn -0.0013 -0.0322 -0.9995
vn -0.0006 -0.0322 -0.9995
vn 0.0000 -0.0323 -0.9995
vn -0.0284 -0.7078 -0.7058
vn -0.0142 -0.7084 -0.7057
vn -0.0057 -0.2858 -0.9583
vn -0.0115 -0.2855 -0.9583
vn -0.0537 -0.7064 -0.7057
vn -0.0427 -0.7071 -0.7058
vn -0.0172 -0.2851 -0.9583
vn -0.0205 -0.2853 -0.9582
vn 0.9952 -0.0759 -0.0612
vn 0.9475 -0.0795 -0.3097
vn 0.9491 -0.0527 -0.3105
vn 0.9964 -0.0551 -0.0635
vn 0.7019 -0.0739 -0.7084
vn 0.7038 -0.0392 -0.7093
vn 0.0082 -0.0329 0.9994
vn 0.0374 -0.0347 0.9987
vn 0.0404 -0.0023 0.9992
vn 0.0111 -0.0006 0.9999
vn 0.1047 -0.0392 0.9937
vn 0.1078 -0.0061 0.9941
vn 0.0123 -0.2886 0.9573
vn -0.0145 -0.2860 0.9581
vn -0.0548 -0.7060 0.7060
vn -0.0382 -0.7076 0.7056
vn 0.0063 -0.7140 0.7002
vn 0.0764 -0.2961 0.9521
vn 0.2403 -0.3134 0.9187
vn -0.0541 -0.7064 0.7057
vn 0.1245 -0.7291 0.6730
vn -0.0209 -0.2852 0.9582
vn 0.9138 -0.2852 -0.2891
vn 0.9709 -0.2358 -0.0404
vn 0.8307 -0.5562 0.0219
vn 0.7421 -0.6476 -0.1727
vn 0.4983 -0.7292 -0.4689
vn 0.6640 -0.3293 -0.6713
vn 0.3139 -0.3214 -0.8934
vn 0.8457 -0.5274 0.0810
vn 0.2007 -0.7374 -0.6449
vn 0.9748 -0.2210 0.0295
vn -0.0284 -0.7078 0.7058
vn -0.0427 -0.7071 0.7058
vn -0.0172 -0.2851 0.9583
vn -0.0115 -0.2855 0.9583
vn 0.0000 -0.7086 0.7056
vn -0.0142 -0.7084 0.7057
vn -0.0057 -0.2858 0.9583
vn 0.0000 -0.2859 0.9583
vn 0.0000 -0.7086 -0.7056
vn 0.0000 -0.2859 -0.9583
vn 0.0256 -0.2904 -0.9565
vn 0.1114 -0.3008 -0.9471
vn 0.0411 -0.7197 -0.6930
vn -0.0248 -0.7097 -0.7040
vn -0.0510 -0.7065 -0.7058
vn -0.0108 -0.2865 -0.9580
vn 0.0024 -0.3041 0.9526
vn 0.0033 -0.3004 0.9538
vn 0.0019 -0.0952 0.9955
vn 0.0019 -0.0938 0.9956
vn 0.8842 -0.3019 0.3562
vn 0.5889 -0.3302 0.7376
vn 0.4022 -0.7372 0.5429
vn 0.6763 -0.6882 0.2625
vn 0.7913 -0.6087 0.0573
vn 0.9651 -0.2495 0.0791
vn 0.9729 -0.2313 0.0029
vn 0.8173 -0.5761 -0.0047
vn 0.9740 -0.2244 0.0317
vn 0.9735 -0.2272 0.0254
vn 0.8227 -0.5649 0.0637
vn 0.8320 -0.5492 0.0783
vn 0.8410 -0.5342 0.0857
vn 0.9745 -0.2216 0.0354
vn 0.8162 -0.5763 0.0416
vn 0.9732 -0.2291 0.0164
vn 0.9731 -0.2302 0.0011
vn 0.9732 -0.2298 -0.0029
vn 0.8181 -0.5750 -0.0075
vn 0.8154 -0.5788 0.0023
vn 0.8139 -0.5806 0.0189
vn 0.9731 -0.2302 0.0076
vn -0.9972 -0.0747 -0.0009
vn -0.9984 -0.0562 -0.0006
vn -0.9984 -0.0562 0.0003
vn -0.9972 -0.0746 0.0004
vn -0.0113 -0.3226 0.9465
vn -0.0123 -0.0724 0.9973
vn -0.3172 -0.7776 0.5429
vn -0.1795 -0.7525 0.6336
vn -0.3928 -0.5991 0.6976
vn -0.0672 -0.7157 0.6952
vn -0.0111 -0.6914 0.7223
vn 0.0033 -0.6785 0.7345
vn -0.4205 -0.3573 0.8339
vn 0.0005 0.0027 1.0000
vn -0.0131 0.0083 0.9999
vn -0.0572 0.0112 0.9983
vn -0.1572 -0.0198 0.9873
vn -0.0602 -0.5459 -0.8357
vn -0.0675 -0.1664 -0.9837
vn -0.0143 -0.1391 -0.9901
vn -0.0090 -0.5192 -0.8546
vn -0.1732 -0.0673 -0.9826
vn -0.1664 0.1778 -0.9699
vn -0.3837 0.0306 -0.9229
vn -0.3833 -0.3001 -0.8735
vn -0.1869 -0.2810 -0.9413
vn -0.3700 -0.5279 -0.7645
vn 0.0007 -0.9911 0.1325
vn 0.0002 -0.9996 0.0263
vn -0.0031 0.0206 -0.9998
vn -0.9621 -0.2650 0.0645
vn -0.9962 -0.0358 0.0788
vn -0.9978 -0.0661 0.0059
vn -0.9613 -0.2755 0.0026
vn -0.3341 0.5340 -0.7766
vn -0.1598 0.5977 -0.7856
vn -0.0916 0.5969 -0.7971
vn -0.8649 -0.4389 0.2436
vn -0.9276 -0.2069 0.3110
vn -0.8782 -0.4758 0.0477
vn -0.7062 -0.3171 0.6330
vn -0.6947 -0.0769 0.7151
vn -0.3335 0.0493 0.9414
vn -0.3841 -0.1321 0.9138
vn -0.7239 -0.6892 0.0308
vn -0.7278 -0.6659 0.1642
vn -0.6542 -0.5640 0.5039
vn -0.0009 0.0178 -0.9998
vn 0.0021 -0.1225 -0.9924
vn 0.0010 -0.1315 -0.9913
vn -0.8769 -0.4807 0.0016
vn -0.0049 0.2683 0.9633
vn -0.0012 0.1171 0.9931
vn -0.3081 0.3161 0.8973
vn -0.6592 0.2255 0.7173
vn -0.9356 0.0749 0.3450
vn 0.0000 1.0000 0.0065
vn -0.7129 0.7013 0.0046
vn -0.7012 0.7129 0.0047
vn -0.1651 -0.6057 -0.7783
vn -0.3149 -0.7522 -0.5788
vn 0.0050 -0.8449 -0.5349
vn -0.0063 -0.8567 -0.5157
vn 0.0050 -0.5005 -0.8657
vn -0.0488 -0.8684 -0.4935
vn -0.1305 -0.8841 -0.4487
vn -0.2294 -0.8963 -0.3794
vn -0.5488 -0.8298 0.1009
vn -0.5432 -0.8394 0.0193
vn -0.0191 -0.9996 0.0211
vn -0.0172 -0.9941 0.1072
vn -0.0787 -0.9919 0.0990
vn -0.0826 -0.9964 0.0193
vn -0.0138 -0.9327 0.3603
vn -0.0719 -0.9381 0.3389
vn -0.2094 -0.9740 0.0868
vn -0.2143 -0.9766 0.0171
vn -0.1928 -0.9359 0.2947
vn -0.0018 -1.0000 0.0019
vn -0.0015 -0.9997 0.0223
vn -0.0197 -0.9998 0.0018
vn -0.0004 -0.9936 0.1128
vn 0.0016 -0.9271 0.3748
vn -0.3664 -0.8933 0.2601
vn -0.3771 -0.9227 0.0801
vn -0.3779 -0.9257 0.0160
vn -0.2155 -0.9765 0.0014
vn -0.3778 -0.9258 0.0014
vn -0.0838 -0.9965 0.0016
vn -0.5340 -0.7706 0.3479
vn -0.5414 -0.8407 0.0015
vn -0.7214 -0.6925 0.0015
vn 0.0007 -0.1254 0.9921
vn 0.0027 -0.0938 0.9956
vn 0.0026 -0.2878 0.9577
vn 0.0020 -0.2833 0.9590
vn 0.0824 -0.9803 -0.1791
vn 0.0836 -0.9868 -0.1385
vn 0.0782 -0.9873 -0.1380
vn 0.0763 -0.9810 -0.1782
vn 0.0836 -0.9875 -0.1338
vn 0.0811 -0.9872 -0.1371
vn 0.0582 -0.9901 -0.1272
vn 0.0534 -0.9838 -0.1708
vn 0.0655 -0.9895 -0.1284
vn 0.0717 -0.9314 -0.3569
vn 0.0758 -0.9810 -0.1783
vn 0.0756 -0.9308 -0.3576
vn 0.0774 -0.9880 -0.1336
vn 0.0744 -0.9897 -0.1220
vn -0.0599 -0.0357 -0.9976
vn -0.0048 -0.3732 -0.9277
vn 0.0246 -0.3889 -0.9210
vn -0.1606 -0.0335 -0.9864
vn -0.0806 -0.3282 -0.9412
vn -0.4013 -0.0287 -0.9155
vn -0.2651 -0.2083 -0.9414
vn -0.9978 -0.0110 0.0645
vn -0.8642 0.4962 0.0833
vn -0.8565 0.5159 0.0160
vn -0.9999 -0.0078 0.0054
vn 0.0254 -0.9954 -0.0921
vn 0.0092 -0.9955 -0.0936
vn -0.0057 -0.9895 -0.1445
vn 0.0257 -0.9374 -0.3472
vn -0.0682 -0.9473 -0.3129
vn 0.0629 -0.9322 -0.3564
vn 0.0039 -0.6605 0.7508
vn 0.0033 -0.6373 0.7706
vn -1.0000 0.0000 -0.0010
vn -0.5058 -0.7587 -0.4104
vn -0.6078 -0.5751 -0.5476
vn 0.0761 -0.9810 0.1784
vn 0.0777 -0.9879 0.1339
vn 0.0610 -0.9901 0.1259
vn 0.0593 -0.9822 0.1782
vn 0.0005 -0.1328 0.9911
vn 0.0015 -0.2789 0.9603
vn -0.0100 0.4922 -0.8704
vn -0.0031 0.1511 -0.9885
vn -0.0058 0.1521 -0.9883
vn -0.0196 0.4938 -0.8694
vn 0.0395 -0.9832 0.1784
vn 0.0407 -0.9921 0.1189
vn 0.0203 -0.9932 0.1145
vn 0.0197 -0.9837 0.1784
vn -0.0542 0.0960 0.9939
vn -0.1360 0.0945 0.9862
vn 0.0025 -0.6219 0.7830
vn 0.7136 0.7005 0.0045
vn 0.7004 0.7137 0.0046
vn 0.0032 -0.4320 -0.9019
vn 0.0043 -0.4512 -0.8924
vn -0.0170 0.0797 0.9967
vn -0.0056 0.0813 0.9966
vn -0.0215 0.2777 0.9604
vn -0.0051 0.1097 0.9939
vn -0.0034 0.1387 0.9903
vn -0.0101 0.2784 0.9604
vn -0.0229 0.2852 0.9582
vn -0.0356 0.3005 0.9531
vn -0.0682 0.3204 0.9448
vn -0.1386 0.3323 0.9329
vn -1.0000 0.0000 0.0001
vn 0.0016 -0.0052 1.0000
vn 0.0018 -0.0065 1.0000
vn -0.7032 -0.2344 -0.6711
vn -0.6901 0.3381 -0.6398
vn -0.0797 0.9673 -0.2408
vn -0.0831 0.9719 -0.2202
vn -0.0630 0.9710 -0.2306
vn -0.0608 0.9658 -0.2519
vn 0.0746 -0.9896 0.1226
vn 0.0576 -0.9925 0.1077
vn 0.0383 -0.9947 0.0955
vn 0.0563 -0.9325 0.3567
vn 0.0375 -0.9334 0.3569
vn 0.0002 -0.9997 0.0251
vn 0.0009 -0.9919 0.1266
vn 0.0010 -0.9928 0.1193
vn 0.0002 -0.9997 0.0237
vn -0.0291 0.7094 0.7042
vn -0.0442 0.7215 0.6909
vn 0.0219 -0.3846 0.9228
vn 0.0287 -0.3927 0.9192
vn 0.0014 -0.0383 0.9992
vn 0.0021 -0.0312 0.9995
vn -0.7732 -0.0503 -0.6321
vn -0.2947 0.1363 -0.9458
vn -0.6145 -0.1405 -0.7763
vn 0.0721 -0.9314 0.3569
vn -0.1218 0.9213 -0.3692
vn -0.0980 0.9188 -0.3823
vn -0.0943 0.9878 -0.1241
vn -0.0918 0.9863 -0.1366
vn -0.0833 0.9105 -0.4049
vn -0.0857 0.9842 -0.1550
vn -0.1830 0.9099 -0.3723
vn -0.0918 0.9882 -0.1222
vn -0.8559 -0.5120 0.0724
vn -0.8483 -0.5294 -0.0033
vn -0.1346 0.2548 -0.9575
vn -0.0675 0.3040 -0.9503
vn -0.0734 0.9805 -0.1823
vn -0.0701 0.8972 -0.4360
vn 0.0017 -0.9051 0.4251
vn 0.0023 -0.9120 0.4102
vn 0.0025 -0.9201 0.3917
vn 0.0049 -0.4759 -0.8795
vn 0.0032 -0.7915 -0.6112
vn 0.0042 -0.8078 -0.5895
vn 0.0203 -0.9932 -0.1144
vn 0.0197 -0.9837 -0.1784
vn 0.0046 -0.8276 -0.5613
vn -0.0090 0.1626 -0.9866
vn -0.0299 0.3649 -0.9305
vn -0.0609 0.7682 -0.6373
vn -0.0464 0.7649 -0.6424
vn -0.0220 0.3641 -0.9311
vn -0.3850 -0.9205 -0.0664
vn -0.5291 -0.8417 -0.1072
vn -0.3874 -0.8848 -0.2590
vn -0.0302 0.5136 -0.8575
vn -0.0398 0.9650 -0.2592
vn -0.0408 0.9705 -0.2376
vn -0.0199 0.9705 -0.2404
vn -0.0196 0.9648 -0.2622
vn -0.0934 0.9929 0.0736
vn -0.0881 0.9916 0.0948
vn -0.0659 0.9917 0.1100
vn -0.0691 0.9939 0.0855
vn -0.6910 -0.7038 -0.1648
vn -0.8610 -0.4422 -0.2510
vn -0.0393 0.3239 0.9452
vn -0.0749 0.7592 0.6464
vn -0.0978 0.7647 0.6369
vn -0.0702 0.3240 0.9434
vn -0.0890 0.9449 0.3148
vn -0.1027 0.9495 0.2963
vn -0.1382 0.7806 0.6095
vn -0.1414 0.3442 0.9282
vn -0.1206 0.9535 0.2763
vn -0.0042 0.0367 0.9993
vn -0.0265 0.3235 0.9458
vn -0.0143 0.0359 0.9992
vn -0.0599 0.7533 0.6549
vn -0.0750 0.9393 0.3348
vn -0.0797 0.9770 0.1976
vn -0.0933 0.9802 0.1746
vn -0.1039 0.9826 0.1540
vn -0.1147 0.9839 0.1372
vn -0.1253 0.9842 0.1252
vn -0.1473 0.9641 0.2210
vn -0.2080 0.8288 0.5195
vn -0.3039 0.4271 0.8516
vn -0.1130 0.0325 0.9930
vn -0.2900 0.0381 0.9563
vn -0.0440 0.0339 0.9984
vn -0.7993 0.5827 -0.1469
vn -0.3507 0.9206 -0.1718
vn -0.3451 0.9079 -0.2379
vn -0.7717 0.5497 -0.3197
vn -0.1890 0.9669 -0.1713
vn -0.1821 0.9641 -0.1932
vn -0.3040 0.8654 -0.3982
vn -0.6046 0.4900 -0.6280
vn -0.1708 0.9528 -0.2508
vn -0.9969 0.0766 -0.0190
vn -0.8004 0.5906 -0.1024
vn -0.9937 0.0749 -0.0831
vn -0.3564 0.9213 -0.1552
vn -0.1978 0.9664 -0.1641
vn -0.1523 0.9737 -0.1695
vn -0.1431 0.9741 -0.1750
vn -0.1360 0.9731 -0.1861
vn -0.1307 0.9685 -0.2119
vn -0.1216 0.9614 -0.2468
vn -0.1449 0.9364 -0.3194
vn -0.2129 0.8086 -0.5484
vn -0.3369 0.4221 -0.8416
vn -0.7090 0.0550 -0.7030
vn -0.3516 0.0432 -0.9351
vn -0.9452 0.0681 -0.3193
vn -0.0731 0.9223 -0.3795
vn -0.0561 0.9194 -0.3893
vn -0.0307 0.7626 -0.6461
vn -0.0146 0.3630 -0.9317
vn -0.0370 0.9175 -0.3959
vn -0.0589 0.9546 -0.2921
vn -0.0768 0.9566 -0.2810
vn 0.0395 -0.9832 -0.1784
vn 0.0407 -0.9921 -0.1187
vn 0.0610 -0.9902 -0.1256
vn 0.0593 -0.9822 -0.1782
vn -0.0388 0.9533 -0.2995
vn -0.0028 0.0470 -0.9989
vn -0.0019 0.0470 -0.9989
vn -0.0053 0.0467 -0.9989
vn 0.0770 -0.9807 0.1794
vn 0.0809 -0.9865 0.1424
vn 0.0874 -0.9857 0.1436
vn 0.0854 -0.9798 0.1806
vn 0.0836 -0.9859 0.1448
vn 0.0879 -0.9858 0.1429
vn 0.0863 -0.9864 0.1400
vn 0.0849 -0.9801 0.1795
vn 0.0853 -0.9871 0.1355
vn -0.0043 -0.9405 0.3395
vn 0.0484 -0.9843 0.1696
vn 0.0537 -0.9331 0.3556
vn 0.0588 -0.9899 0.1290
vn 0.0658 -0.9890 0.1326
vn -0.0442 -0.0447 0.9980
vn 0.0072 -0.3860 0.9225
vn -0.0477 -0.3547 0.9337
vn -0.1220 -0.0446 0.9915
vn -0.0104 -0.0423 0.9990
vn 0.0278 -0.3959 0.9178
vn 0.0786 -0.9304 0.3580
vn 0.0737 -0.9306 0.3586
vn 0.0384 -0.9947 -0.0952
vn 0.0576 -0.9926 -0.1073
vn 0.0563 -0.9325 -0.3567
vn -0.0535 0.8805 -0.4710
vn 0.0016 -0.0238 -0.9997
vn 0.0007 -0.0158 -0.9998
vn -0.0132 0.3506 -0.9364
vn -0.0197 0.3449 -0.9384
vn 0.0216 -0.3794 -0.9250
vn 0.0141 -0.3731 -0.9276
vn -0.1917 -0.2661 0.9447
vn -0.3265 -0.0345 0.9445
vn 0.0375 -0.9334 -0.3569
vn 0.0191 -0.9959 -0.0878
vn 0.0187 -0.9340 -0.3568
vn -0.0437 0.9947 0.0934
vn -0.0422 0.9919 0.1199
vn -0.0205 0.9921 0.1237
vn -0.0210 0.9951 0.0966
vn -0.0146 0.7059 0.7081
vn 0.0070 -0.3696 -0.9291
vn 0.0002 -0.0108 -0.9999
vn -0.0560 0.9757 -0.2116
vn -0.0356 0.8688 -0.4938
vn -0.0374 0.9722 -0.2309
vn -0.2523 0.1701 0.9526
vn -0.1159 0.2642 0.9575
vn 0.0011 -0.0235 0.9997
vn 0.0143 -0.3783 0.9256
vn -0.0409 0.9854 0.1651
vn -0.0201 0.9853 0.1697
vn -0.0397 0.9716 0.2331
vn -0.0196 0.9710 0.2380
vn -0.0152 0.7619 -0.6475
vn -0.0072 0.3627 -0.9319
vn -0.0215 0.9966 0.0788
vn -0.0454 0.9961 0.0761
vn -0.1321 0.9904 0.0396
vn -0.1245 0.9909 0.0511
vn -0.1139 0.9914 0.0641
vn -0.1214 0.9913 0.0501
vn -0.1183 0.9900 0.0772
vn -0.1079 0.9897 0.0939
vn -0.1033 0.9915 0.0789
vn -0.1102 0.9920 0.0615
vn -0.0977 0.9888 0.1129
vn -0.1563 0.9873 0.0269
vn -0.1470 0.9886 0.0317
vn -0.1415 0.9893 0.0336
vn -0.1398 0.9892 0.0439
vn -0.1346 0.9879 0.0767
vn -0.0836 0.9875 0.1334
vn -0.1182 0.9917 0.0506
vn -0.0997 0.9932 0.0600
vn -0.1302 0.9906 0.0418
vn -0.0631 0.9862 0.1529
vn -0.0607 0.9737 0.2195
vn -0.0128 0.3193 0.9475
vn -0.0298 0.7412 0.6706
vn -0.0453 0.7459 0.6644
vn -0.0194 0.3211 0.9468
vn -0.0730 0.9949 0.0696
vn -0.0184 0.9170 -0.3985
vn -0.0192 0.9530 -0.3024
vn -0.0148 0.7397 0.6727
vn -0.0063 0.3188 0.9478
vn -0.0009 0.0470 -0.9989
vn -0.0186 0.9284 0.3711
vn -0.0376 0.9296 0.3667
vn -0.0007 0.0370 0.9993
vn -0.0015 0.0369 0.9993
vn -0.1621 0.3691 -0.9151
vn -0.1404 0.7754 -0.6157
vn -0.0988 0.7688 -0.6318
vn -0.0808 0.3591 -0.9298
vn -0.1172 0.9276 -0.3545
vn -0.0992 0.9264 -0.3633
vn -0.0757 0.7693 -0.6343
vn -0.0448 0.3630 -0.9307
vn -0.0862 0.9247 -0.3707
vn -0.1437 0.0402 -0.9888
vn -0.1104 0.9612 -0.2528
vn -0.0994 0.9603 -0.2604
vn -0.0894 0.9587 -0.2700
vn -0.0183 0.0455 -0.9988
vn -0.0562 0.0428 -0.9975
vn -0.0572 0.9333 0.3545
vn 0.0280 -0.3872 -0.9216
vn -0.0022 0.0369 0.9993
vn -0.0732 0.7520 0.6550
vn -0.0967 0.7636 0.6384
vn -0.0838 0.9371 0.3387
vn -0.0979 0.9437 0.3158
vn -0.1419 0.7722 0.6193
vn -0.1183 0.9500 0.2889
vn -0.0586 0.7383 0.6719
vn -0.0693 0.9280 0.3659
vn -0.0049 0.0737 0.9973
vn -0.0360 0.3204 0.9466
vn -0.0257 0.3295 0.9438
vn -0.0607 0.3023 0.9513
vn -0.1550 0.9560 0.2489
vn -0.2494 0.7678 0.5901
vn -0.2215 -0.9751 0.0038
vn -0.1175 -0.9930 -0.0049
vn -0.0715 -0.9967 0.0376
vn -0.1424 -0.9878 0.0622
vn -0.0641 -0.9979 -0.0100
vn -0.0348 -0.9990 0.0266
vn 0.0049 -0.9956 0.0933
vn -0.0284 -0.9907 0.1332
vn 0.0212 -0.9958 0.0890
vn -0.4910 -0.8711 -0.0130
vn -0.2438 -0.9697 -0.0162
vn -0.4626 -0.8863 0.0208
vn -0.1257 -0.9919 -0.0175
vn -0.0684 -0.9975 -0.0179
vn -0.9553 -0.0135 0.2954
vn -0.8466 0.3701 0.3823
vn -0.7256 -0.0110 0.6880
vn -0.5403 -0.0040 0.8414
vn 0.0004 -0.0187 0.9998
vn 0.0070 -0.3748 0.9271
vn -0.1578 -0.9490 0.2730
vn -0.3549 -0.9260 0.1288
vn -0.0176 0.9086 0.4172
vn -0.0349 0.9110 0.4108
vn -0.0065 0.3449 0.9386
vn -0.0129 0.3413 0.9398
vn -0.0523 0.9179 0.3934
vn -0.0193 0.3359 0.9416
vn 0.0191 -0.9959 0.0881
vn -0.0179 0.8663 -0.4991
vn 0.0187 -0.9340 0.3568
vn -0.9954 -0.0630 -0.0719
vn -0.6979 0.7027 -0.1377
vn -0.6138 0.7556 -0.2284
vn -0.9382 0.1193 -0.3247
vn -0.1136 0.9803 -0.1616
vn -0.0882 0.9843 -0.1524
vn -0.3750 0.8568 -0.3538
vn -0.0853 0.9872 -0.1348
vn -0.9618 -0.2736 0.0073
vn -0.9977 -0.0672 0.0020
vn -0.9976 -0.0696 0.0042
vn -0.9585 -0.2846 0.0155
vn -0.9939 -0.1098 0.0075
vn -0.7233 0.6808 -0.1153
vn -0.1586 0.9739 -0.1624
vn -1.0000 0.0016 -0.0003
vn -1.0000 0.0013 -0.0006
vn -0.8475 -0.5293 0.0396
vn -0.8493 -0.5275 0.0182
vn -0.8276 -0.5546 0.0866
vn -0.9995 -0.0329 0.0000
vn -0.9976 -0.0425 -0.0539
vn -0.8379 -0.5457 0.0114
vn -0.9637 -0.0560 -0.2610
vn -0.8414 -0.4541 -0.2929
vn -0.8725 -0.4885 -0.0094
vn -0.8915 -0.4505 0.0475
vn -0.0188 0.9710 -0.2381
vn -0.0066 0.3545 -0.9350
vn -0.5076 0.7143 0.4817
vn -0.7404 0.6324 0.2277
vn -0.2284 0.9580 0.1734
vn -0.3139 0.9460 0.0806
vn -0.8040 0.5916 0.0596
vn -0.3583 0.9331 0.0306
vn -0.5620 -0.0754 0.8237
vn -0.8333 -0.3965 0.3851
vn -0.3728 0.9277 0.0182
vn -0.8132 0.5817 0.0153
vn -0.9971 -0.0756 0.0069
vn -0.7955 0.6020 -0.0689
vn -0.7730 0.6278 -0.0907
vn -0.9963 -0.0851 0.0097
vn -0.3359 0.9363 -0.1028
vn -0.2812 0.9505 -0.1319
vn -0.7471 0.6561 -0.1062
vn -0.9951 -0.0984 0.0127
vn -0.2180 0.9640 -0.1523
vn -0.8105 0.5842 -0.0428
vn -0.3732 0.9253 -0.0674
vn -0.9997 -0.0237 0.0035
vn -0.8601 0.5035 -0.0819
vn -0.8626 0.4978 -0.0897
vn -1.0000 -0.0051 -0.0000
vn -0.8431 -0.5342 0.0617
vn -0.9999 -0.0141 0.0015
vn -0.8371 -0.5412 0.0788
vn -0.8310 -0.5490 0.0898
vn -0.9178 -0.3944 0.0456
vn -0.9380 -0.3447 0.0356
vn -0.9511 -0.3078 0.0254
vn -0.1328 -0.9884 -0.0736
vn -0.0888 -0.9958 -0.0235
vn -0.2022 -0.9767 0.0717
vn -0.2887 -0.9567 0.0362
vn -0.0532 -0.9985 -0.0068
vn -0.1335 -0.9866 0.0938
vn -0.2550 -0.9571 0.1374
vn -0.3804 -0.9171 0.1185
vn -0.1653 -0.9749 0.1487
vn -0.2652 -0.9418 -0.2064
vn -0.8466 0.3788 -0.3739
vn -0.6181 0.0781 -0.7822
vn -0.8665 0.4777 -0.1446
vn -0.8536 0.5206 -0.0175
vn -0.8538 0.5192 -0.0379
vn -0.1586 -0.9739 0.1625
vn -0.2497 -0.9553 0.1581
vn -0.3910 -0.9083 0.1483
vn -0.5723 -0.8153 0.0885
vn -0.5892 -0.7978 0.1282
vn -0.4709 -0.8816 -0.0315
vn -0.2151 -0.9760 0.0334
vn -0.1017 -0.9942 0.0352
vn -0.1064 -0.9943 0.0069
vn -0.2221 -0.9750 0.0057
vn -0.0515 -0.9980 0.0367
vn -0.0545 -0.9984 0.0087
vn -0.1175 -0.9930 -0.0112
vn -0.2362 -0.9716 -0.0116
vn -0.0622 -0.9980 -0.0099
vn -0.4803 -0.8748 0.0636
vn -0.2265 -0.9714 0.0709
vn -0.4724 -0.8809 0.0295
vn -0.1113 -0.9911 0.0727
vn -0.0584 -0.9956 0.0733
vn -1.0000 -0.0007 -0.0001
vn -0.8542 0.5199 -0.0025
vn -1.0000 -0.0041 -0.0001
vn -0.8551 0.5184 0.0067
vn -0.4874 -0.8731 -0.0108
vn -0.4777 -0.8785 0.0045
vn -0.0876 0.9739 -0.2094
vn -0.0658 0.9734 -0.2191
vn -0.0421 0.9733 -0.2257
vn -0.0695 0.9750 -0.2108
vn -0.0935 0.9750 -0.2016
vn -0.1169 0.9929 -0.0219
vn -0.1127 0.9935 0.0165
vn -0.0814 0.9964 0.0219
vn -0.0842 0.9962 -0.0193
vn -0.0439 0.9752 -0.2171
vn -0.1065 0.9933 0.0433
vn -0.0773 0.9957 0.0508
vn -0.0495 0.9984 0.0257
vn -0.0509 0.9985 -0.0174
vn -0.0475 0.9973 0.0561
vn 0.0023 -0.9643 -0.2647
vn 0.0009 -0.9967 -0.0812
vn 0.0009 -0.9972 -0.0751
vn 0.0025 -0.9692 -0.2461
vn -0.0848 0.9937 -0.0732
vn -0.0512 0.9959 -0.0737
vn -0.1176 0.9904 -0.0724
vn -0.1128 0.9712 -0.2100
vn -0.1180 0.9745 -0.1910
vn -0.1069 0.9739 -0.1999
vn -0.1022 0.9702 -0.2194
vn -0.1249 0.9753 -0.1818
vn -0.1133 0.9751 -0.1905
vn -0.0969 0.9729 -0.2097
vn -0.0926 0.9688 -0.2297
vn -0.1026 0.9745 -0.1997
vn -0.1338 0.9752 -0.1762
vn -0.1217 0.9753 -0.1842
vn -0.1101 0.9751 -0.1926
vn -0.1665 0.9856 -0.0285
vn -0.1605 0.9870 0.0026
vn -0.1481 0.9889 0.0069
vn -0.1538 0.9877 -0.0264
vn -0.1514 0.9882 0.0230
vn -0.1396 0.9897 0.0293
vn -0.1343 0.9909 0.0115
vn -0.1394 0.9899 -0.0243
vn -0.1266 0.9913 0.0360
vn -0.1843 0.9804 -0.0694
vn -0.1824 0.9827 -0.0301
vn -0.1678 0.9833 -0.0699
vn -0.1759 0.9844 -0.0009
vn -0.1666 0.9858 0.0180
vn -0.1402 0.9875 -0.0714
vn -0.1547 0.9854 -0.0706
vn -0.0204 0.9733 -0.2285
vn -0.0209 0.9753 -0.2197
vn -0.0228 0.9994 0.0274
vn -0.0233 0.9996 -0.0166
vn -0.0222 0.9980 0.0584
vn 0.0007 -0.9962 -0.0863
vn 0.0018 -0.9600 -0.2799
vn -0.0233 0.9970 -0.0739
vn -0.5788 0.5214 0.6270
vn -0.2995 0.8962 0.3271
vn -0.3345 0.9355 0.1139
vn -0.7673 0.5789 0.2759
vn -0.1713 0.9771 0.1263
vn -0.1800 0.9823 0.0522
vn -0.3309 0.9429 0.0365
vn -0.7878 0.6122 0.0669
vn -0.1851 0.9823 0.0286
vn -0.6592 0.0582 0.7497
vn -0.1935 0.9808 0.0226
vn -0.3343 0.9422 0.0203
vn -0.7842 0.6203 0.0165
vn -0.9935 0.0834 0.0773
vn -0.9963 0.0857 0.0081
vn -0.9359 0.0752 0.3440
vn -0.7970 0.6003 -0.0662
vn -0.3672 0.9246 -0.1015
vn -0.3665 0.9215 -0.1285
vn -0.7996 0.5947 -0.0830
vn -0.2215 0.9693 -0.1068
vn -0.2157 0.9669 -0.1359
vn -0.3628 0.9203 -0.1460
vn -0.8007 0.5917 -0.0938
vn -0.2073 0.9659 -0.1549
vn -0.9964 0.0841 -0.0061
vn -0.7938 0.6066 -0.0433
vn -0.9966 0.0817 -0.0092
vn -0.3647 0.9287 -0.0659
vn -0.2232 0.9723 -0.0688
vn -0.1807 0.9774 -0.1091
vn -0.1729 0.9750 -0.1394
vn -0.1627 0.9737 -0.1595
vn -0.9969 0.0776 -0.0124
vn -0.9968 0.0793 -0.0112
vn 0.0002 -0.9998 -0.0170
vn 0.0002 -0.9998 -0.0157
vn 0.0001 -0.9976 -0.0696
vn 0.0023 -0.9733 -0.2296
vn -0.0009 -0.9999 -0.0146
vn -0.0013 -1.0000 -0.0013
vn -0.0018 -1.0000 0.0000
vn -0.0017 -1.0000 0.0000
vn 0.0002 -0.9998 -0.0181
vn -0.3880 -0.9216 -0.0009
vn -0.5360 -0.8442 0.0048
vn -0.5633 -0.8256 0.0327
vn -0.4056 -0.9139 0.0160
vn -0.2526 -0.9520 -0.1726
vn -0.2562 -0.9653 -0.0511
vn -0.2626 -0.9649 -0.0051
vn -0.2755 -0.9613 0.0070
vn -0.7161 -0.6979 0.0085
vn -0.8765 -0.4813 0.0095
vn -0.8679 -0.4964 0.0189
vn -0.7024 -0.7116 0.0158
vn -0.7425 -0.6680 0.0486
vn -0.7085 -0.7056 0.0073
vn -0.5387 -0.8425 0.0024
vn -0.7217 -0.6922 0.0034
vn -0.5316 -0.8469 0.0053
vn -0.5411 -0.8409 0.0006
vn -0.7223 -0.6915 0.0002
vn -0.3567 -0.9342 0.0046
vn -0.3684 -0.9296 0.0027
vn -0.5173 -0.8558 0.0092
vn -0.3747 -0.9271 0.0013
vn -0.3772 -0.9261 0.0004
vn -0.6030 -0.7970 0.0344
vn -0.7852 -0.6174 0.0482
vn -0.8784 -0.4778 -0.0010
vn -0.8791 -0.4765 0.0030
vn -0.4650 -0.8851 0.0164
vn -0.6437 -0.7646 0.0302
vn -0.4334 -0.9010 0.0179
vn -0.0078 -0.9760 -0.2177
vn -0.0106 -0.9978 -0.0652
vn -0.0507 -0.9969 -0.0603
vn -0.0465 -0.9777 -0.2048
vn -0.0126 -0.9998 -0.0134
vn -0.0551 -0.9984 -0.0116
vn -0.1377 -0.9890 -0.0536
vn -0.1273 -0.9752 -0.1807
vn -0.1450 -0.9894 -0.0085
vn -0.0138 -0.9999 -0.0009
vn -0.0589 -0.9983 0.0002
vn -0.1534 -0.9881 0.0027
vn -0.0192 -0.9998 0.0001
vn -0.0196 -0.9998 0.0000
vn -0.0831 -0.9965 0.0002
vn -0.0815 -0.9966 0.0005
vn -0.0197 -0.9998 0.0000
vn -0.0838 -0.9965 0.0001
vn -0.2136 -0.9769 0.0006
vn -0.2096 -0.9778 0.0013
vn -0.2152 -0.9766 0.0002
vn -0.0185 -0.9998 0.0002
vn -0.2022 -0.9793 0.0022
vn -0.0785 -0.9969 0.0008
vn -0.9626 -0.2710 0.0017
vn -0.9620 -0.2731 -0.0017
vn -0.9977 -0.0676 -0.0005
vn -0.9977 -0.0668 0.0005
vn -0.8228 -0.5669 0.0398
vn -0.8505 -0.5252 0.0297
vn -0.6781 -0.7346 0.0237
vn -0.0149 -0.9999 0.0003
vn -0.0162 -0.9998 0.0003
vn -0.0688 -0.9976 0.0013
vn -0.0634 -0.9980 0.0014
vn -0.0175 -0.9998 0.0002
vn -0.0741 -0.9972 0.0011
vn -0.1781 -0.9840 0.0037
vn -0.1647 -0.9863 0.0039
vn -0.1914 -0.9815 0.0031
vn -0.0014 -1.0000 0.0000
vn -0.0015 -1.0000 0.0000
vn -0.0016 -1.0000 0.0000
vn -0.3389 -0.9408 0.0065
vn -0.3171 -0.9484 0.0078
vn -0.2946 -0.9556 0.0084
vn -0.4944 -0.8691 0.0133
vn -0.0460 0.9784 -0.2016
vn -0.0483 0.9837 -0.1729
vn -0.0223 0.9843 -0.1748
vn -0.0216 0.9787 -0.2040
vn -0.1007 0.9770 -0.1877
vn -0.1082 0.9809 -0.1617
vn -0.0788 0.9826 -0.1683
vn -0.0740 0.9778 -0.1959
vn -0.7857 0.6185 0.0075
vn -0.3428 0.9393 0.0121
vn -0.3518 0.9361 -0.0044
vn -0.7884 0.6152 -0.0033
vn -0.2036 0.9789 0.0145
vn -0.2130 0.9770 -0.0033
vn -0.3594 0.9326 -0.0306
vn -0.7911 0.6113 -0.0204
vn -0.2201 0.9749 -0.0312
vn -0.9963 0.0860 0.0010
vn -0.9963 0.0853 -0.0029
vn -0.9963 0.0858 -0.0005
vn -0.0503 0.9902 -0.1300
vn -0.0230 0.9911 -0.1312
vn -0.1444 0.9756 -0.1652
vn -0.1550 0.9774 -0.1439
vn -0.1420 0.9785 -0.1494
vn -0.1317 0.9762 -0.1722
vn -0.1635 0.9802 -0.1118
vn -0.1504 0.9819 -0.1152
vn -0.1285 0.9795 -0.1552
vn -0.1192 0.9765 -0.1797
vn -0.1362 0.9835 -0.1189
vn -0.1144 0.9858 -0.1230
vn -0.0827 0.9884 -0.1272
vn -0.3582 -0.9218 0.1478
vn -0.2182 -0.9636 0.1547
vn -0.1770 -0.9745 0.1380
vn -0.3098 -0.9413 0.1335
vn -0.1345 -0.9785 0.1562
vn -0.1048 -0.9848 0.1382
vn -0.1380 -0.9843 0.1102
vn -0.2610 -0.9593 0.1077
vn -0.0772 -0.9909 0.1100
vn -0.5692 -0.8118 0.1301
vn -0.8575 0.5092 -0.0732
vn -0.8552 0.5150 -0.0584
vn -0.5042 -0.8581 0.0966
vn -0.5374 -0.8349 0.1187
vn -0.8156 0.5784 0.0079
vn -0.8182 0.5749 -0.0020
vn -0.3832 0.9236 0.0090
vn -0.3914 0.9202 -0.0080
vn -0.8177 0.5753 -0.0187
vn -0.3905 0.9200 -0.0335
vn -0.8483 -0.5295 -0.0067
vn -0.8492 -0.5280 0.0027
vn -0.9984 -0.0561 0.0019
vn -0.9972 -0.0746 0.0025
vn -0.9972 -0.0749 0.0053
vn -0.9984 -0.0563 0.0055
vn -0.9984 -0.0559 0.0040
vn -0.9972 -0.0745 0.0054
vn -0.9972 -0.0744 0.0083
vn -0.9984 -0.0556 0.0062
vn -0.9984 -0.0554 0.0078
vn -0.9972 -0.0744 0.0104
vn -0.9984 -0.0551 0.0088
vn -0.9972 -0.0743 0.0118
vn -0.9985 -0.0551 0.0026
vn -0.9972 -0.0744 0.0057
vn -0.6402 -0.0710 0.7649
vn -0.6442 -0.0363 0.7640
vn -0.9344 -0.0527 0.3521
vn -0.9315 -0.0802 0.3548
vn -0.9955 -0.0561 0.0765
vn -0.9940 -0.0767 0.0772
vn -0.2785 -0.0157 0.9603
vn -0.2756 -0.0503 0.9600
vn -0.0017 -0.0001 -1.0000
vn -0.0013 -0.0001 1.0000
vn 0.0013 -0.0322 0.9995
vn 0.0019 -0.0321 0.9995
vn 0.0012 -0.0322 0.9995
vn -0.1360 -0.0413 -0.9898
vn -0.1384 -0.0078 -0.9903
vn -0.0521 -0.0029 -0.9986
vn -0.0493 -0.0356 -0.9981
vn -0.0143 -0.0008 -0.9999
vn -0.0115 -0.0331 -0.9994
vn -0.3412 -0.0546 -0.9384
vn -0.3428 -0.0192 -0.9392
vn 0.0008 -0.0323 -0.9995
vn 0.0006 -0.0322 0.9995
vn 0.0284 -0.7078 -0.7058
vn 0.0115 -0.2855 -0.9583
vn 0.0057 -0.2858 -0.9583
vn 0.0142 -0.7084 -0.7056
vn 0.0013 -0.0322 -0.9995
vn 0.0006 -0.0322 -0.9995
vn 0.0537 -0.7064 -0.7057
vn 0.0205 -0.2853 -0.9582
vn 0.0172 -0.2851 -0.9583
vn 0.0427 -0.7071 -0.7058
vn 0.0019 -0.0321 -0.9995
vn -0.9952 -0.0759 -0.0612
vn -0.9964 -0.0551 -0.0635
vn -0.9491 -0.0527 -0.3105
vn -0.9475 -0.0795 -0.3097
vn -0.7038 -0.0392 -0.7093
vn -0.7019 -0.0739 -0.7084
vn -0.0082 -0.0329 0.9994
vn -0.0111 -0.0006 0.9999
vn -0.0404 -0.0023 0.9992
vn -0.0374 -0.0348 0.9987
vn -0.1078 -0.0061 0.9941
vn -0.1047 -0.0392 0.9937
vn 0.0145 -0.2860 0.9581
vn -0.0123 -0.2886 0.9573
vn 0.0548 -0.7060 0.7060
vn 0.0382 -0.7076 0.7056
vn -0.0764 -0.2961 0.9521
vn -0.0063 -0.7140 0.7002
vn 0.0209 -0.2852 0.9582
vn 0.0541 -0.7064 0.7057
vn -0.2403 -0.3134 0.9187
vn -0.9709 -0.2358 -0.0404
vn -0.9138 -0.2851 -0.2891
vn -0.1245 -0.7291 0.6730
vn -0.8308 -0.5562 0.0219
vn -0.7421 -0.6476 -0.1727
vn -0.6640 -0.3293 -0.6713
vn -0.4984 -0.7292 -0.4689
vn -0.9748 -0.2210 0.0295
vn -0.8457 -0.5274 0.0810
vn -0.3139 -0.3213 -0.8934
vn -0.2007 -0.7374 -0.6449
vn 0.0284 -0.7078 0.7058
vn 0.0115 -0.2855 0.9583
vn 0.0172 -0.2851 0.9583
vn 0.0427 -0.7071 0.7058
vn 0.0057 -0.2858 0.9583
vn 0.0142 -0.7084 0.7057
vn -0.1114 -0.3008 -0.9471
vn -0.0256 -0.2904 -0.9565
vn -0.0411 -0.7197 -0.6930
vn 0.0248 -0.7097 -0.7040
vn 0.0108 -0.2864 -0.9580
vn 0.0510 -0.7065 -0.7058
vn -0.5889 -0.3303 0.7376
vn -0.8842 -0.3019 0.3562
vn -0.4022 -0.7372 0.5429
vn -0.6763 -0.6882 0.2625
vn -0.9651 -0.2495 0.0791
vn -0.7913 -0.6087 0.0573
vn -0.9729 -0.2312 0.0029
vn -0.9735 -0.2272 0.0253
vn -0.9740 -0.2243 0.0317
vn -0.8173 -0.5761 -0.0047
vn -0.8227 -0.5649 0.0637
vn -0.8320 -0.5492 0.0783
vn -0.9745 -0.2215 0.0354
vn -0.8410 -0.5342 0.0857
vn -0.9732 -0.2291 0.0164
vn -0.8162 -0.5763 0.0416
vn -0.9732 -0.2297 -0.0029
vn -0.9731 -0.2302 0.0011
vn -0.8181 -0.5750 -0.0075
vn -0.8154 -0.5788 0.0023
vn -0.9731 -0.2302 0.0076
vn -0.8139 -0.5806 0.0189
vn 0.0000 -0.0022 1.0000
vn 0.0000 1.0000 0.0022
vn 0.0000 -1.0000 -0.0022
vn -0.0010 -0.0034 1.0000
vn -0.0010 -0.0022 1.0000
vn -0.0011 0.0203 0.9998
vn 1.0000 0.0000 0.0010
vn -0.0009 -0.0260 0.9996
vn 0.0000 1.0000 0.0028
vn 0.0000 -1.0000 -0.0028
vn 0.6969 0.6944 0.1792
vn 0.7071 0.7069 0.0124
vn -0.7071 0.7071 0.0104
vn -0.6973 0.6944 0.1776
vn -0.0000 -0.0150 0.9999
vn -0.0838 -0.0987 0.9916
vn -0.1028 -0.0742 0.9919
vn 0.7071 -0.7070 -0.0104
vn 0.7071 -0.7071 -0.0104
vn -0.7070 -0.7071 -0.0124
vn -0.7071 -0.7070 -0.0124
vn -0.1324 0.1152 0.9845
vn -0.3339 0.3185 0.8871
vn -0.3349 -0.3477 0.8757
vn -0.1337 -0.1480 0.9799
vn -0.5892 0.5794 0.5631
vn -0.5895 -0.5976 0.5435
vn -0.6618 -0.6668 0.3426
vn 0.3314 -0.3469 0.8773
vn 0.1296 -0.1469 0.9806
vn 0.5876 -0.5973 0.5459
vn 0.6606 -0.6669 0.3446
vn 0.5879 0.5797 0.5641
vn 0.3324 0.3193 0.8874
vn 0.1309 0.1163 0.9845
vn -0.8587 -0.0079 0.5123
vn -0.8280 -0.2297 0.5114
vn -0.4807 -0.0134 0.8767
vn -0.4634 -0.1375 0.8754
vn -0.1189 -0.0149 0.9928
vn -0.1147 -0.0456 0.9923
vn 0.1004 0.0424 0.9940
vn 0.0815 0.0671 0.9944
vn 0.3399 0.3269 0.8818
vn 0.4162 0.2263 0.8807
vn 0.6096 0.6019 0.5158
vn 0.7459 0.4224 0.5150
vn -0.8309 0.2147 0.5133
vn -0.4653 0.1113 0.8781
vn -0.1149 0.0159 0.9932
vn 0.0569 0.0861 0.9946
vn 0.2399 0.4044 0.8825
vn 0.4310 0.7400 0.5163
vn 0.8583 -0.0091 0.5130
vn 0.8306 0.2138 0.5141
vn 0.4789 -0.0154 0.8777
vn 0.4635 0.1094 0.8793
vn 0.1161 -0.0172 0.9931
vn 0.1122 0.0136 0.9936
vn 0.1120 -0.0482 0.9925
vn 0.4617 -0.1400 0.8759
vn 0.8274 -0.2312 0.5117
vn -0.0028 0.1022 0.9948
vn -0.0352 0.0985 0.9945
vn -0.1296 0.4543 0.8813
vn -0.0025 0.4696 0.8829
vn -0.2257 0.8267 0.5154
vn -0.0015 0.8562 0.5166
vn -0.6044 -0.6122 0.5098
vn -0.4269 -0.7472 0.5092
vn -0.3381 -0.3514 0.8730
vn -0.2388 -0.4268 0.8722
vn -0.0593 -0.1174 0.9913
vn -0.0307 -0.1292 0.9911
vn -0.1235 -0.4741 0.8717
vn -0.2209 -0.8320 0.5089
vn 0.0281 0.0981 0.9948
vn 0.1231 0.4531 0.8829
vn 0.2225 0.8268 0.5166
vn 0.0000 -0.8609 0.5087
vn 0.2208 -0.8320 0.5089
vn -0.0000 -0.4903 0.8715
vn 0.1234 -0.4742 0.8717
vn -0.0000 -0.1332 0.9911
vn 0.0306 -0.1292 0.9911
vn -0.7412 -0.4358 0.5105
vn -0.4147 -0.2527 0.8741
vn 0.6044 -0.6132 0.5085
vn 0.7407 -0.4376 0.5098
vn 0.3399 -0.3547 0.8710
vn 0.4144 -0.2568 0.8731
vn 0.0844 -0.1008 0.9913
vn 0.1004 -0.0780 0.9919
vn 0.0605 -0.1175 0.9912
vn 0.2404 -0.4277 0.8713
vn 0.4273 -0.7475 0.5085
vn -0.6103 0.6027 0.5140
vn -0.7462 0.4229 0.5141
vn -0.3427 0.3307 0.8793
vn -0.4181 0.2281 0.8793
vn -0.4332 0.7403 0.5141
vn -0.2456 0.4082 0.8792
vn -0.0628 0.0887 0.9940
vn -0.0016 -0.0156 0.9998
vn -0.0028 -0.0172 0.9998
vn 0.9577 -0.2566 0.1302
vn 0.8586 -0.4957 0.1302
vn -0.2566 0.9577 0.1302
vn 0.0000 0.9915 0.1302
vn -0.4957 0.8586 0.1302
vn -0.7011 -0.7011 0.1302
vn -0.8586 -0.4957 0.1302
vn 0.7011 -0.7011 0.1302
vn 0.0000 0.1400 0.9901
vn -0.0362 0.1353 0.9901
vn -0.0700 0.1213 0.9901
vn -0.0990 0.0990 0.9901
vn -0.1213 0.0700 0.9901
vn -0.1352 0.0362 0.9901
vn -0.1400 0.0000 0.9901
vn -0.1353 -0.0362 0.9901
vn -0.1213 -0.0700 0.9901
vn -0.0990 -0.0990 0.9901
vn -0.0700 -0.1213 0.9901
vn -0.0362 -0.1353 0.9901
vn 0.0000 -0.1400 0.9901
vn 0.0362 -0.1353 0.9901
vn 0.0700 -0.1213 0.9901
vn 0.0990 -0.0990 0.9901
vn 0.1213 -0.0700 0.9901
vn 0.1352 -0.0362 0.9901
vn 0.1400 0.0000 0.9901
vn 0.1353 0.0362 0.9901
vn 0.1213 0.0700 0.9901
vn 0.0990 0.0990 0.9901
vn 0.0700 0.1213 0.9901
vn 0.0362 0.1353 0.9901
vn -0.9577 -0.2566 0.1302
vn 0.4957 -0.8586 0.1302
vn 0.2566 0.9577 0.1302
vn 0.4957 0.8586 0.1302
vn 0.7011 0.7011 0.1302
vn -0.9915 0.0000 0.1302
vn 0.2566 -0.9577 0.1302
vn 0.8586 0.4957 0.1302
vn -0.9577 0.2566 0.1302
vn 0.0000 -0.9915 0.1302
vn 0.9577 0.2566 0.1302
vn -0.8586 0.4957 0.1302
vn -0.2566 -0.9577 0.1302
vn 0.9915 0.0000 0.1302
vn -0.7011 0.7011 0.1302
vn -0.4957 -0.8586 0.1302
vn 0.1328 0.4955 0.8584
vn 0.0000 0.5130 0.8584
vn 0.2251 0.8400 0.4936
vn 0.0000 0.8697 0.4936
vn 0.2565 0.4443 0.8584
vn 0.4348 0.7531 0.4936
vn 0.3627 0.3627 0.8584
vn 0.6149 0.6149 0.4936
vn 0.4443 0.2565 0.8584
vn 0.7532 0.4348 0.4936
vn 0.4955 0.1328 0.8584
vn 0.8400 0.2251 0.4936
vn 0.5130 0.0000 0.8584
vn 0.8697 0.0000 0.4936
vn 0.4955 -0.1328 0.8584
vn 0.8400 -0.2251 0.4936
vn 0.4443 -0.2565 0.8584
vn 0.7531 -0.4348 0.4936
vn 0.3627 -0.3627 0.8584
vn 0.6149 -0.6149 0.4936
vn 0.2565 -0.4443 0.8583
vn 0.4348 -0.7531 0.4936
vn 0.1328 -0.4955 0.8584
vn 0.2251 -0.8400 0.4936
vn 0.0000 -0.5130 0.8584
vn 0.0000 -0.8697 0.4936
vn -0.1328 -0.4955 0.8584
vn -0.2251 -0.8400 0.4936
vn -0.2565 -0.4443 0.8584
vn -0.4348 -0.7531 0.4936
vn -0.3628 -0.3627 0.8584
vn -0.6149 -0.6149 0.4936
vn -0.4443 -0.2565 0.8584
vn -0.7531 -0.4348 0.4936
vn -0.4955 -0.1328 0.8584
vn -0.8400 -0.2251 0.4936
vn -0.5130 0.0000 0.8584
vn -0.8697 0.0000 0.4936
vn -0.4955 0.1328 0.8584
vn -0.8400 0.2251 0.4936
vn -0.4443 0.2565 0.8584
vn -0.7531 0.4348 0.4936
vn -0.3627 0.3627 0.8584
vn -0.6149 0.6149 0.4936
vn -0.2565 0.4443 0.8584
vn -0.4348 0.7531 0.4936
vn -0.1328 0.4955 0.8584
vn -0.2251 0.8400 0.4936
usemtl Black
s 1
f 2193/1/1 2194/2/2 1987/3/3 1991/4/4
f 2200/5/5 2201/6/6 1975/7/7 2019/8/8
f 2191/9/9 2192/10/10 1967/11/11 1995/12/12
f 2211/13/13 2212/14/14 2007/15/15 1999/16/16
f 2206/17/17 2207/18/18 1955/19/19 1935/20/20
f 1918/21/21 2010/22/22 2014/23/23
f 2195/24/24 2196/25/25 1926/26/26 1931/27/27
f 2203/28/28 2204/29/29 1947/30/30 1971/31/31
f 2199/32/32 2200/5/5 2019/8/8 2015/33/33
f 2213/34/34 2190/35/35 1982/36/36 1979/37/37
f 2192/10/10 2193/1/1 1991/4/4 1967/11/11
f 2201/6/6 2202/38/38 1963/39/39 1975/7/7
f 2208/40/40 2209/41/41 1959/42/42 1950/43/43
f 2197/44/44 2198/45/45 2011/46/46 1943/47/47
f 2204/29/29 2205/48/48 1939/49/49 1947/30/30
f 2205/48/48 2206/17/17 1935/20/20 1939/49/49
f 2209/41/41 2210/50/50 2003/51/51 1959/42/42
f 2207/18/18 2208/40/40 1950/43/43 1955/19/19
f 2202/38/38 2203/28/28 1971/31/31 1963/39/39
f 2198/45/45 2199/32/32 2015/33/33 2011/46/46
f 2210/50/50 2211/13/13 1999/16/16 2003/51/51
f 2190/52/35 2191/9/9 1995/12/12 1982/53/36
f 2212/14/14 2213/34/34 1979/37/37 2007/15/15
f 2403/54/41 7/55/40 2426/56/40 2427/57/41
f 895/58/52 896/59/53 898/60/54 897/61/55
f 163/62/56 894/63/57 893/64/58 164/65/59
f 25/66/60 164/65/59 893/64/58 167/67/61
f 897/61/55 898/60/54 186/68/62 187/69/63
f 894/70/57 947/71/64 949/72/65 896/59/53
f 896/59/53 949/72/65 951/73/66 898/60/54
f 898/60/54 951/73/66 191/74/67 186/68/62
f 197/75/68 955/76/69 956/77/70 198/78/71
f 911/79/72 912/80/73 914/81/74 913/82/75
f 165/83/76 897/84/55 187/85/63 28/86/77
f 166/87/78 895/88/52 897/84/55 165/83/76
f 167/67/61 893/64/58 895/88/52 166/87/78
f 901/89/79 902/90/80 904/91/81 903/92/82
f 212/93/83 900/94/84 899/95/85 213/96/86
f 912/80/73 899/95/85 901/89/79 914/81/74
f 903/92/82 904/91/81 171/97/87 172/98/88
f 900/94/84 960/99/89 959/100/90 902/90/80
f 902/90/80 959/100/90 958/101/91 904/91/81
f 904/91/81 958/101/91 297/102/92 171/97/87
f 373/103/93 1107/104/94 906/105/95 419/106/96
f 905/107/97 906/105/95 908/108/98 907/109/99
f 944/110/100 2232/111/101 1880/112/101 1885/113/102
f 916/114/103 903/92/82 172/98/88 158/115/104
f 914/81/74 901/89/79 903/92/82 916/114/103
f 907/116/99 908/117/98 910/118/105 909/119/106
f 419/106/96 906/105/95 905/107/97 420/120/107
f 927/121/108 905/107/97 907/109/99 929/122/109
f 909/123/106 910/124/105 156/125/110 157/126/111
f 906/105/95 1107/104/94 1106/127/112 908/108/98
f 908/117/98 1106/128/112 1105/129/113 910/118/105
f 910/124/105 1105/130/113 301/131/114 156/125/110
f 2264/132/115 286/133/116 1057/134/117 1086/135/118
f 2309/136/119 2308/137/120 1890/138/120 1891/139/121
f 475/140/122 999/141/123 1000/142/124 474/143/125
f 931/144/126 909/123/106 157/126/111 163/62/56
f 929/145/109 907/116/99 909/119/106 931/146/126
f 913/82/75 914/81/74 916/114/103 915/147/127
f 208/148/128 912/80/73 911/79/72 209/149/129
f 29/150/130 209/149/129 911/79/72 184/151/131
f 915/147/127 916/114/103 158/115/104 159/152/132
f 926/153/133 927/121/108 929/122/109 928/154/134
f 182/155/135 915/147/127 159/152/132 26/156/136
f 183/157/137 913/82/75 915/147/127 182/155/135
f 184/151/131 911/79/72 913/82/75 183/157/137
f 917/158/138 918/159/139 921/160/140 920/161/141
f 918/159/139 919/162/142 922/163/143 921/160/140
f 920/164/141 921/165/140 924/166/144 923/167/145
f 921/165/140 922/168/143 925/169/146 924/166/144
f 48/170/147 416/171/148 917/158/138 203/172/149
f 416/171/148 415/173/150 918/159/139 917/158/138
f 415/173/150 414/174/151 919/162/142 918/159/139
f 414/174/151 43/175/152 321/176/153 919/162/142
f 919/162/142 321/176/153 320/177/154 922/163/143
f 922/168/143 320/178/154 319/179/155 925/169/146
f 925/180/146 319/181/155 25/66/60 167/182/61
f 924/183/144 925/180/146 167/182/61 166/184/78
f 923/185/145 924/183/144 166/184/78 165/186/76
f 205/187/156 923/185/145 165/186/76 28/188/77
f 204/189/157 920/164/141 923/167/145 205/190/156
f 203/172/149 917/158/138 920/161/141 204/191/157
f 928/192/134 929/145/109 931/146/126 930/193/158
f 409/194/159 927/121/108 926/153/133 410/195/160
f 43/175/152 410/195/160 926/153/133 321/176/153
f 930/196/158 931/144/126 163/62/56 164/65/59
f 2228/197/161 2216/198/162 189/199/163 941/200/164
f 319/181/155 930/196/158 164/65/59 25/66/60
f 320/178/154 928/192/134 930/193/158 319/179/155
f 321/176/153 926/153/133 928/154/134 320/177/154
f 932/201/165 933/202/166 936/203/167 935/204/168
f 933/202/166 934/205/169 937/206/170 936/203/167
f 935/204/168 936/203/167 2224/207/171 2223/208/172
f 936/203/167 937/206/170 2225/209/173 2224/207/171
f 31/210/174 214/211/175 932/201/165 235/212/176
f 214/211/175 215/213/177 933/202/166 932/201/165
f 215/213/177 216/214/178 934/205/169 933/202/166
f 216/214/178 32/215/179 298/216/180 934/205/169
f 934/205/169 298/216/180 299/217/181 937/206/170
f 937/206/170 299/217/181 300/218/182 2225/209/173
f 385/219/183 384/220/184 1081/221/185 1143/222/186
f 291/223/187 1058/224/188 940/225/189 2226/226/190
f 1059/227/191 939/228/192 940/225/189 1058/224/188
f 1060/229/193 938/230/194 939/228/192 1059/227/191
f 236/231/195 935/204/168 2223/208/172 2227/232/196
f 235/212/176 932/201/165 935/204/168 236/231/195
f 181/233/197 941/200/164 189/199/163 27/234/198
f 190/235/199 954/236/200 2235/237/201 191/238/67
f 2235/237/201 2228/239/161 186/240/62 191/238/67
f 158/115/104 172/98/88 1237/241/202 1208/242/203
f 2233/243/204 2234/244/205 177/245/206 945/246/207
f 941/247/164 181/248/197 28/249/77 187/250/63
f 2216/251/162 2233/243/204 945/246/207 189/252/163
f 1084/253/208 2231/254/209 192/255/210 307/256/211
f 1061/257/212 1104/258/213 2274/259/214 284/260/215
f 947/71/64 948/261/216 950/262/217 949/72/65
f 409/194/159 420/120/107 905/107/97 927/121/108
f 180/263/218 945/264/207 177/265/206 85/266/219
f 2230/267/220 2233/243/204 2216/251/162 2214/268/221
f 173/269/222 967/270/223 968/271/224 174/272/225
f 974/273/226 206/274/227 207/275/228 973/276/229
f 945/264/207 180/263/218 27/277/198 189/278/163
f 949/72/65 950/262/217 952/279/230 951/73/66
f 156/125/110 948/280/216 947/281/64 157/126/111
f 951/73/66 952/279/230 190/282/199 191/74/67
f 948/261/216 1068/283/231 1067/284/232 950/262/217
f 950/262/217 1067/284/232 1066/285/233 952/279/230
f 952/279/230 1066/285/233 306/286/234 190/282/199
f 1062/287/235 1089/288/236 2259/289/237 290/290/238
f 954/291/200 192/255/210 2214/292/221 2235/293/201
f 2229/294/25 2236/295/25 2374/296/25 2372/297/25
f 1087/298/239 954/291/200 190/282/199 306/286/234
f 171/97/87 297/102/92 1095/299/240 1238/300/241
f 978/301/242 210/302/243 211/303/244 977/304/245
f 955/76/69 194/305/246 195/306/247 956/77/70
f 198/78/71 956/77/70 2238/307/248 2239/308/249
f 956/77/70 195/306/247 2237/309/250 2238/307/248
f 36/310/251 229/311/252 955/76/69 197/75/68
f 229/311/252 34/312/253 194/305/246 955/76/69
f 200/313/254 970/314/255 971/315/256 201/316/257
f 291/223/187 1065/317/258 1101/318/259 2244/319/260
f 307/256/211 1087/298/239 1088/320/261 308/321/262
f 1062/287/235 957/322/263 196/323/264 286/133/116
f 958/101/91 959/100/90 962/324/265 961/325/266
f 959/100/90 960/99/89 963/326/267 962/324/265
f 961/325/266 962/324/265 2241/327/268 2240/328/269
f 962/324/265 963/326/267 2242/329/270 2241/327/268
f 960/99/89 246/330/271 245/331/272 963/326/267
f 963/326/267 245/331/272 2243/332/273 2242/329/270
f 966/333/274 1060/229/193 1059/227/191 965/334/275
f 965/334/275 1059/227/191 1058/224/188 964/335/276
f 1058/224/188 291/223/187 2244/319/260 964/335/276
f 375/336/277 385/219/183 1143/222/186 1113/337/278
f 296/338/279 961/325/266 2240/328/269 295/339/280
f 297/102/92 958/101/91 961/325/266 296/338/279
f 967/270/223 200/313/254 201/316/257 968/271/224
f 174/340/225 968/341/224 969/342/281 175/343/282
f 968/341/224 201/344/257 202/345/283 969/342/281
f 406/346/284 967/270/223 173/269/222 109/347/285
f 46/348/286 200/313/254 967/270/223 406/346/284
f 969/349/281 202/350/283 27/351/198 180/352/218
f 175/353/282 969/349/281 180/352/218 85/354/219
f 178/355/287 974/273/226 973/276/229 179/356/288
f 970/314/255 203/172/149 204/191/157 971/315/256
f 201/344/257 971/357/256 972/358/289 202/345/283
f 971/357/256 204/189/157 205/190/156 972/358/289
f 404/359/290 970/314/255 200/313/254 46/348/286
f 48/170/147 203/172/149 970/314/255 404/359/290
f 972/360/289 205/187/156 28/188/77 181/361/197
f 202/350/283 972/360/289 181/361/197 27/351/198
f 206/274/227 976/362/291 975/363/292 207/275/228
f 170/364/293 973/276/229 207/275/228 30/365/294
f 168/366/295 978/301/242 977/304/245 169/367/296
f 240/368/297 1014/369/298 1015/370/299 239/371/300
f 169/367/296 977/304/245 974/273/226 178/355/287
f 208/148/128 213/96/86 899/95/85 912/80/73
f 976/362/291 208/148/128 209/149/129 975/363/292
f 973/276/229 170/364/293 84/372/301 179/356/288
f 185/373/302 975/363/292 209/149/129 29/150/130
f 210/302/243 980/374/303 979/375/304 211/303/244
f 979/375/304 976/362/291 206/274/227 211/303/244
f 157/126/111 947/281/64 894/63/57 163/62/56
f 1207/376/305 1208/242/203 1210/377/306 1209/378/307
f 975/363/292 185/373/302 30/365/294 207/275/228
f 977/304/245 211/303/244 206/274/227 974/273/226
f 1102/379/308 978/301/242 168/366/295 316/380/309
f 266/381/310 1032/382/311 1033/383/312 267/384/313
f 980/374/303 212/93/83 213/96/86 979/375/304
f 979/375/304 213/96/86 208/148/128 976/362/291
f 1017/385/314 980/374/303 210/302/243 247/386/315
f 156/125/110 301/387/114 1068/388/231 948/280/216
f 1237/241/202 1238/300/241 1240/389/316 1239/390/317
f 981/391/318 982/392/319 985/393/320 984/394/321
f 982/392/319 983/395/322 986/396/323 985/393/320
f 984/394/321 985/393/320 988/397/324 987/398/325
f 985/393/320 986/396/323 989/399/326 988/397/324
f 68/400/327 512/401/328 981/391/318 482/402/329
f 512/401/328 511/403/330 982/392/319 981/391/318
f 511/403/330 510/404/331 983/395/322 982/392/319
f 510/405/331 67/406/332 479/407/333 983/408/322
f 983/408/322 479/407/333 478/409/334 986/410/323
f 986/410/323 478/409/334 477/411/335 989/412/326
f 989/412/326 477/411/335 39/413/336 262/414/337
f 988/415/324 989/412/326 262/414/337 263/416/338
f 987/417/325 988/415/324 263/416/338 264/418/339
f 480/419/340 987/417/325 264/418/339 42/420/341
f 481/421/342 984/394/321 987/398/325 480/422/340
f 482/402/329 981/391/318 984/394/321 481/421/342
f 990/423/343 991/424/344 994/425/345 993/426/346
f 991/424/344 992/427/347 995/428/348 994/425/345
f 993/426/346 994/425/345 997/429/349 996/430/350
f 994/425/345 995/428/348 998/431/351 997/429/349
f 71/432/352 509/433/353 990/423/343 400/434/354
f 509/433/353 508/435/355 991/424/344 990/423/343
f 508/435/355 507/436/356 992/427/347 991/424/344
f 507/436/356 64/437/357 221/438/358 992/427/347
f 992/427/347 221/438/358 222/439/359 995/428/348
f 995/428/348 222/439/359 223/440/360 998/431/351
f 998/431/351 223/440/360 38/441/361 349/442/362
f 997/429/349 998/431/351 349/442/362 350/443/363
f 996/430/350 997/429/349 350/443/363 351/444/364
f 402/445/365 996/430/350 351/444/364 51/446/366
f 401/447/367 993/426/346 996/430/350 402/445/365
f 400/434/354 990/423/343 993/426/346 401/447/367
f 999/141/123 232/448/368 233/449/369 1000/142/124
f 474/143/125 1000/142/124 1001/450/370 473/451/371
f 1000/142/124 233/449/369 234/452/372 1001/450/370
f 506/453/373 999/141/123 475/140/122 65/454/374
f 66/455/375 232/448/368 999/141/123 506/453/373
f 1001/450/370 234/452/372 41/456/376 261/457/377
f 473/451/371 1001/450/370 261/457/377 37/458/378
f 241/459/379 1011/460/380 1012/461/381 242/462/382
f 1002/463/383 1003/464/384 1006/465/385 1005/466/386
f 1003/464/384 1004/467/387 1007/468/388 1006/465/385
f 1005/466/386 1006/465/385 2246/469/389 2245/470/390
f 1006/465/385 1007/468/388 2247/471/391 2246/469/389
f 33/472/392 226/473/393 1002/474/383 294/475/394
f 226/476/393 227/477/395 1003/464/384 1002/463/383
f 227/477/395 228/478/396 1004/467/387 1003/464/384
f 228/478/396 36/310/251 197/75/68 1004/467/387
f 1004/467/387 197/75/68 198/78/71 1007/468/388
f 1007/468/388 198/78/71 2239/308/249 2247/471/391
f 290/290/238 1053/479/397 1010/480/398 199/481/399
f 1054/482/400 1009/483/401 1010/480/398 1053/479/397
f 1055/484/402 1008/485/403 1009/483/401 1054/482/400
f 293/486/404 1005/487/386 2245/488/390 292/489/405
f 294/475/394 1002/474/383 1005/487/386 293/486/404
f 1011/460/380 235/212/176 236/231/195 1012/461/381
f 242/462/382 1012/461/381 2249/490/406 2250/491/407
f 1012/461/381 236/231/195 2227/232/196 2249/490/406
f 35/492/408 225/493/409 1011/460/380 241/459/379
f 225/493/409 31/210/174 235/212/176 1011/460/380
f 246/330/271 1017/385/314 1018/494/410 245/331/272
f 289/495/411 2248/496/412 1008/497/403 1055/498/402
f 1062/287/235 290/290/238 199/481/399 957/322/263
f 1056/499/413 1013/500/414 237/501/415 288/502/416
f 1014/369/298 241/459/379 242/462/382 1015/370/299
f 239/371/300 1015/370/299 2251/503/417 2252/504/418
f 1015/370/299 242/462/382 2250/491/407 2251/503/417
f 95/505/419 224/506/420 1014/369/298 240/368/297
f 224/506/420 35/492/408 241/459/379 1014/369/298
f 269/507/421 1020/508/422 1021/509/423 270/510/424
f 312/511/425 1084/253/208 1085/512/426 311/513/427
f 1061/257/212 1016/514/428 243/515/429 287/516/430
f 1017/385/314 247/386/315 248/517/431 1018/494/410
f 245/331/272 1018/494/410 2254/518/432 2243/332/273
f 1018/494/410 248/517/431 2253/519/433 2254/518/432
f 1017/385/314 246/330/271 212/93/83 980/374/303
f 287/516/430 243/515/429 1013/500/414 1056/499/413
f 249/520/434 287/516/430 1056/499/413 1019/521/435
f 2258/522/436 289/495/411 1055/498/402 1074/523/437
f 1020/508/422 257/524/438 258/525/439 1021/509/423
f 270/510/424 1021/509/423 1022/526/440 271/527/441
f 1021/509/423 258/525/439 259/528/442 1022/526/440
f 396/529/443 1020/530/422 269/531/421 56/532/444
f 119/533/445 257/534/438 1020/530/422 396/529/443
f 1022/526/440 259/528/442 102/535/446 256/536/447
f 271/527/441 1022/526/440 256/536/447 40/537/448
f 232/448/368 1035/538/449 1036/539/450 233/449/369
f 1023/540/451 1024/541/452 1027/542/453 1026/543/454
f 1024/541/452 1025/544/455 1028/545/456 1027/542/453
f 1026/543/454 1027/542/453 1030/546/457 1029/547/458
f 1027/542/453 1028/545/456 1031/548/459 1030/546/457
f 52/549/460 394/550/461 1023/551/451 253/552/462
f 394/550/461 393/553/463 1024/554/452 1023/551/451
f 393/553/463 392/555/464 1025/556/455 1024/554/452
f 392/555/464 54/557/465 266/558/310 1025/556/455
f 1025/544/455 266/381/310 267/384/313 1028/545/456
f 1028/545/456 267/384/313 268/559/466 1031/548/459
f 1031/548/459 268/559/466 42/560/341 264/561/339
f 1030/546/457 1031/548/459 264/561/339 263/562/338
f 1029/547/458 1030/546/457 263/562/338 262/563/337
f 255/564/467 1029/547/458 262/563/337 39/565/336
f 254/566/468 1026/543/454 1029/547/458 255/564/467
f 253/567/462 1023/540/451 1026/543/454 254/566/468
f 1032/382/311 269/507/421 270/510/424 1033/383/312
f 267/384/313 1033/383/312 1034/568/469 268/559/466
f 1033/383/312 270/510/424 271/527/441 1034/568/469
f 388/569/470 1032/570/311 266/558/310 54/557/465
f 56/532/444 269/531/421 1032/570/311 388/569/470
f 1034/568/469 271/527/441 40/537/448 265/571/471
f 268/559/466 1034/568/469 265/571/471 42/560/341
f 279/572/472 1050/573/473 1051/574/474 280/575/475
f 1035/538/449 276/576/476 277/577/477 1036/539/450
f 233/449/369 1036/539/450 1037/578/478 234/452/372
f 1036/539/450 277/577/477 278/579/479 1037/578/478
f 505/580/480 1035/538/449 232/448/368 66/455/375
f 138/581/481 276/576/476 1035/538/449 505/580/480
f 1037/578/478 278/579/479 103/582/482 260/583/483
f 234/452/372 1037/578/478 260/583/483 41/456/376
f 487/584/484 1038/585/485 1039/586/486 486/587/487
f 1038/585/485 279/572/472 280/575/475 1039/586/486
f 486/587/487 1039/586/486 1040/588/488 485/589/489
f 1039/586/486 280/575/475 281/590/490 1040/588/488
f 504/591/491 1038/585/485 487/584/484 140/592/492
f 69/593/493 279/572/472 1038/585/485 504/591/491
f 1040/594/488 281/595/490 40/596/448 256/597/447
f 485/598/489 1040/594/488 256/597/447 102/599/446
f 284/260/215 238/600/494 1016/514/428 1061/257/212
f 1041/601/495 1042/602/496 1045/603/497 1044/604/498
f 1042/602/496 1043/605/499 1046/606/500 1045/603/497
f 1044/604/498 1045/603/497 1048/607/501 1047/608/502
f 1045/603/497 1046/606/500 1049/609/503 1048/607/501
f 64/437/357 503/610/504 1041/601/495 221/438/358
f 503/610/504 502/611/505 1042/602/496 1041/601/495
f 502/611/505 501/612/506 1043/605/499 1042/602/496
f 501/612/506 65/454/374 475/140/122 1043/605/499
f 1043/605/499 475/140/122 474/143/125 1046/606/500
f 1046/606/500 474/143/125 473/451/371 1049/609/503
f 1049/609/503 473/451/371 37/458/378 250/613/507
f 1048/607/501 1049/609/503 250/613/507 251/614/508
f 1047/608/502 1048/607/501 251/614/508 252/615/509
f 223/440/360 1047/608/502 252/615/509 38/441/361
f 222/439/359 1044/604/498 1047/608/502 223/440/360
f 221/438/358 1041/601/495 1044/604/498 222/439/359
f 1050/573/473 482/402/329 481/421/342 1051/574/474
f 280/575/475 1051/574/474 1052/616/510 281/590/490
f 1051/574/474 481/421/342 480/422/340 1052/616/510
f 500/617/511 1050/573/473 279/572/472 69/593/493
f 68/400/327 482/402/329 1050/573/473 500/617/511
f 1052/618/510 480/419/340 42/420/341 265/619/471
f 281/595/490 1052/618/510 265/619/471 40/596/448
f 1056/499/413 288/502/416 244/620/512 1019/521/435
f 1066/285/233 1067/284/232 1070/621/513 1069/622/514
f 1067/284/232 1068/283/231 1071/623/515 1070/621/513
f 1069/622/514 1070/621/513 2256/624/516 2255/625/517
f 1070/621/513 1071/623/515 2257/626/518 2256/624/516
f 1068/388/231 301/387/114 302/627/519 1071/628/515
f 1071/628/515 302/627/519 303/629/520 2257/630/518
f 1055/484/402 1054/482/400 1073/631/521 1074/632/437
f 1054/482/400 1053/479/397 1072/633/522 1073/631/521
f 1053/479/397 290/290/238 2259/289/237 1072/633/522
f 1062/287/235 286/133/116 2264/132/115 1089/288/236
f 305/634/523 1069/622/514 2255/625/517 304/635/524
f 306/286/234 1066/285/233 1069/622/514 305/634/523
f 1075/636/525 1076/637/526 1079/638/527 1078/639/528
f 1076/640/526 1077/641/529 1080/642/530 1079/643/527
f 1078/639/528 1079/638/527 2261/644/531 2260/645/532
f 1079/643/527 1080/642/530 2262/646/533 2261/647/531
f 50/648/534 217/649/535 1075/636/525 382/650/536
f 217/649/535 218/651/537 1076/637/526 1075/636/525
f 218/652/537 219/653/538 1077/641/529 1076/640/526
f 219/654/538 33/655/392 294/656/394 1077/657/529
f 1077/657/529 294/656/394 293/658/404 1080/659/530
f 1080/659/530 293/658/404 292/660/405 2262/661/533
f 247/386/315 1102/379/308 1103/662/539 248/517/431
f 289/495/411 1141/663/540 1083/664/541 2248/665/412
f 1142/666/542 1082/667/543 1083/668/541 1141/669/540
f 1143/222/186 1081/221/185 1082/670/543 1142/671/542
f 383/672/544 1078/639/528 2260/645/532 2263/673/545
f 382/650/536 1075/636/525 1078/639/528 383/672/544
f 1084/253/208 307/256/211 308/321/262 1085/512/426
f 311/513/427 1085/512/426 2265/674/546 310/675/547
f 1085/512/426 308/321/262 309/676/548 2265/674/546
f 1084/253/208 312/511/425 155/677/549 2231/254/209
f 1057/134/117 285/678/550 2266/679/551 1086/135/118
f 194/305/246 1090/680/552 1091/681/553 195/306/247
f 1061/257/212 287/516/430 249/520/434 1104/258/213
f 1087/298/239 306/286/234 305/634/523 1088/320/261
f 308/321/262 1088/320/261 2267/682/554 309/676/548
f 1088/320/261 305/634/523 304/635/524 2267/682/554
f 1087/298/239 307/256/211 192/255/210 954/291/200
f 361/683/555 1147/684/556 1148/685/557 362/686/558
f 938/230/194 1060/229/193 288/502/416 237/501/415
f 1090/680/552 313/687/559 314/688/560 1091/681/553
f 195/306/247 1091/681/553 2269/689/561 2237/309/250
f 1091/681/553 314/688/560 315/690/562 2269/689/561
f 34/312/253 220/691/563 1090/680/552 194/305/246
f 220/691/563 94/692/564 313/687/559 1090/680/552
f 1057/134/117 1092/693/565 2268/694/566 285/678/550
f 1092/693/565 1057/134/117 286/133/116 196/323/264
f 1093/695/567 1094/696/568 1097/697/569 1096/698/570
f 1094/696/568 1095/299/240 1098/699/571 1097/697/569
f 1096/698/570 1097/697/569 2271/700/572 2270/701/573
f 1097/697/569 1098/699/571 2272/702/574 2271/700/572
f 448/703/575 469/704/576 1314/705/577 1244/706/578
f 1242/707/579 1093/695/567 376/708/580 417/709/581
f 1240/389/316 1094/696/568 1093/695/567 1242/707/579
f 1238/300/241 1095/299/240 1094/696/568 1240/389/316
f 1095/299/240 297/102/92 296/338/279 1098/699/571
f 1098/699/571 296/338/279 295/339/280 2272/702/574
f 1065/317/258 1064/710/582 1100/711/583 1101/318/259
f 1064/710/582 1063/712/584 1099/713/585 1100/711/583
f 1063/712/584 386/714/586 378/715/587 1099/713/585
f 2283/716/588 465/717/589 1302/718/590 1320/719/591
f 377/720/592 1096/698/570 2270/701/573 2273/721/593
f 376/708/580 1093/695/567 1096/698/570 377/720/592
f 1102/379/308 316/380/309 317/722/594 1103/662/539
f 248/517/431 1103/662/539 2275/723/595 2253/519/433
f 1103/662/539 317/722/594 318/724/596 2275/723/595
f 1102/379/308 247/386/315 210/302/243 978/301/242
f 367/725/597 1171/726/598 1172/727/599 368/728/600
f 1105/129/113 1106/128/112 1109/729/601 1108/730/602
f 1106/127/112 1107/104/94 1110/731/603 1109/732/601
f 1108/730/602 1109/729/601 2277/733/604 2276/734/605
f 1109/732/601 1110/731/603 2278/735/606 2277/736/604
f 1107/104/94 373/103/93 374/737/607 1110/731/603
f 1110/731/603 374/737/607 2279/738/608 2278/735/606
f 1113/337/278 1143/222/186 1142/671/542 1112/739/609
f 1112/740/609 1142/666/542 1141/669/540 1111/741/610
f 1141/663/540 289/495/411 2258/742/436 1111/743/610
f 302/744/519 1108/745/602 2276/746/605 303/747/520
f 301/131/114 1105/130/113 1108/745/602 302/744/519
f 1114/748/611 1115/749/612 1118/750/613 1117/751/614
f 1115/749/612 1116/752/615 1119/753/616 1118/750/613
f 1117/751/614 1118/750/613 2281/754/617 2280/755/618
f 1118/750/613 1119/753/616 2282/756/619 2281/754/617
f 1396/757/620 1457/758/621 630/759/622 599/760/623
f 1254/761/624 1114/748/611 469/762/576 448/703/575
f 1252/763/625 1115/749/612 1114/748/611 1254/761/624
f 1250/764/626 1116/752/615 1115/749/612 1252/763/625
f 1116/752/615 376/708/580 377/720/592 1119/753/616
f 1119/753/616 377/720/592 2273/721/593 2282/756/619
f 1122/765/627 1146/766/628 1145/767/629 1121/768/630
f 1121/768/630 1145/767/629 1144/769/631 1120/770/632
f 1144/769/631 465/717/589 2283/771/588 1120/770/632
f 386/714/586 381/772/633 1309/773/634 1146/766/628
f 470/774/635 1117/751/614 2280/755/618 471/775/636
f 469/762/576 1114/748/611 1117/751/614 470/774/635
f 1123/776/637 1124/777/638 1127/778/639 1126/779/640
f 1124/777/638 1125/780/641 1128/781/642 1127/778/639
f 1126/779/640 1127/778/639 2285/782/643 2284/783/644
f 1127/778/639 1128/781/642 2286/784/645 2285/782/643
f 32/215/179 343/785/646 1123/776/637 298/216/180
f 343/785/646 344/786/647 1124/777/638 1123/776/637
f 344/786/647 345/787/648 1125/780/641 1124/777/638
f 345/787/648 49/788/649 379/789/650 1125/780/641
f 1125/780/641 379/789/650 380/790/651 1128/781/642
f 1128/781/642 380/790/651 2287/791/652 2286/784/645
f 465/717/589 468/792/653 1138/793/654 1302/718/590
f 386/714/586 1063/712/584 1131/794/655 381/772/633
f 1064/710/582 1130/795/656 1131/794/655 1063/712/584
f 1065/317/258 1129/796/657 1130/795/656 1064/710/582
f 299/217/181 1126/779/640 2284/783/644 300/218/182
f 298/216/180 1123/776/637 1126/779/640 299/217/181
f 1132/797/658 1133/798/659 1136/799/660 1135/800/661
f 1133/798/659 1134/801/662 1137/802/663 1136/799/660
f 1135/800/661 1136/799/660 2289/803/664 2288/804/665
f 1136/799/660 1137/802/663 2290/805/666 2289/803/664
f 60/806/667 346/807/668 1132/797/658 466/808/669
f 346/807/668 347/809/670 1133/798/659 1132/797/658
f 347/809/670 348/810/671 1134/801/662 1133/798/659
f 348/810/671 50/648/534 382/650/536 1134/801/662
f 1134/801/662 382/650/536 383/672/544 1137/802/663
f 1137/802/663 383/672/544 2263/673/545 2290/805/666
f 378/715/587 386/714/586 1146/766/628 1122/765/627
f 385/219/183 1300/811/672 1140/812/673 384/220/184
f 1301/813/674 1139/814/675 1140/812/673 1300/811/672
f 1302/718/590 1138/793/654 1139/814/675 1301/813/674
f 467/815/676 1135/800/661 2288/804/665 2291/816/677
f 466/808/669 1132/797/658 1135/800/661 467/815/676
f 1147/684/556 367/725/597 368/728/600 1148/685/557
f 362/817/558 1148/818/557 1149/819/678 363/820/679
f 1148/818/557 368/821/600 369/822/680 1149/819/678
f 261/823/377 1147/684/556 361/683/555 37/824/378
f 41/825/376 367/725/597 1147/684/556 261/823/377
f 1149/819/678 369/822/680 55/826/681 387/827/682
f 363/820/679 1149/819/678 387/827/682 53/828/683
f 364/829/684 1150/830/685 1151/831/686 365/832/687
f 1150/830/685 370/833/688 371/834/689 1151/831/686
f 365/832/687 1151/831/686 1152/835/690 366/836/691
f 1151/831/686 371/834/689 372/837/692 1152/835/690
f 464/838/693 1150/830/685 364/829/684 62/839/694
f 63/840/695 370/833/688 1150/830/685 464/838/693
f 1152/835/690 372/837/692 56/532/444 388/569/470
f 366/836/691 1152/835/690 388/569/470 54/557/465
f 331/841/696 1195/842/697 1196/843/698 332/844/699
f 1153/845/700 1154/846/701 1157/847/702 1156/848/703
f 1154/846/701 1155/849/704 1158/850/705 1157/847/702
f 1156/848/703 1157/847/702 1160/851/706 1159/852/707
f 1157/847/702 1158/850/705 1161/853/708 1160/851/706
f 38/441/361 252/854/509 1153/845/700 349/442/362
f 252/854/509 251/855/508 1154/846/701 1153/845/700
f 251/855/508 250/856/507 1155/849/704 1154/846/701
f 250/856/507 37/824/378 361/683/555 1155/849/704
f 1155/849/704 361/683/555 362/686/558 1158/850/705
f 1158/857/705 362/858/558 363/859/679 1161/860/708
f 1161/860/708 363/859/679 53/861/683 389/862/709
f 1160/851/706 1161/853/708 389/863/709 390/864/710
f 1159/852/707 1160/851/706 390/864/710 391/865/711
f 351/444/364 1159/852/707 391/865/711 51/446/366
f 350/443/363 1156/848/703 1159/852/707 351/444/364
f 349/442/362 1153/845/700 1156/848/703 350/443/363
f 1162/866/712 1163/867/713 1166/868/714 1165/869/715
f 1163/867/713 1164/870/716 1167/871/717 1166/868/714
f 1165/869/715 1166/868/714 1169/872/718 1168/873/719
f 1166/868/714 1167/871/717 1170/874/720 1169/872/718
f 61/875/721 463/876/722 1162/866/712 352/877/723
f 463/876/722 462/878/724 1163/867/713 1162/866/712
f 462/878/724 461/879/725 1164/870/716 1163/867/713
f 461/879/725 62/839/694 364/829/684 1164/870/716
f 1164/870/716 364/829/684 365/832/687 1167/871/717
f 1167/871/717 365/832/687 366/836/691 1170/874/720
f 1170/874/720 366/836/691 54/557/465 392/555/464
f 1169/872/718 1170/874/720 392/555/464 393/553/463
f 1168/873/719 1169/872/718 393/553/463 394/550/461
f 354/880/726 1168/873/719 394/550/461 52/549/460
f 353/881/727 1165/869/715 1168/873/719 354/880/726
f 352/877/723 1162/866/712 1165/869/715 353/881/727
f 1171/726/598 355/882/728 356/883/729 1172/727/599
f 368/821/600 1172/884/599 1173/885/730 369/822/680
f 1172/884/599 356/886/729 357/887/731 1173/885/730
f 260/888/483 1171/726/598 367/725/597 41/825/376
f 103/889/482 355/882/728 1171/726/598 260/888/483
f 1173/885/730 357/887/731 118/890/732 395/891/733
f 369/822/680 1173/885/730 395/891/733 55/826/681
f 370/833/688 1174/892/734 1175/893/735 371/834/689
f 1174/892/734 358/894/736 359/895/737 1175/893/735
f 371/834/689 1175/893/735 1176/896/738 372/837/692
f 1175/893/735 359/895/737 360/897/739 1176/896/738
f 460/898/740 1174/892/734 370/833/688 63/840/695
f 130/899/741 358/894/736 1174/892/734 460/898/740
f 1176/896/738 360/897/739 119/533/445 396/529/443
f 372/837/692 1176/896/738 396/529/443 56/532/444
f 325/900/742 1201/901/743 1202/902/744 326/903/745
f 1177/904/746 1178/905/747 1181/906/748 1180/907/749
f 1178/908/747 1179/909/750 1182/910/751 1181/911/748
f 1180/907/749 1181/906/748 1184/912/752 1183/913/753
f 1181/911/748 1182/910/751 1185/914/754 1184/915/752
f 67/406/332 499/916/755 1177/917/746 479/407/333
f 499/918/755 498/919/756 1178/905/747 1177/904/746
f 498/920/756 497/921/757 1179/909/750 1178/908/747
f 497/921/757 70/922/758 397/923/759 1179/909/750
f 1179/909/750 397/923/759 398/924/760 1182/910/751
f 1182/910/751 398/924/760 399/925/761 1185/914/754
f 1185/914/754 399/925/761 52/549/460 253/552/462
f 1184/926/752 1185/927/754 253/567/462 254/566/468
f 1183/928/753 1184/926/752 254/566/468 255/564/467
f 477/929/335 1183/928/753 255/564/467 39/565/336
f 478/409/334 1180/930/749 1183/931/753 477/411/335
f 479/407/333 1177/917/746 1180/930/749 478/409/334
f 1186/932/762 1187/933/763 1190/934/764 1189/935/765
f 1187/933/763 1188/936/766 1191/937/767 1190/934/764
f 1189/935/765 1190/934/764 1193/938/768 1192/939/769
f 1190/934/764 1191/937/767 1194/940/770 1193/938/768
f 72/941/771 496/942/772 1186/932/762 457/943/773
f 496/942/772 495/944/774 1187/933/763 1186/932/762
f 495/944/774 494/945/775 1188/936/766 1187/933/763
f 494/945/775 71/432/352 400/434/354 1188/936/766
f 1188/936/766 400/434/354 401/447/367 1191/937/767
f 1191/937/767 401/447/367 402/445/365 1194/940/770
f 1194/940/770 402/445/365 51/446/366 436/946/776
f 1193/938/768 1194/940/770 436/946/776 437/947/777
f 1192/939/769 1193/938/768 437/947/777 438/948/778
f 459/949/779 1192/939/769 438/948/778 61/875/721
f 458/950/780 1189/935/765 1192/939/769 459/949/779
f 457/943/773 1186/932/762 1189/935/765 458/950/780
f 1195/842/697 337/951/781 338/952/782 1196/843/698
f 332/844/699 1196/843/698 1197/953/783 333/954/784
f 1196/843/698 338/952/782 339/955/785 1197/953/783
f 185/956/302 1195/842/697 331/841/696 30/957/294
f 29/958/130 337/951/781 1195/842/697 185/956/302
f 1197/953/783 339/955/785 47/959/786 403/960/787
f 333/954/784 1197/953/783 403/960/787 45/961/788
f 334/962/35 1198/963/35 1199/964/35 335/965/35
f 1198/963/35 340/966/789 341/967/789 1199/964/35
f 335/965/35 1199/964/35 1200/968/35 336/969/35
f 1199/964/35 341/967/789 342/970/789 1200/968/35
f 456/971/35 1198/963/35 334/962/35 58/972/35
f 59/973/790 340/966/789 1198/963/35 456/971/35
f 1200/968/35 342/970/789 48/170/147 404/359/290
f 336/969/35 1200/968/35 404/359/290 46/348/286
f 427/974/35 1273/975/35 1274/976/35 428/977/35
f 1201/901/743 331/841/696 332/844/699 1202/902/744
f 326/903/745 1202/902/744 1203/978/791 327/979/792
f 1202/902/744 332/844/699 333/954/784 1203/978/791
f 170/980/293 1201/901/743 325/900/742 84/981/301
f 30/957/294 331/841/696 1201/901/743 170/980/293
f 1203/978/791 333/954/784 45/961/788 405/982/793
f 327/979/792 1203/978/791 405/982/793 108/983/793
f 328/984/35 1204/985/35 1205/986/35 329/987/35
f 1204/985/35 334/962/35 335/965/35 1205/986/35
f 329/987/35 1205/986/35 1206/988/35 330/989/35
f 1205/986/35 335/965/35 336/969/35 1206/988/35
f 455/990/35 1204/985/35 328/984/35 125/991/35
f 58/972/35 334/962/35 1204/985/35 455/990/35
f 1206/988/35 336/969/35 46/348/286 406/346/284
f 330/989/35 1206/988/35 406/346/284 109/347/285
f 424/992/35 1270/993/35 1271/994/35 425/995/35
f 1209/378/307 1210/377/306 1212/996/794 1211/997/795
f 158/115/104 1208/242/203 1207/376/305 159/152/132
f 26/156/136 159/152/132 1207/376/305 162/998/796
f 1211/997/795 1212/996/794 407/999/797 408/1000/798
f 1208/242/203 1237/241/202 1239/390/317 1210/377/306
f 1210/377/306 1239/390/317 1241/1001/799 1212/996/794
f 1212/996/794 1241/1001/799 418/1002/800 407/999/797
f 449/1003/801 1243/1004/802 1214/1005/803 453/1006/804
f 1213/1007/805 1214/1005/803 1216/1008/806 1215/1009/807
f 160/1010/808 1211/997/795 408/1000/798 44/1011/809
f 161/1012/810 1209/378/307 1211/997/795 160/1010/808
f 162/998/796 1207/376/305 1209/378/307 161/1012/810
f 1215/1009/807 1216/1008/806 1218/1013/811 1217/1014/812
f 453/1006/804 1214/1005/803 1213/1007/805 454/1015/813
f 57/1016/814 454/1015/813 1213/1007/805 423/1017/815
f 1217/1014/812 1218/1013/811 409/194/159 410/195/160
f 1214/1005/803 1243/1004/802 1245/1018/816 1216/1008/806
f 1216/1008/806 1245/1018/816 1247/1019/817 1218/1013/811
f 1218/1013/811 1247/1019/817 420/120/107 409/194/159
f 407/999/797 418/1002/800 1249/1020/818 1265/1021/819
f 1264/1022/820 1265/1021/819 1267/1023/821 1266/1024/822
f 421/1025/823 1217/1014/812 410/195/160 43/175/152
f 422/1026/824 1215/1009/807 1217/1014/812 421/1025/823
f 423/1017/815 1213/1007/805 1215/1009/807 422/1026/824
f 1219/1027/825 1220/1028/826 1223/1029/827 1222/1030/828
f 1220/1028/826 1221/1031/829 1224/1032/830 1223/1029/827
f 1222/1030/828 1223/1029/827 1226/1033/831 1225/1034/832
f 1223/1029/827 1224/1032/830 1227/1035/833 1226/1033/831
f 29/958/130 184/1036/131 1219/1027/825 337/951/781
f 184/1036/131 183/1037/137 1220/1028/826 1219/1027/825
f 183/1037/137 182/1038/135 1221/1031/829 1220/1028/826
f 182/1038/135 26/156/136 162/998/796 1221/1031/829
f 1221/1031/829 162/998/796 161/1012/810 1224/1032/830
f 1224/1032/830 161/1012/810 160/1010/808 1227/1035/833
f 1227/1035/833 160/1010/808 44/1011/809 411/1039/834
f 1226/1033/831 1227/1035/833 411/1039/834 412/1040/835
f 1225/1034/832 1226/1033/831 412/1040/835 413/1041/836
f 339/955/785 1225/1034/832 413/1041/836 47/959/786
f 338/952/782 1222/1030/828 1225/1034/832 339/955/785
f 337/951/781 1219/1027/825 1222/1030/828 338/952/782
f 1228/1042/837 1229/1043/838 1232/1044/839 1231/1045/840
f 1229/1043/838 1230/1046/841 1233/1047/842 1232/1044/839
f 1231/1045/840 1232/1044/839 1235/1048/843 1234/1049/844
f 1232/1044/839 1233/1047/842 1236/1050/845 1235/1048/843
f 59/973/790 452/1051/846 1228/1042/837 340/966/789
f 452/1051/846 451/1052/847 1229/1043/838 1228/1042/837
f 451/1052/847 450/1053/848 1230/1046/841 1229/1043/838
f 450/1053/848 57/1016/814 423/1017/815 1230/1046/841
f 1230/1046/841 423/1017/815 422/1026/824 1233/1047/842
f 1233/1047/842 422/1026/824 421/1025/823 1236/1050/845
f 1236/1050/845 421/1025/823 43/175/152 414/174/151
f 1235/1048/843 1236/1050/845 414/174/151 415/173/150
f 1234/1049/844 1235/1048/843 415/173/150 416/171/148
f 342/970/789 1234/1049/844 416/171/148 48/170/147
f 341/967/789 1231/1045/840 1234/1049/844 342/970/789
f 340/966/789 1228/1042/837 1231/1045/840 341/967/789
f 1239/390/317 1240/389/316 1242/707/579 1241/1001/799
f 171/97/87 1238/300/241 1237/241/202 172/98/88
f 1241/1001/799 1242/707/579 417/709/581 418/1002/800
f 1243/1004/802 1244/706/578 1246/1054/849 1245/1018/816
f 1245/1018/816 1246/1054/849 1248/1055/850 1247/1019/817
f 448/703/575 1244/706/578 1243/1004/802 449/1003/801
f 1247/1019/817 1248/1055/850 419/106/96 420/120/107
f 1244/706/578 1314/705/577 1313/1056/851 1246/1054/849
f 1246/1054/849 1313/1056/851 1312/1057/852 1248/1055/850
f 1248/1055/850 1312/1057/852 373/103/93 419/106/96
f 417/709/581 376/708/580 1116/752/615 1250/764/626
f 1249/1020/818 1250/764/626 1252/763/625 1251/1058/853
f 1251/1058/853 1252/763/625 1254/761/624 1253/1059/854
f 417/709/581 1250/764/626 1249/1020/818 418/1002/800
f 1265/1021/819 1249/1020/818 1251/1058/853 1267/1023/821
f 1253/1059/854 1254/761/624 448/703/575 449/1003/801
f 1394/1060/855 1397/1061/856 1396/757/620 1393/1062/857
f 1470/1063/858 1467/1064/859 593/1065/860 598/1066/861
f 1269/1067/862 1253/1059/854 449/1003/801 453/1006/804
f 1267/1023/821 1251/1058/853 1253/1059/854 1269/1067/862
f 1255/1068/863 1256/1069/864 1259/1070/865 1258/1071/866
f 1256/1069/864 1257/1072/867 1260/1073/868 1259/1070/865
f 1258/1071/866 1259/1070/865 1262/1074/869 1261/1075/870
f 1259/1070/865 1260/1073/868 1263/1076/871 1262/1074/869
f 47/959/786 413/1041/836 1255/1068/863 430/1077/872
f 413/1041/836 412/1040/835 1256/1069/864 1255/1068/863
f 412/1040/835 411/1039/834 1257/1072/867 1256/1069/864
f 411/1039/834 44/1011/809 324/1078/873 1257/1072/867
f 1257/1072/867 324/1078/873 323/1079/874 1260/1073/868
f 1260/1073/868 323/1079/874 322/1080/875 1263/1076/871
f 1263/1076/871 322/1080/875 57/1016/814 450/1053/848
f 1262/1074/869 1263/1076/871 450/1053/848 451/1052/847
f 1261/1075/870 1262/1074/869 451/1052/847 452/1051/846
f 432/1081/876 1261/1075/870 452/1051/846 59/973/790
f 431/1082/877 1258/1071/866 1261/1075/870 432/1081/876
f 430/1077/872 1255/1068/863 1258/1071/866 431/1082/877
f 1266/1024/822 1267/1023/821 1269/1067/862 1268/1083/878
f 407/999/797 1265/1021/819 1264/1022/820 408/1000/798
f 44/1011/809 408/1000/798 1264/1022/820 324/1078/873
f 1268/1083/878 1269/1067/862 453/1006/804 454/1015/813
f 1388/1084/879 1391/1085/880 1390/1086/881 1387/1087/882
f 322/1080/875 1268/1083/878 454/1015/813 57/1016/814
f 323/1079/874 1266/1024/822 1268/1083/878 322/1080/875
f 324/1078/873 1264/1022/820 1266/1024/822 323/1079/874
f 1270/993/35 427/974/35 428/977/35 1271/994/35
f 425/995/35 1271/994/35 1272/1088/35 426/1089/35
f 1271/994/35 428/977/35 429/1090/35 1272/1088/35
f 405/982/793 1270/993/35 424/992/35 108/983/793
f 45/961/788 427/974/35 1270/993/35 405/982/793
f 1272/1088/35 429/1090/35 58/972/35 455/990/35
f 426/1089/35 1272/1088/35 455/990/35 125/991/35
f 445/1091/883 1285/1092/884 1286/1093/885 446/1094/886
f 1273/975/35 430/1077/872 431/1082/877 1274/976/35
f 428/977/35 1274/976/35 1275/1095/35 429/1090/35
f 1274/976/35 431/1082/877 432/1081/876 1275/1095/35
f 403/960/787 1273/975/35 427/974/35 45/961/788
f 47/959/786 430/1077/872 1273/975/35 403/960/787
f 1275/1095/35 432/1081/876 59/973/790 456/971/35
f 429/1090/35 1275/1095/35 456/971/35 58/972/35
f 442/1096/887 1297/1097/888 1298/1098/889 443/1099/890
f 1276/1100/891 1277/1101/892 1280/1102/893 1279/1103/894
f 1277/1101/892 1278/1104/895 1281/1105/896 1280/1102/893
f 1279/1103/894 1280/1102/893 1283/1106/897 1282/1107/898
f 1280/1102/893 1281/1105/896 1284/1108/899 1283/1106/897
f 70/922/758 493/1109/900 1276/1100/891 397/923/759
f 493/1109/900 492/1110/901 1277/1101/892 1276/1100/891
f 492/1110/901 491/1111/902 1278/1104/895 1277/1101/892
f 491/1111/902 72/941/771 457/943/773 1278/1104/895
f 1278/1104/895 457/943/773 458/950/780 1281/1105/896
f 1281/1105/896 458/950/780 459/949/779 1284/1108/899
f 1284/1108/899 459/949/779 61/875/721 352/877/723
f 1283/1106/897 1284/1108/899 352/877/723 353/881/727
f 1282/1107/898 1283/1106/897 353/881/727 354/880/726
f 399/925/761 1282/1107/898 354/880/726 52/549/460
f 398/924/760 1279/1103/894 1282/1107/898 399/925/761
f 397/923/759 1276/1100/891 1279/1103/894 398/924/760
f 1285/1092/884 439/1112/903 440/1113/904 1286/1093/885
f 446/1094/886 1286/1093/885 1287/1114/905 447/1115/906
f 1286/1093/885 440/1113/904 441/1116/907 1287/1114/905
f 395/891/733 1285/1117/884 445/1118/883 55/826/681
f 118/890/732 439/1119/903 1285/1117/884 395/891/733
f 1287/1114/905 441/1116/907 130/899/741 460/898/740
f 447/1115/906 1287/1114/905 460/898/740 63/840/695
f 1334/1120/908 516/1121/908 147/1122/909 539/1123/910
f 1288/1124/911 1289/1125/912 1292/1126/913 1291/1127/914
f 1289/1125/912 1290/1128/915 1293/1129/916 1292/1126/913
f 1291/1127/914 1292/1126/913 1295/1130/917 1294/1131/918
f 1292/1126/913 1293/1129/916 1296/1132/919 1295/1130/917
f 51/446/366 391/865/711 1288/1124/911 436/946/776
f 391/865/711 390/864/710 1289/1125/912 1288/1124/911
f 390/864/710 389/863/709 1290/1128/915 1289/1125/912
f 389/862/709 53/861/683 442/1133/887 1290/1134/915
f 1290/1128/915 442/1096/887 443/1099/890 1293/1129/916
f 1293/1129/916 443/1099/890 444/1135/920 1296/1132/919
f 1296/1132/919 444/1135/920 62/839/694 461/879/725
f 1295/1130/917 1296/1132/919 461/879/725 462/878/724
f 1294/1131/918 1295/1130/917 462/878/724 463/876/722
f 438/948/778 1294/1131/918 463/876/722 61/875/721
f 437/947/777 1291/1127/914 1294/1131/918 438/948/778
f 436/946/776 1288/1124/911 1291/1127/914 437/947/777
f 1297/1097/888 445/1091/883 446/1094/886 1298/1098/889
f 443/1099/890 1298/1098/889 1299/1136/921 444/1135/920
f 1298/1098/889 446/1094/886 447/1115/906 1299/1136/921
f 387/827/682 1297/1137/888 442/1138/887 53/828/683
f 55/826/681 445/1118/883 1297/1137/888 387/827/682
f 1299/1136/921 447/1115/906 63/840/695 464/838/693
f 444/1135/920 1299/1136/921 464/838/693 62/839/694
f 1330/1139/908 484/1140/908 78/1141/922 543/1142/923
f 1303/1143/924 1304/1144/925 1307/1145/926 1306/1146/927
f 1304/1144/925 1305/1147/928 1308/1148/929 1307/1145/926
f 1306/1146/927 1307/1145/926 2293/1149/930 2292/1150/931
f 1307/1145/926 1308/1148/929 2294/1151/932 2293/1149/930
f 49/788/649 433/1152/933 1303/1143/924 379/789/650
f 433/1152/933 434/1153/934 1304/1144/925 1303/1143/924
f 434/1153/934 435/1154/935 1305/1147/928 1304/1144/925
f 435/1154/935 60/1155/667 466/1156/669 1305/1147/928
f 1305/1147/928 466/1156/669 467/1157/676 1308/1148/929
f 1308/1148/929 467/1157/676 2291/1158/677 2294/1151/932
f 1459/1159/936 1553/1160/937 662/1161/938 628/1162/939
f 465/717/589 1144/769/631 1311/1163/940 468/1164/653
f 1145/767/629 1310/1165/941 1311/1163/940 1144/769/631
f 1146/766/628 1309/773/634 1310/1165/941 1145/767/629
f 380/790/651 1306/1146/927 2292/1150/931 2287/791/652
f 379/789/650 1303/1143/924 1306/1146/927 380/790/651
f 1312/1057/852 1313/1056/851 1316/1166/942 1315/1167/943
f 1313/1056/851 1314/705/577 1317/1168/944 1316/1166/942
f 1315/1167/943 1316/1166/942 2296/1169/945 2295/1170/946
f 1316/1166/942 1317/1168/944 2297/1171/947 2296/1169/945
f 1314/705/577 469/704/576 470/1172/635 1317/1168/944
f 1317/1168/944 470/1172/635 471/1173/636 2297/1171/947
f 1302/718/590 1301/813/674 1319/1174/948 1320/719/591
f 1301/813/674 1300/811/672 1318/1175/949 1319/1174/948
f 1300/811/672 385/219/183 375/336/277 1318/1175/949
f 1065/317/258 291/223/187 2226/226/190 1129/796/657
f 374/737/607 1315/1167/943 2295/1170/946 2279/738/608
f 373/103/93 1312/1057/852 1315/1167/943 374/737/607
f 551/1176/950 550/1177/951 1323/1178/952 1322/1179/953
f 1322/1179/953 492/1110/901 493/1109/900 1321/1180/954
f 1323/1178/952 491/1111/902 492/1110/901 1322/1179/953
f 81/1181/955 490/1182/956 1323/1178/952 550/1177/951
f 549/1183/957 548/1184/958 1325/1185/959 1324/1186/960
f 490/1182/956 72/941/771 491/1111/902 1323/1178/952
f 488/1187/961 1321/1180/954 493/1109/900 70/922/758
f 1321/1180/954 488/1187/961 79/1188/962 552/1189/963
f 548/1184/958 547/1190/964 1326/1191/965 1325/1185/959
f 1325/1185/959 495/944/774 496/942/772 1324/1186/960
f 1326/1191/965 494/945/775 495/944/774 1325/1185/959
f 80/1192/966 489/1193/967 1326/1191/965 547/1190/964
f 546/1194/968 545/1195/969 1328/1196/970 1327/1197/971
f 489/1193/967 71/432/352 494/945/775 1326/1191/965
f 490/1182/956 1324/1186/960 496/942/772 72/941/771
f 1324/1186/960 490/1182/956 81/1181/955 549/1183/957
f 545/1198/969 544/1199/972 1329/1200/973 1328/1201/970
f 1328/1196/970 498/919/756 499/918/755 1327/1197/971
f 1329/1200/973 497/921/757 498/920/756 1328/1201/970
f 79/1188/962 488/1187/961 1329/1200/973 544/1199/972
f 515/1202/974 1330/1139/908 543/1142/923 75/1203/975
f 488/1187/961 70/922/758 497/921/757 1329/1200/973
f 514/1204/976 1327/1205/971 499/916/755 67/406/332
f 1327/1205/971 514/1204/976 74/1206/977 546/1207/968
f 68/400/327 500/617/511 1330/1139/908 515/1202/974
f 1336/1208/978 513/1209/979 73/1210/980 537/1211/981
f 484/1140/908 1330/1139/908 500/617/511 69/593/493
f 542/1212/982 541/1213/983 1332/1214/984 1331/1215/985
f 541/1213/983 540/1216/986 1333/1217/987 1332/1214/984
f 1332/1214/984 502/1218/505 503/1219/504 1331/1215/985
f 1333/1217/987 501/1220/506 502/1218/505 1332/1214/984
f 513/1221/979 1333/1217/987 540/1216/986 73/1222/980
f 78/1141/922 484/1140/908 1334/1120/908 539/1123/910
f 65/1223/374 501/1220/506 1333/1217/987 513/1221/979
f 472/1224/988 1331/1215/985 503/1219/504 64/437/357
f 1331/1215/985 472/1224/988 76/1225/989 542/1212/982
f 484/1140/908 69/593/493 504/591/491 1334/1120/908
f 1335/1226/978 476/1227/978 77/1228/990 538/1229/991
f 516/1121/908 1334/1120/908 504/591/491 140/592/492
f 150/1230/992 483/1231/978 1335/1226/978 538/1229/991
f 483/1231/978 138/581/481 505/580/480 1335/1226/978
f 519/1232/993 1357/1233/994 1358/1234/995 520/1235/996
f 476/1227/978 1335/1226/978 505/580/480 66/455/375
f 77/1228/990 476/1227/978 1336/1208/978 537/1211/981
f 476/1227/978 66/455/375 506/453/373 1336/1208/978
f 231/1236/997 1355/1237/998 1356/1238/999 230/1239/1000
f 513/1209/979 1336/1208/978 506/453/373 65/454/374
f 536/1240/1001 535/1241/1002 1338/1242/1003 1337/1243/1004
f 535/1241/1002 534/1244/1005 1339/1245/1006 1338/1242/1003
f 1338/1242/1003 508/1246/355 509/1247/353 1337/1243/1004
f 1339/1245/1006 507/1248/356 508/1246/355 1338/1242/1003
f 76/1225/989 472/1224/988 1339/1245/1006 534/1244/1005
f 533/1249/1007 532/1250/1008 1341/1251/1009 1340/1252/1010
f 472/1224/988 64/437/357 507/1248/356 1339/1245/1006
f 489/1253/967 1337/1243/1004 509/1247/353 71/1254/352
f 1337/1243/1004 489/1253/967 80/1255/966 536/1240/1001
f 532/1250/1008 531/1256/1011 1342/1257/1012 1341/1251/1009
f 1341/1251/1009 511/403/330 512/401/328 1340/1252/1010
f 1342/1257/1012 510/404/331 511/403/330 1341/1251/1009
f 514/1204/976 1342/1258/1012 531/1259/1011 74/1206/977
f 1347/1260/1013 532/1261/1008 533/1262/1007 1346/1263/1014
f 67/406/332 510/405/331 1342/1258/1012 514/1204/976
f 515/1202/974 1340/1252/1010 512/401/328 68/400/327
f 1340/1252/1010 515/1202/974 75/1203/975 533/1249/1007
f 1343/1264/1015 1344/1265/1016 1347/1260/1013 1346/1263/1014
f 1344/1265/1016 1345/1266/1017 1348/1267/1018 1347/1260/1013
f 1348/1267/1018 531/1268/1011 532/1261/1008 1347/1260/1013
f 74/1206/977 531/1269/1011 1348/1270/1018 272/1271/1019
f 36/1272/251 228/1273/396 1343/1264/1015 275/1274/1020
f 228/1273/396 227/1275/395 1344/1265/1016 1343/1264/1015
f 227/1275/395 226/1276/393 1345/1266/1017 1344/1265/1016
f 226/1277/393 33/655/392 273/1278/1021 1345/1279/1017
f 1345/1279/1017 273/1278/1021 272/1271/1019 1348/1270/1018
f 274/1280/1022 1346/1263/1014 533/1262/1007 75/1281/975
f 1353/1282/1023 535/1283/1002 536/1284/1001 1352/1285/1024
f 275/1274/1020 1343/1264/1015 1346/1263/1014 274/1280/1022
f 1349/1286/1025 1350/1287/1026 1353/1282/1023 1352/1285/1024
f 1350/1287/1026 1351/1288/1027 1354/1289/1028 1353/1282/1023
f 1354/1289/1028 534/1290/1005 535/1283/1002 1353/1282/1023
f 518/1291/1029 76/1225/989 534/1290/1005 1354/1289/1028
f 49/788/649 345/787/648 1349/1286/1025 527/1292/1030
f 345/787/648 344/786/647 1350/1287/1026 1349/1286/1025
f 344/786/647 343/785/646 1351/1288/1027 1350/1287/1026
f 343/785/646 32/215/179 517/1293/1031 1351/1288/1027
f 1351/1288/1027 517/1293/1031 518/1291/1029 1354/1289/1028
f 528/1294/1032 1352/1285/1024 536/1284/1001 80/1192/966
f 523/1295/1033 1367/1296/1034 1368/1297/1035 524/1298/1036
f 527/1292/1030 1349/1286/1025 1352/1285/1024 528/1294/1032
f 1355/1237/998 519/1299/993 520/1300/996 1356/1238/999
f 225/493/409 1355/1237/998 231/1236/997 31/210/174
f 230/1239/1000 1356/1238/999 537/1211/981 73/1210/980
f 35/492/408 519/1299/993 1355/1237/998 225/493/409
f 520/1300/996 77/1228/990 537/1211/981 1356/1238/999
f 283/1301/1037 1359/1302/1038 1360/1303/1039 282/1304/1040
f 1357/1233/994 521/1305/1041 522/1306/1042 1358/1234/995
f 224/506/420 1357/1233/994 519/1232/993 35/1307/408
f 520/1235/996 1358/1234/995 538/1308/991 77/1309/990
f 95/1310/419 521/1305/1041 1357/1233/994 224/506/420
f 522/1306/1042 150/1230/992 538/1308/991 1358/1234/995
f 2232/1311/101 2305/1312/101 1888/1313/101 1880/1314/101
f 1359/1302/1038 523/1315/1033 524/1316/1036 1360/1303/1039
f 220/691/563 1359/1302/1038 283/1301/1037 94/1317/564
f 282/1304/1040 1360/1303/1039 539/1318/910 147/1122/909
f 34/1319/253 523/1315/1033 1359/1302/1038 220/691/563
f 524/1316/1036 78/1320/922 539/1318/910 1360/1303/1039
f 1365/1321/1043 541/1322/983 542/1323/982 1364/1324/1044
f 1361/1325/1045 1362/1326/1046 1365/1321/1043 1364/1324/1044
f 1362/1326/1046 1363/1327/1047 1366/1328/1048 1365/1321/1043
f 1366/1328/1048 540/1329/986 541/1322/983 1365/1321/1043
f 73/1210/980 540/1329/986 1366/1328/1048 230/1239/1000
f 32/215/179 216/214/178 1361/1325/1045 517/1293/1031
f 216/214/178 215/213/177 1362/1326/1046 1361/1325/1045
f 215/213/177 214/211/175 1363/1327/1047 1362/1326/1046
f 214/211/175 31/210/174 231/1236/997 1363/1327/1047
f 1363/1327/1047 231/1236/997 230/1239/1000 1366/1328/1048
f 518/1291/1029 1364/1324/1044 542/1323/982 76/1225/989
f 575/1330/1049 1897/1331/1050 2377/1332/1051 2221/1333/1052
f 517/1293/1031 1361/1325/1045 1364/1324/1044 518/1291/1029
f 1367/1296/1034 275/1334/1020 274/1335/1022 1368/1297/1035
f 229/311/252 1367/1296/1034 523/1295/1033 34/312/253
f 524/1298/1036 1368/1297/1035 543/1142/923 78/1141/922
f 36/310/251 275/1334/1020 1367/1296/1034 229/311/252
f 75/1203/975 543/1142/923 1368/1297/1035 274/1335/1022
f 1373/1336/1053 545/1337/969 546/1338/968 1372/1339/1054
f 1369/1340/1055 1370/1341/1056 1373/1336/1053 1372/1339/1054
f 1370/1342/1056 1371/1343/1057 1374/1344/1058 1373/1345/1053
f 1374/1344/1058 544/1346/972 545/1347/969 1373/1345/1053
f 526/1348/1059 79/1349/962 544/1346/972 1374/1344/1058
f 33/655/392 219/654/538 1369/1350/1055 273/1278/1021
f 219/653/538 218/652/537 1370/1341/1056 1369/1340/1055
f 218/651/537 217/649/535 1371/1343/1057 1370/1342/1056
f 217/649/535 50/648/534 525/1351/1060 1371/1343/1057
f 1371/1343/1057 525/1351/1060 526/1348/1059 1374/1344/1058
f 272/1271/1019 1372/1352/1054 546/1353/968 74/1206/977
f 1379/1354/1061 548/1184/958 549/1183/957 1378/1355/1062
f 273/1278/1021 1369/1350/1055 1372/1352/1054 272/1271/1019
f 1375/1356/1063 1376/1357/1064 1379/1354/1061 1378/1355/1062
f 1376/1357/1064 1377/1358/1065 1380/1359/1066 1379/1354/1061
f 1380/1359/1066 547/1190/964 548/1184/958 1379/1354/1061
f 528/1294/1032 80/1192/966 547/1190/964 1380/1359/1066
f 60/1155/667 435/1154/935 1375/1356/1063 529/1360/1067
f 435/1154/935 434/1153/934 1376/1357/1064 1375/1356/1063
f 434/1153/934 433/1152/933 1377/1358/1065 1376/1357/1064
f 433/1152/933 49/788/649 527/1292/1030 1377/1358/1065
f 1377/1358/1065 527/1292/1030 528/1294/1032 1380/1359/1066
f 530/1361/1068 1378/1355/1062 549/1183/957 81/1181/955
f 1385/1362/1069 551/1176/950 552/1189/963 1384/1363/1070
f 529/1360/1067 1375/1356/1063 1378/1355/1062 530/1361/1068
f 1381/1364/1071 1382/1365/1072 1385/1362/1069 1384/1363/1070
f 1382/1365/1072 1383/1366/1073 1386/1367/1074 1385/1362/1069
f 1386/1367/1074 550/1177/951 551/1176/950 1385/1362/1069
f 530/1361/1068 81/1181/955 550/1177/951 1386/1367/1074
f 50/1368/534 348/1369/671 1381/1364/1071 525/1370/1060
f 348/1369/671 347/1371/670 1382/1365/1072 1381/1364/1071
f 347/1371/670 346/1372/668 1383/1366/1073 1382/1365/1072
f 346/1372/668 60/1155/667 529/1360/1067 1383/1366/1073
f 1383/1366/1073 529/1360/1067 530/1361/1068 1386/1367/1074
f 526/1373/1059 1384/1363/1070 552/1189/963 79/1188/962
f 892/1374/1075 1814/1375/1076 1815/1376/1077 891/1377/1078
f 525/1370/1060 1381/1364/1071 1384/1363/1070 526/1373/1059
f 1389/1378/1079 1392/1379/1080 1391/1380/880 1388/1381/879
f 2221/1382/1052 1392/1383/1080 1389/1384/1079 575/1385/1049
f 82/1386/1081 564/1387/1082 1387/1388/882 561/1389/1083
f 564/1387/1082 563/1390/1084 1388/1391/879 1387/1388/882
f 563/1390/1084 562/1392/1085 1389/1393/1079 1388/1391/879
f 562/1394/1085 87/1395/1086 575/1396/1049 1389/1397/1079
f 561/1389/1083 1387/1388/882 1390/1398/881 560/1399/1087
f 2306/1400/101 2309/136/119 1891/139/121 1882/1401/101
f 2221/1382/1052 2220/1402/1088 1442/1403/1089 1392/1383/1080
f 1392/1379/1080 1442/1404/1089 1441/1405/1090 1391/1380/880
f 1391/1085/880 1441/1406/1090 1440/1407/1091 1390/1086/881
f 1406/1408/1092 1409/1409/1093 1408/1410/1094 1405/1411/1095
f 1395/1412/1096 1398/1413/1097 1397/1061/856 1394/1060/855
f 566/1414/1098 1398/1413/1097 1395/1412/1096 567/1415/1099
f 1408/1410/1094 1409/1409/1093 1394/1060/855 1393/1062/857
f 1409/1409/1093 1410/1416/1100 1395/1412/1096 1394/1060/855
f 1410/1416/1100 555/1417/1101 567/1415/1099 1395/1412/1096
f 173/269/222 174/272/225 1461/1418/1102 1460/1419/1103
f 600/1420/1104 1393/1062/857 1396/757/620 599/760/623
f 1402/1421/1105 1604/1422/1106 726/1423/1107 772/1424/1108
f 566/1414/1098 671/1425/1109 1451/1426/1110 1398/1413/1097
f 1398/1413/1097 1451/1426/1110 1454/1427/1111 1397/1061/856
f 1397/1061/856 1454/1427/1111 1457/758/621 1396/757/620
f 1400/1428/1112 1403/1429/1113 1402/1421/1105 1399/1430/1114
f 1401/1431/1115 1404/1432/1116 1403/1433/1113 1400/1434/1112
f 553/1435/1117 1404/1436/1116 1401/1437/1115 554/1438/1118
f 1423/1439/1119 1424/1440/1120 1400/1428/1112 1399/1430/1114
f 1424/1441/1120 1425/1442/1121 1401/1431/1115 1400/1434/1112
f 1425/1443/1121 560/1399/1087 554/1438/1118 1401/1437/1115
f 1472/1444/1122 1469/1445/1123 595/1446/1124 600/1420/1104
f 773/1447/1125 1399/1430/1114 1402/1421/1105 772/1424/1108
f 1577/1448/1126 1437/1449/1127 155/1450/549 312/511/425
f 553/1435/1117 675/1451/1128 1598/1452/1129 1404/1436/1116
f 1404/1432/1116 1598/1453/1129 1601/1454/1130 1403/1433/1113
f 1403/1429/1113 1601/1455/1130 1604/1422/1106 1402/1421/1105
f 176/1456/1131 946/1457/1132 1886/1458/1133 1881/1459/1131
f 1407/1460/1134 1410/1416/1100 1409/1409/1093 1406/1408/1092
f 555/1417/1101 1410/1416/1100 1407/1460/1134 556/1461/1135
f 88/1462/1136 572/1463/1137 1405/1411/1095 596/1464/1138
f 572/1463/1137 571/1465/1139 1406/1408/1092 1405/1411/1095
f 571/1465/1139 570/1466/1140 1407/1460/1134 1406/1408/1092
f 570/1466/1140 83/1467/1141 556/1461/1135 1407/1460/1134
f 596/1464/1138 1405/1411/1095 1408/1410/1094 595/1446/1124
f 1421/1468/1142 1424/1440/1120 1423/1439/1119 1420/1469/1143
f 1411/1470/1144 1412/1471/1145 1415/1472/1146 1414/1473/1147
f 1412/1474/1145 1413/1475/1148 1416/1476/1149 1415/1477/1146
f 1414/1473/1147 1415/1472/1146 1418/1478/1150 1417/1479/1151
f 1415/1477/1146 1416/1476/1149 1419/1480/1152 1418/1481/1150
f 113/1482/1153 590/1483/1154 1411/1470/1144 769/1484/1155
f 590/1483/1154 591/1485/1156 1412/1471/1145 1411/1470/1144
f 591/1486/1156 592/1487/1157 1413/1475/1148 1412/1474/1145
f 592/1488/1157 87/1489/1086 562/1490/1085 1413/1491/1148
f 1413/1491/1148 562/1490/1085 563/1492/1084 1416/1493/1149
f 1416/1493/1149 563/1492/1084 564/1494/1082 1419/1495/1152
f 1419/1495/1152 564/1494/1082 82/1386/1081 684/1496/1158
f 1418/1481/1150 1419/1480/1152 684/1497/1158 685/1498/1159
f 1417/1479/1151 1418/1478/1150 685/1499/1159 686/1500/1160
f 767/1501/1161 1417/1479/1151 686/1500/1160 106/1502/1162
f 768/1503/1163 1414/1473/1147 1417/1479/1151 767/1501/1161
f 769/1484/1155 1411/1470/1144 1414/1473/1147 768/1503/1163
f 1422/1504/1164 1425/1442/1121 1424/1441/1120 1421/1505/1142
f 560/1399/1087 1425/1443/1121 1422/1506/1164 561/1389/1083
f 106/1502/1162 686/1500/1160 1420/1469/1143 763/1507/1165
f 686/1500/1160 685/1499/1159 1421/1468/1142 1420/1469/1143
f 685/1498/1159 684/1497/1158 1422/1504/1164 1421/1505/1142
f 684/1496/1158 82/1386/1081 561/1389/1083 1422/1506/1164
f 763/1507/1165 1420/1469/1143 1423/1439/1119 762/1508/1166
f 2303/1509/1167 2304/1510/1168 1435/1511/1169 577/1512/1170
f 1426/1513/1171 1427/1514/1172 1430/1515/1173 1429/1516/1174
f 1427/1514/1172 2298/1517/1175 2299/1518/1176 1430/1515/1173
f 1429/1516/1174 1430/1515/1173 1433/1519/1177 1432/1520/1178
f 1430/1515/1173 2299/1518/1176 2300/1521/1179 1433/1519/1177
f 90/1522/1180 622/1523/1181 1426/1513/1171 601/1524/1182
f 622/1523/1181 623/1525/1183 1427/1514/1172 1426/1513/1171
f 623/1525/1183 2301/1526/1184 2298/1517/1175 1427/1514/1172
f 1552/1527/1185 1431/1528/1186 1428/1529/1187 1553/1160/937
f 1551/1530/1188 1434/1531/1189 1431/1528/1186 1552/1527/1185
f 1434/1531/1189 1551/1530/1188 665/1532/1190 2302/1533/1191
f 1636/1534/1192 1570/1535/1193 737/1536/1194 738/1537/1195
f 1433/1519/1177 2300/1521/1179 674/1538/1196 673/1539/1197
f 1432/1520/1178 1433/1519/1177 673/1539/1197 672/1540/1198
f 603/1541/1199 1432/1520/1178 672/1540/1198 91/1542/1200
f 602/1543/1201 1429/1516/1174 1432/1520/1178 603/1541/1199
f 601/1524/1182 1426/1513/1171 1429/1516/1174 602/1543/1201
f 569/1544/1202 1435/1545/1169 1897/1546/1050
f 86/1547/1203 577/1548/1170 1435/1545/1169 569/1544/1202
f 2378/1549/1204 1899/1550/1204 1905/1551/1204 2388/1552/1204
f 1703/1553/1205 1730/1554/1206 567/1415/1099 555/1417/1101
f 584/1555/1207 585/1556/1208 1449/1557/1209 1448/1558/1210
f 2234/244/205 1439/1559/1211 1438/1560/1212 177/245/206
f 577/1512/1170 1438/1560/1212 1439/1559/1211 2303/1509/1167
f 2307/1561/1131 176/1456/1131 1881/1459/1131 1889/1562/1131
f 762/1508/1166 1423/1439/1119 1399/1430/1114 773/1447/1125
f 1595/1563/1213 1471/1564/1214 597/1565/1215 631/1566/1216
f 581/1567/1217 582/1568/1218 1584/1569/1219 1583/1570/1220
f 1441/1406/1090 1444/1571/1221 1443/1572/1222 1440/1407/1091
f 568/1573/1223 1438/1574/1212 577/1548/1170 86/1547/1203
f 85/266/219 177/265/206 1438/1574/1212 568/1573/1223
f 1436/1575/1224 576/1576/1131 1883/1577/1131 1887/1578/1225
f 593/1065/860 1467/1064/859 1466/1579/1226 594/1580/1227
f 1442/1404/1089 1445/1581/1228 1444/1582/1221 1441/1405/1090
f 2218/1583/1229 1445/1584/1228 1442/1403/1089 2220/1402/1088
f 554/1438/1118 1440/1585/1091 1443/1586/1222 553/1435/1117
f 1580/1587/1230 1447/1588/1231 580/1589/1232 681/1590/1233
f 2218/1591/1229 680/1592/1234 1559/1593/1235 1445/1581/1228
f 1445/1594/1228 1559/1595/1235 1562/1596/1236 1444/1571/1221
f 1444/1571/1221 1562/1596/1236 1565/1597/1237 1443/1572/1222
f 946/1457/1132 943/1598/1238 1884/1599/1238 1886/1458/1133
f 2304/1510/1168 1446/1600/1239 2379/1601/1240 2377/1332/1051
f 566/1414/1098 1733/1602/1241 1592/1603/1242 671/1425/1109
f 714/1604/1243 715/1605/1244 1641/1606/1245 1640/1607/1246
f 597/1565/1215 1471/1564/1214 1470/1063/858 598/1066/861
f 585/1556/1208 2310/1608/1247 2311/1609/1248 1449/1557/1209
f 1449/1557/1209 582/1568/1218 581/1567/1217 1448/1558/1210
f 2311/1609/1248 2312/1610/1249 582/1568/1218 1449/1557/1209
f 616/1611/1250 1448/1558/1210 581/1567/1217 93/1612/1251
f 587/1613/1252 588/1614/1253 1464/1615/1254 1463/1616/1255
f 681/1590/1233 682/1617/1256 1581/1618/1257 1580/1587/1230
f 1450/1619/1258 586/1620/1259 664/1621/1260 1555/1622/1261
f 1558/1623/1262 665/1532/1190 2316/1624/1263 1594/1625/1264
f 1448/1558/1210 616/1611/1250 97/1626/1265 584/1555/1207
f 1451/1426/1110 1452/1627/1266 1455/1628/1267 1454/1427/1111
f 1452/1627/1266 2313/1629/1268 2314/1630/1269 1455/1628/1267
f 1454/1427/1111 1455/1628/1267 1458/1631/1270 1457/758/621
f 1455/1628/1267 2314/1630/1269 2315/1632/1271 1458/1631/1270
f 671/1425/1109 670/1633/1272 1452/1627/1266 1451/1426/1110
f 670/1633/1272 669/1634/1273 2313/1629/1268 1452/1627/1266
f 1606/1635/1274 1636/1534/1192 738/1537/1195 728/1636/1275
f 665/1532/1190 1551/1530/1188 1453/1637/1276 2316/1624/1263
f 1453/1637/1276 1551/1530/1188 1552/1527/1185 1456/1638/1277
f 1456/1638/1277 1552/1527/1185 1553/1160/937 1459/1159/936
f 1458/1631/1270 2315/1632/1271 2317/1639/1278 629/1640/1279
f 1457/758/621 1458/1631/1270 629/1640/1279 630/759/622
f 174/340/225 175/343/282 1462/1641/1280 1461/1642/1102
f 1461/1418/1102 588/1614/1253 587/1613/1252 1460/1419/1103
f 1462/1641/1280 589/1643/1281 588/1644/1253 1461/1642/1102
f 85/354/219 568/1645/1223 1462/1646/1280 175/353/282
f 179/1647/288 1466/1579/1226 1467/1064/859 178/355/287
f 568/1645/1223 86/1648/1203 589/1649/1281 1462/1646/1280
f 759/1650/284 1460/1419/1103 587/1613/1252 111/1651/286
f 1460/1419/1103 759/1650/284 109/347/285 173/269/222
f 588/1644/1253 589/1643/1281 1465/1652/1282 1464/1653/1254
f 1464/1615/1254 591/1485/1156 590/1483/1154 1463/1616/1255
f 1465/1652/1282 592/1487/1157 591/1486/1156 1464/1653/1254
f 86/1648/1203 569/1654/1202 1465/1655/1282 589/1649/1281
f 594/1580/1227 1468/1656/1283 1469/1445/1123 593/1065/860
f 569/1654/1202 87/1489/1086 592/1488/1157 1465/1655/1282
f 757/1657/290 1463/1616/1255 590/1483/1154 113/1482/1153
f 1463/1616/1255 757/1657/290 111/1651/286 587/1613/1252
f 565/1658/1284 1466/1579/1226 179/1647/288 84/372/301
f 89/1659/1285 594/1580/1227 1466/1579/1226 565/1658/1284
f 169/1660/296 1470/1063/858 1471/1564/1214 168/1661/295
f 595/1446/1124 1408/1410/1094 1393/1062/857 600/1420/1104
f 240/368/297 239/371/300 1508/1662/1286 1507/1663/1287
f 595/1446/1124 1469/1445/1123 1468/1656/1283 596/1464/1138
f 573/1664/1288 1468/1656/1283 594/1580/1227 89/1659/1285
f 88/1462/1136 596/1464/1138 1468/1656/1283 573/1664/1288
f 598/1066/861 1472/1444/1122 1473/1665/1289 597/1565/1215
f 1390/1398/881 1440/1585/1091 554/1438/1118 560/1399/1087
f 822/1666/1290 821/1667/1291 1493/1668/1292 1492/1669/1293
f 1701/1670/1294 1704/1671/1295 1703/1553/1205 1700/1672/1296
f 1467/1064/859 1470/1063/858 169/1660/296 178/355/287
f 1510/1673/1297 1473/1665/1289 599/760/623 630/759/622
f 720/1674/1298 721/1675/1299 1665/1676/1300 1664/1677/1301
f 599/760/623 1473/1665/1289 1472/1444/1122 600/1420/1104
f 1469/1445/1123 1472/1444/1122 598/1066/861 593/1065/860
f 1443/1586/1222 1565/1678/1237 675/1451/1128 553/1435/1117
f 647/1679/1302 648/1680/1303 1526/1681/1304 1525/1682/1305
f 1731/1683/1306 1734/1684/1307 1733/1602/1241 1730/1554/1206
f 1474/1685/1308 1475/1686/1309 1478/1687/1310 1477/1688/1311
f 1475/1686/1309 1476/1689/1312 1479/1690/1313 1478/1687/1310
f 1477/1688/1311 1478/1687/1310 1481/1691/1314 1480/1692/1315
f 1478/1687/1310 1479/1690/1313 1482/1693/1316 1481/1691/1314
f 137/1694/1317 829/1695/1318 1474/1685/1308 855/1696/1319
f 829/1695/1318 828/1697/1320 1475/1686/1309 1474/1685/1308
f 828/1697/1320 827/1698/1321 1476/1689/1312 1475/1686/1309
f 827/1699/1321 105/1700/1322 645/1701/1323 1476/1702/1312
f 1476/1702/1312 645/1701/1323 644/1703/1324 1479/1704/1313
f 1479/1704/1313 644/1703/1324 643/1705/1325 1482/1706/1316
f 1482/1706/1316 643/1705/1325 100/1707/1326 824/1708/1327
f 1481/1709/1314 1482/1706/1316 824/1708/1327 825/1710/1328
f 1480/1711/1315 1481/1709/1314 825/1710/1328 826/1712/1329
f 853/1713/1330 1480/1711/1315 826/1712/1329 136/1714/1331
f 854/1715/1332 1477/1688/1311 1480/1692/1315 853/1716/1330
f 855/1696/1319 1474/1685/1308 1477/1688/1311 854/1715/1332
f 1483/1717/1333 1484/1718/1334 1487/1719/1335 1486/1720/1336
f 1484/1718/1334 1485/1721/1337 1488/1722/1338 1487/1719/1335
f 1486/1720/1336 1487/1719/1335 1490/1723/1339 1489/1724/1340
f 1487/1719/1335 1488/1722/1338 1491/1725/1341 1490/1723/1339
f 142/1726/1342 753/1727/1343 1483/1717/1333 852/1728/1344
f 753/1727/1343 754/1729/1345 1484/1718/1334 1483/1717/1333
f 754/1729/1345 755/1730/1346 1485/1721/1337 1484/1718/1334
f 755/1730/1346 116/1731/1347 710/1732/1348 1485/1721/1337
f 1485/1721/1337 710/1732/1348 709/1733/1349 1488/1722/1338
f 1488/1722/1338 709/1733/1349 708/1734/1350 1491/1725/1341
f 1491/1725/1341 708/1734/1350 99/1735/1351 610/1736/1352
f 1490/1723/1339 1491/1725/1341 610/1736/1352 609/1737/1353
f 1489/1724/1340 1490/1723/1339 609/1737/1353 608/1738/1354
f 850/1739/1355 1489/1724/1340 608/1738/1354 133/1740/1356
f 851/1741/1357 1486/1720/1336 1489/1724/1340 850/1739/1355
f 852/1728/1344 1483/1717/1333 1486/1720/1336 851/1741/1357
f 821/1667/1291 820/1742/1358 1494/1743/1359 1493/1668/1292
f 1493/1668/1292 620/1744/1360 619/1745/1361 1492/1669/1293
f 1494/1743/1359 621/1746/1362 620/1744/1360 1493/1668/1292
f 642/1747/1363 1494/1743/1359 820/1742/1358 98/1748/1364
f 625/1749/1365 626/1750/1366 1505/1751/1367 1504/1752/1368
f 104/1753/1369 621/1746/1362 1494/1743/1359 642/1747/1363
f 849/1754/1370 1492/1669/1293 619/1745/1361 135/1755/1371
f 1492/1669/1293 849/1754/1370 134/1756/1372 822/1666/1290
f 1495/1757/1373 1496/1758/1374 1499/1759/1375 1498/1760/1376
f 1496/1758/1374 2318/1761/1377 2319/1762/1378 1499/1759/1375
f 1498/1760/1376 1499/1759/1375 1502/1763/1379 1501/1764/1380
f 1499/1759/1375 2319/1762/1378 2320/1765/1381 1502/1763/1379
f 92/1766/1382 668/1767/1383 1495/1768/1373 613/1769/1384
f 668/1767/1383 667/1770/1385 1496/1771/1374 1495/1768/1373
f 667/1770/1385 666/1772/1386 2318/1773/1377 1496/1771/1374
f 1547/1774/1387 1500/1775/1388 1497/1776/1389 1548/1777/1390
f 1546/1778/1391 1503/1779/1392 1500/1775/1388 1547/1774/1387
f 1503/1779/1392 1546/1778/1391 664/1621/1260 586/1620/1259
f 1502/1763/1379 2320/1765/1381 2310/1608/1247 585/1556/1208
f 1501/1764/1380 1502/1763/1379 585/1556/1208 584/1555/1207
f 615/1780/1393 1501/1764/1380 584/1555/1207 97/1626/1265
f 614/1781/1394 1498/1760/1376 1501/1764/1380 615/1780/1393
f 613/1782/1384 1495/1757/1373 1498/1760/1376 614/1781/1394
f 626/1750/1366 2322/1783/1395 2323/1784/1396 1505/1751/1367
f 1505/1751/1367 623/1525/1183 622/1523/1181 1504/1752/1368
f 2323/1784/1396 2301/1526/1184 623/1525/1183 1505/1751/1367
f 612/1785/1397 1504/1752/1368 622/1523/1181 90/1522/1180
f 630/759/622 629/1640/1279 1511/1786/1398 1510/1673/1297
f 1549/1787/1399 661/1788/1400 633/1789/1401 1512/1790/1402
f 1506/1791/1403 627/1792/1404 661/1788/1400 1549/1787/1399
f 1548/1793/1390 1497/1794/1389 2321/1795/1405 663/1796/1406
f 1504/1752/1368 612/1785/1397 96/1797/1407 625/1749/1365
f 239/371/300 2252/504/418 2324/1798/1408 1508/1662/1286
f 1508/1662/1286 626/1750/1366 625/1749/1365 1507/1663/1287
f 2324/1798/1408 2322/1783/1395 626/1750/1366 1508/1662/1286
f 611/1799/1409 1507/1663/1287 625/1749/1365 96/1797/1407
f 650/1800/1410 651/1801/1411 1514/1802/1412 1513/1803/1413
f 312/511/425 311/513/427 1578/1804/1414 1577/1448/1126
f 1509/1805/1415 238/600/494 284/260/215 1554/1806/1416
f 1507/1663/1287 611/1799/1409 95/505/419 240/368/297
f 629/1640/1279 2317/1639/1278 2325/1807/1417 1511/1786/1398
f 1511/1786/1398 632/1808/1418 631/1566/1216 1510/1673/1297
f 2325/1807/1417 2326/1809/1419 632/1808/1418 1511/1786/1398
f 1473/1665/1289 1510/1673/1297 631/1566/1216 597/1565/1215
f 1548/1793/1390 663/1796/1406 2331/1810/1420 1567/1811/1421
f 660/1812/1422 583/1813/1423 1450/1619/1258 1555/1622/1261
f 1549/1787/1399 1512/1790/1402 628/1162/939 662/1161/938
f 651/1801/1411 652/1814/1424 1515/1815/1425 1514/1802/1412
f 1514/1802/1412 258/525/439 257/524/438 1513/1803/1413
f 1515/1815/1425 259/528/442 258/525/439 1514/1802/1412
f 101/1816/1426 640/1817/1427 1515/1815/1425 652/1814/1424
f 619/1745/1361 620/1744/1360 1529/1818/1428 1528/1819/1429
f 640/1817/1427 102/535/446 259/528/442 1515/1815/1425
f 749/1820/1430 1513/1821/1413 257/534/438 119/533/445
f 1513/1821/1413 749/1820/1430 123/1822/1431 650/1823/1410
f 1516/1824/1432 1517/1825/1433 1520/1826/1434 1519/1827/1435
f 1517/1825/1433 1518/1828/1436 1521/1829/1437 1520/1826/1434
f 1519/1827/1435 1520/1826/1434 1523/1830/1438 1522/1831/1439
f 1520/1826/1434 1521/1829/1437 1524/1832/1440 1523/1830/1438
f 117/1833/1441 637/1834/1442 1516/1835/1432 747/1836/1443
f 637/1837/1442 638/1838/1444 1517/1825/1433 1516/1824/1432
f 638/1838/1444 639/1839/1445 1518/1828/1436 1517/1825/1433
f 639/1839/1445 100/1840/1326 643/1841/1325 1518/1828/1436
f 1518/1828/1436 643/1841/1325 644/1842/1324 1521/1829/1437
f 1521/1829/1437 644/1842/1324 645/1843/1323 1524/1832/1440
f 1524/1832/1440 645/1843/1323 105/1844/1322 649/1845/1446
f 1523/1830/1438 1524/1832/1440 649/1845/1446 648/1680/1303
f 1522/1831/1439 1523/1830/1438 648/1680/1303 647/1679/1302
f 745/1846/1447 1522/1847/1439 647/1848/1302 121/1849/1448
f 746/1850/1449 1519/1851/1435 1522/1847/1439 745/1846/1447
f 747/1836/1443 1516/1835/1432 1519/1851/1435 746/1850/1449
f 648/1680/1303 649/1845/1446 1527/1852/1450 1526/1681/1304
f 1526/1681/1304 651/1801/1411 650/1800/1410 1525/1682/1305
f 1527/1852/1450 652/1814/1424 651/1801/1411 1526/1681/1304
f 105/1844/1322 646/1853/1451 1527/1852/1450 649/1845/1446
f 657/1854/1452 658/1855/1453 1544/1856/1454 1543/1857/1455
f 646/1853/1451 101/1816/1426 652/1814/1424 1527/1852/1450
f 741/1858/1456 1525/1859/1305 650/1823/1410 123/1822/1431
f 1525/1859/1305 741/1858/1456 121/1849/1448 647/1848/1302
f 620/1744/1360 621/1746/1362 1530/1860/1457 1529/1818/1428
f 1529/1818/1428 277/577/477 276/576/476 1528/1819/1429
f 1530/1860/1457 278/579/479 277/577/477 1529/1818/1428
f 641/1861/1458 1530/1860/1457 621/1746/1362 104/1753/1369
f 487/584/484 486/587/487 1532/1862/1459 1531/1863/1460
f 103/582/482 278/579/479 1530/1860/1457 641/1861/1458
f 848/1864/1461 1528/1819/1429 276/576/476 138/581/481
f 1528/1819/1429 848/1864/1461 135/1755/1371 619/1745/1361
f 486/587/487 485/589/489 1533/1865/1462 1532/1862/1459
f 1532/1862/1459 658/1855/1453 657/1854/1452 1531/1863/1460
f 1533/1865/1462 659/1866/1463 658/1855/1453 1532/1862/1459
f 640/1867/1427 1533/1868/1462 485/598/489 102/599/446
f 661/1788/1400 627/1792/1404 1509/1805/1415 1554/1806/1416
f 101/1869/1426 659/1870/1463 1533/1868/1462 640/1867/1427
f 847/1871/1464 1531/1863/1460 657/1854/1452 139/1872/1465
f 1531/1863/1460 847/1871/1464 140/592/492 487/584/484
f 1534/1873/1466 1535/1874/1467 1538/1875/1468 1537/1876/1469
f 1535/1874/1467 1536/1877/1470 1539/1878/1471 1538/1875/1468
f 1537/1876/1469 1538/1875/1468 1541/1879/1472 1540/1880/1473
f 1538/1875/1468 1539/1878/1471 1542/1881/1474 1541/1879/1472
f 133/1740/1356 608/1738/1354 1534/1873/1466 846/1882/1475
f 608/1738/1354 609/1737/1353 1535/1874/1467 1534/1873/1466
f 609/1737/1353 610/1736/1352 1536/1877/1470 1535/1874/1467
f 610/1736/1352 99/1735/1351 636/1883/1476 1536/1877/1470
f 1536/1877/1470 636/1883/1476 635/1884/1477 1539/1878/1471
f 1539/1878/1471 635/1884/1477 634/1885/1478 1542/1881/1474
f 1542/1881/1474 634/1885/1478 98/1748/1364 820/1742/1358
f 1541/1879/1472 1542/1881/1474 820/1742/1358 821/1667/1291
f 1540/1880/1473 1541/1879/1472 821/1667/1291 822/1666/1290
f 844/1886/1479 1540/1880/1473 822/1666/1290 134/1756/1372
f 845/1887/1480 1537/1876/1469 1540/1880/1473 844/1886/1479
f 846/1882/1475 1534/1873/1466 1537/1876/1469 845/1887/1480
f 658/1855/1453 659/1866/1463 1545/1888/1481 1544/1856/1454
f 1544/1856/1454 828/1697/1320 829/1695/1318 1543/1857/1455
f 1545/1888/1481 827/1698/1321 828/1697/1320 1544/1856/1454
f 646/1889/1451 1545/1890/1481 659/1870/1463 101/1869/1426
f 1549/1787/1399 662/1161/938 624/1891/1482 1506/1791/1403
f 105/1700/1322 827/1699/1321 1545/1890/1481 646/1889/1451
f 843/1892/1483 1543/1857/1455 829/1695/1318 137/1694/1317
f 1543/1857/1455 843/1892/1483 139/1872/1465 657/1854/1452
f 1559/1595/1235 1560/1893/1484 1563/1894/1485 1562/1596/1236
f 1560/1893/1484 2327/1895/1486 2328/1896/1487 1563/1894/1485
f 1562/1596/1236 1563/1894/1485 1566/1897/1488 1565/1597/1237
f 1563/1894/1485 2328/1896/1487 2329/1898/1489 1566/1897/1488
f 680/1899/1234 679/1900/1490 1560/1893/1484 1559/1595/1235
f 679/1900/1490 678/1901/1491 2327/1895/1486 1560/1893/1484
f 1447/1588/1231 1580/1587/1230 2375/1902/1492
f 664/1621/1260 1546/1778/1391 1561/1903/1493 2330/1904/1494
f 1546/1778/1391 1547/1774/1387 1564/1905/1495 1561/1903/1493
f 1547/1774/1387 1548/1777/1390 1567/1906/1421 1564/1905/1495
f 1566/1907/1488 2329/1908/1489 677/1909/1496 676/1910/1497
f 1565/1678/1237 1566/1907/1488 676/1910/1497 675/1451/1128
f 1568/1911/1498 1569/1912/1499 1572/1913/1500 1571/1914/1501
f 1569/1912/1499 2332/1915/1502 2333/1916/1503 1572/1913/1500
f 1571/1917/1501 1572/1918/1500 1575/1919/1504 1574/1920/1505
f 1572/1918/1500 2333/1921/1503 2334/1922/1506 1575/1919/1504
f 115/1923/1507 735/1924/1508 1568/1911/1498 604/1925/1509
f 735/1924/1508 736/1926/1510 1569/1912/1499 1568/1911/1498
f 736/1926/1510 2335/1927/1511 2332/1915/1502 1569/1912/1499
f 1635/1928/1512 1573/1929/1513 1570/1535/1193 1636/1534/1192
f 1634/1930/1514 1576/1931/1515 1573/1932/1513 1635/1933/1512
f 663/1934/1406 2321/1795/1405 1576/1935/1515 1634/1936/1514
f 1550/1937/1516 285/678/550 2268/694/566 1585/1938/1517
f 1575/1939/1504 2334/1940/1506 666/1772/1386 667/1770/1385
f 1574/1941/1505 1575/1939/1504 667/1770/1385 668/1767/1383
f 606/1942/1518 1574/1941/1505 668/1767/1383 92/1766/1382
f 605/1943/1519 1571/1917/1501 1574/1920/1505 606/1944/1518
f 604/1925/1509 1568/1911/1498 1571/1914/1501 605/1945/1519
f 311/513/427 310/675/547 2336/1946/1520 1578/1804/1414
f 1578/1804/1414 682/1617/1256 681/1590/1233 1577/1448/1126
f 2336/1946/1520 683/1947/1521 682/1617/1256 1578/1804/1414
f 1550/1937/1516 1579/1948/1522 2266/679/551 285/678/550
f 1471/1564/1214 1595/1563/1213 316/380/309 168/1661/295
f 1550/1937/1516 660/1812/1422 2337/1949/1523 1579/1948/1522
f 1437/1449/1127 1577/1448/1126 681/1590/1233 580/1589/1232
f 682/1617/1256 683/1947/1521 2338/1950/1524 1581/1618/1257
f 1581/1618/1257 679/1900/1490 680/1899/1234 1580/1587/1230
f 2338/1950/1524 678/1901/1491 679/1900/1490 1581/1618/1257
f 1555/1622/1261 1582/1951/1525 2337/1949/1523 660/1812/1422
f 1553/1160/937 1428/1529/1187 624/1891/1482 662/1161/938
f 1555/1622/1261 664/1621/1260 2330/1904/1494 1582/1951/1525
f 582/1568/1218 2312/1610/1249 2339/1952/1526 1584/1569/1219
f 1584/1569/1219 314/688/560 313/687/559 1583/1570/1220
f 2339/1952/1526 315/690/562 314/688/560 1584/1569/1219
f 1550/1937/1516 1585/1938/1517 583/1813/1423 660/1812/1422
f 631/1566/1216 632/1808/1418 1596/1953/1527 1595/1563/1213
f 607/1954/1528 1583/1570/1220 313/687/559 94/692/564
f 1583/1570/1220 607/1954/1528 93/1612/1251 581/1567/1217
f 1586/1955/1529 1587/1956/1530 1590/1957/1531 1589/1958/1532
f 1587/1956/1530 2340/1959/1533 2341/1960/1534 1590/1957/1531
f 1589/1958/1532 1590/1957/1531 1593/1961/1535 1592/1603/1242
f 1590/1957/1531 2341/1960/1534 2342/1962/1536 1593/1961/1535
f 1739/1963/1537 1811/1964/1538 816/1965/1539 795/1966/1540
f 729/1967/1541 730/1968/1542 1587/1956/1530 1586/1955/1529
f 730/1968/1542 2343/1969/1543 2340/1959/1533 1587/1956/1530
f 1795/1970/1544 812/1971/1545 2352/1972/1546 1813/1973/1547
f 731/1974/1548 739/1975/1549 1556/1976/1550 1588/1977/1551
f 1556/1976/1550 1557/1978/1552 1591/1979/1553 1588/1977/1551
f 1557/1978/1552 1558/1623/1262 1594/1625/1264 1591/1979/1553
f 1593/1961/1535 2342/1962/1536 669/1634/1273 670/1633/1272
f 1592/1603/1242 1593/1961/1535 670/1633/1272 671/1425/1109
f 1733/1602/1241 1734/1684/1307 1589/1958/1532 1592/1603/1242
f 1734/1684/1307 1735/1980/1554 1586/1955/1529 1589/1958/1532
f 1735/1980/1554 770/1981/1555 729/1967/1541 1586/1955/1529
f 632/1808/1418 2326/1809/1419 2344/1982/1556 1596/1953/1527
f 1596/1953/1527 317/722/594 316/380/309 1595/1563/1213
f 2344/1982/1556 318/724/596 317/722/594 1596/1953/1527
f 1554/1806/1416 1597/1983/1557 633/1789/1401 661/1788/1400
f 1554/1806/1416 284/260/215 2274/259/214 1597/1983/1557
f 1598/1453/1129 1599/1984/1558 1602/1985/1559 1601/1454/1130
f 1599/1984/1558 2345/1986/1560 2346/1987/1561 1602/1985/1559
f 1601/1455/1130 1602/1988/1559 1605/1989/1562 1604/1422/1106
f 1602/1988/1559 2346/1990/1561 2347/1991/1563 1605/1989/1562
f 675/1451/1128 676/1910/1497 1599/1992/1558 1598/1452/1129
f 676/1910/1497 677/1909/1496 2345/1993/1560 1599/1992/1558
f 2331/1810/1420 663/1934/1406 1634/1936/1514 1600/1994/1564
f 1600/1995/1564 1634/1930/1514 1635/1933/1512 1603/1996/1565
f 1603/1997/1565 1635/1928/1512 1636/1534/1192 1606/1635/1274
f 1605/1989/1562 2347/1991/1563 2348/1998/1566 727/1999/1567
f 1604/1422/1106 1605/1989/1562 727/1999/1567 726/1423/1107
f 1607/2000/1568 1608/2001/1569 1611/2002/1570 1610/2003/1571
f 1608/2001/1569 2349/2004/1572 2350/2005/1573 1611/2002/1570
f 1610/2003/1571 1611/2002/1570 1614/2006/1574 1613/2007/1575
f 1611/2002/1570 2350/2005/1573 2351/2008/1576 1614/2006/1574
f 899/95/85 900/94/84 902/90/80 901/89/79
f 816/1965/1539 817/2009/1577 1608/2001/1569 1607/2000/1568
f 817/2009/1577 818/2010/1578 2349/2004/1572 1608/2001/1569
f 1639/2011/1579 1798/2012/1580 734/2013/1581 739/1975/1549
f 2352/1972/1546 812/2014/1545 1637/2015/1582 1609/2016/1583
f 1609/2016/1583 1637/2015/1582 1638/2017/1584 1612/2018/1585
f 1612/2018/1585 1638/2017/1584 1639/2011/1579 1615/2019/1586
f 1614/2006/1574 2351/2008/1576 2343/1969/1543 730/1968/1542
f 1613/2007/1575 1614/2006/1574 730/1968/1542 729/1967/1541
f 1745/2020/1587 1746/2021/1588 1610/2003/1571 1613/2007/1575
f 1746/2021/1588 1747/2022/1589 1607/2000/1568 1610/2003/1571
f 1747/2022/1589 795/1966/1540 816/1965/1539 1607/2000/1568
f 1616/2023/1590 1617/2024/1591 1620/2025/1592 1619/2026/1593
f 1617/2024/1591 2353/2027/1594 2354/2028/1595 1620/2025/1592
f 1619/2026/1593 1620/2025/1592 1623/2029/1596 1622/2030/1597
f 1620/2025/1592 2354/2028/1595 2355/2031/1598 1623/2029/1596
f 91/1542/1200 672/1540/1198 1616/2023/1590 702/2032/1599
f 672/1540/1198 673/1539/1197 1617/2024/1591 1616/2023/1590
f 673/1539/1197 674/1538/1196 2353/2027/1594 1617/2024/1591
f 1557/1978/1552 1621/2033/1600 1618/2034/1601 1558/1623/1262
f 1556/1976/1550 1624/2035/1602 1621/2033/1600 1557/1978/1552
f 739/1975/1549 734/2013/1581 1624/2035/1602 1556/1976/1550
f 1795/1970/1544 1627/2036/1603 815/2037/1604 812/1971/1545
f 1623/2029/1596 2355/2031/1598 2356/2038/1605 733/2039/1606
f 1622/2030/1597 1623/2029/1596 733/2039/1606 732/2040/1607
f 704/2041/1608 1622/2030/1597 732/2040/1607 114/2042/1609
f 703/2043/1610 1619/2026/1593 1622/2030/1597 704/2041/1608
f 702/2032/1599 1616/2023/1590 1619/2026/1593 703/2043/1610
f 1625/2044/1611 1626/2045/1612 1629/2046/1613 1628/2047/1614
f 1626/2045/1612 2357/2048/1615 2358/2049/1616 1629/2046/1613
f 1628/2047/1614 1629/2046/1613 1632/2050/1617 1631/2051/1618
f 1629/2046/1613 2358/2049/1616 2359/2052/1619 1632/2050/1617
f 128/2053/1620 813/2054/1621 1625/2044/1611 705/2055/1622
f 813/2054/1621 814/2056/1623 1626/2045/1612 1625/2044/1611
f 814/2056/1623 2360/2057/1624 2357/2048/1615 1626/2045/1612
f 1794/2058/1625 1630/2059/1626 1627/2036/1603 1795/1970/1544
f 1793/2060/1627 1633/2061/1628 1630/2059/1626 1794/2058/1625
f 738/1537/1195 737/1536/1194 1633/2061/1628 1793/2060/1627
f 1615/2019/1586 1639/2011/1579 739/1975/1549 731/1974/1548
f 1632/2050/1617 2359/2052/1619 2335/1927/1511 736/1926/1510
f 1631/2051/1618 1632/2050/1617 736/1926/1510 735/1924/1508
f 707/2062/1629 1631/2051/1618 735/1924/1508 115/1923/1507
f 706/2063/1630 1628/2047/1614 1631/2051/1618 707/2062/1629
f 705/2055/1622 1625/2044/1611 1628/2047/1614 706/2063/1630
f 715/2064/1244 716/2065/1631 1642/2066/1632 1641/2067/1245
f 1641/1606/1245 721/1675/1299 720/1674/1298 1640/1607/1246
f 1642/2066/1632 722/2068/1633 721/2069/1299 1641/2067/1245
f 740/2070/1634 1642/2066/1632 716/2065/1631 120/2071/1635
f 717/2072/1636 718/2073/1637 1644/2074/1638 1643/2075/1639
f 122/2076/1640 722/2068/1633 1642/2066/1632 740/2070/1634
f 642/2077/1363 1640/1607/1246 720/1674/1298 104/2078/1369
f 1640/1607/1246 642/2077/1363 98/2079/1364 714/1604/1243
f 718/2073/1637 719/2080/1641 1645/2081/1642 1644/2074/1638
f 1644/2074/1638 724/2082/1643 723/2083/1644 1643/2075/1639
f 1645/2081/1642 725/2084/1645 724/2082/1643 1644/2074/1638
f 741/1858/1456 1645/2081/1642 719/2080/1641 121/1849/1448
f 690/2085/1646 691/2086/1647 1689/2087/1648 1688/2088/1649
f 123/1822/1431 725/2084/1645 1645/2081/1642 741/1858/1456
f 811/2089/1650 1643/2075/1639 723/2083/1644 132/2090/1651
f 1643/2075/1639 811/2089/1650 131/2091/1652 717/2072/1636
f 1646/2092/1653 1647/2093/1654 1650/2094/1655 1649/2095/1656
f 1647/2093/1654 1648/2096/1657 1651/2097/1658 1650/2094/1655
f 1649/2095/1656 1650/2094/1655 1653/2098/1659 1652/2099/1660
f 1650/2094/1655 1651/2097/1658 1654/2100/1661 1653/2098/1659
f 99/2101/1351 708/2102/1350 1646/2092/1653 636/2103/1476
f 708/2102/1350 709/1733/1349 1647/2093/1654 1646/2092/1653
f 709/1733/1349 710/1732/1348 1648/2096/1657 1647/2093/1654
f 710/1732/1348 116/1731/1347 744/2104/1662 1648/2096/1657
f 1648/2096/1657 744/2104/1662 743/2105/1663 1651/2097/1658
f 1651/2097/1658 743/2105/1663 742/2106/1664 1654/2100/1661
f 1654/2107/1661 742/2108/1664 120/2109/1635 716/2110/1631
f 1653/2111/1659 1654/2107/1661 716/2110/1631 715/2112/1244
f 1652/2099/1660 1653/2098/1659 715/1605/1244 714/1604/1243
f 634/2113/1478 1652/2099/1660 714/1604/1243 98/2079/1364
f 635/2114/1477 1649/2095/1656 1652/2099/1660 634/2113/1478
f 636/2103/1476 1646/2092/1653 1649/2095/1656 635/2114/1477
f 1655/2115/1665 1656/2116/1666 1659/2117/1667 1658/2118/1668
f 1656/2116/1666 1657/2119/1669 1660/2120/1670 1659/2117/1667
f 1658/2118/1668 1659/2117/1667 1662/2121/1671 1661/2122/1672
f 1659/2117/1667 1660/2120/1670 1663/2123/1673 1662/2121/1671
f 129/2124/1674 711/2125/1675 1655/2115/1665 810/2126/1676
f 711/2125/1675 712/2127/1677 1656/2116/1666 1655/2115/1665
f 712/2127/1677 713/2128/1678 1657/2119/1669 1656/2116/1666
f 713/2128/1678 117/1833/1441 747/1836/1443 1657/2119/1669
f 1657/2119/1669 747/1836/1443 746/1850/1449 1660/2120/1670
f 1660/2120/1670 746/1850/1449 745/1846/1447 1663/2123/1673
f 1663/2123/1673 745/1846/1447 121/1849/1448 719/2080/1641
f 1662/2121/1671 1663/2123/1673 719/2080/1641 718/2073/1637
f 1661/2122/1672 1662/2121/1671 718/2073/1637 717/2072/1636
f 808/2129/1679 1661/2122/1672 717/2072/1636 131/2091/1652
f 809/2130/1680 1658/2118/1668 1661/2122/1672 808/2129/1679
f 810/2126/1676 1655/2115/1665 1658/2118/1668 809/2130/1680
f 721/2069/1299 722/2068/1633 1666/2131/1681 1665/2132/1300
f 1665/1676/1300 356/883/729 355/882/728 1664/1677/1301
f 1666/2131/1681 357/887/731 356/886/729 1665/2132/1300
f 748/2133/1682 1666/2131/1681 722/2068/1633 122/2076/1640
f 723/2083/1644 724/2082/1643 1668/2134/1683 1667/2135/1684
f 118/890/732 357/887/731 1666/2131/1681 748/2133/1682
f 641/2136/1458 1664/1677/1301 355/882/728 103/889/482
f 1664/1677/1301 641/2136/1458 104/2078/1369 720/1674/1298
f 724/2082/1643 725/2084/1645 1669/2137/1685 1668/2134/1683
f 1668/2134/1683 359/895/737 358/894/736 1667/2135/1684
f 1669/2137/1685 360/897/739 359/895/737 1668/2134/1683
f 749/1820/1430 1669/2137/1685 725/2084/1645 123/1822/1431
f 325/900/742 326/903/745 1695/2138/1686 1694/2139/1687
f 119/533/445 360/897/739 1669/2137/1685 749/1820/1430
f 807/2140/1688 1667/2135/1684 358/894/736 130/899/741
f 1667/2135/1684 807/2140/1688 132/2090/1651 723/2083/1644
f 1670/2141/1689 1671/2142/1690 1674/2143/1691 1673/2144/1692
f 1671/2142/1690 1672/2145/1693 1675/2146/1694 1674/2143/1691
f 1673/2147/1692 1674/2148/1691 1677/2149/1695 1676/2150/1696
f 1674/2148/1691 1675/2151/1694 1678/2152/1697 1677/2149/1695
f 136/1714/1331 826/1712/1329 1670/2153/1689 842/2154/1698
f 826/1712/1329 825/1710/1328 1671/2155/1690 1670/2153/1689
f 825/1710/1328 824/1708/1327 1672/2156/1693 1671/2155/1690
f 824/2157/1327 100/2158/1326 639/2159/1445 1672/2160/1693
f 1672/2160/1693 639/2159/1445 638/2161/1444 1675/2162/1694
f 1675/2162/1694 638/2161/1444 637/2163/1442 1678/2164/1697
f 1678/2152/1697 637/2165/1442 117/1833/1441 752/2166/1699
f 1677/2149/1695 1678/2152/1697 752/2166/1699 751/2167/1700
f 1676/2150/1696 1677/2149/1695 751/2167/1700 750/2168/1701
f 840/2169/1702 1676/2150/1696 750/2168/1701 141/2170/1703
f 841/2171/1704 1673/2147/1692 1676/2150/1696 840/2169/1702
f 842/2172/1698 1670/2141/1689 1673/2144/1692 841/2173/1704
f 1679/2174/1705 1680/2175/1706 1683/2176/1707 1682/2177/1708
f 1680/2175/1706 1681/2178/1709 1684/2179/1710 1683/2176/1707
f 1682/2177/1708 1683/2176/1707 1686/2180/1711 1685/2181/1712
f 1683/2176/1707 1684/2179/1710 1687/2182/1713 1686/2180/1711
f 143/2183/1714 804/2184/1715 1679/2174/1705 839/2185/1716
f 804/2184/1715 805/2186/1717 1680/2175/1706 1679/2174/1705
f 805/2186/1717 806/2187/1718 1681/2178/1709 1680/2175/1706
f 806/2187/1718 129/2124/1674 788/2188/1719 1681/2178/1709
f 1681/2178/1709 788/2188/1719 787/2189/1720 1684/2179/1710
f 1684/2179/1710 787/2189/1720 786/2190/1721 1687/2182/1713
f 1687/2182/1713 786/2190/1721 116/1731/1347 755/1730/1346
f 1686/2180/1711 1687/2182/1713 755/1730/1346 754/1729/1345
f 1685/2181/1712 1686/2180/1711 754/1729/1345 753/1727/1343
f 837/2191/1722 1685/2181/1712 753/1727/1343 142/1726/1342
f 838/2192/1723 1682/2177/1708 1685/2181/1712 837/2191/1722
f 839/2185/1716 1679/2174/1705 1682/2177/1708 838/2192/1723
f 691/2086/1647 692/2193/1724 1690/2194/1725 1689/2087/1648
f 1689/2087/1648 697/2195/1726 696/2196/1727 1688/2088/1649
f 1690/2194/1725 698/2197/1728 697/2195/1726 1689/2087/1648
f 756/2198/787 1690/2194/1725 692/2193/1724 110/2199/788
f 693/2200/35 694/2201/35 1692/2202/35 1691/2203/35
f 112/2204/1729 698/2197/1728 1690/2194/1725 756/2198/787
f 573/2205/1288 1688/2088/1649 696/2196/1727 88/2206/1136
f 1688/2088/1649 573/2205/1288 89/2207/1285 690/2085/1646
f 694/2201/35 695/2208/35 1693/2209/35 1692/2202/35
f 1692/2202/35 700/2210/1730 699/2211/1730 1691/2203/35
f 1693/2209/35 701/2212/1730 700/2210/1730 1692/2202/35
f 757/1657/290 1693/2209/35 695/2208/35 111/1651/286
f 777/2213/35 778/2214/35 1767/2215/35 1766/2216/35
f 113/1482/1153 701/2212/1730 1693/2209/35 757/1657/290
f 803/2217/35 1691/2203/35 699/2211/1730 127/2218/1731
f 1691/2203/35 803/2217/35 126/2219/35 693/2200/35
f 326/903/745 327/979/792 1696/2220/1732 1695/2138/1686
f 1695/2138/1686 691/2086/1647 690/2085/1646 1694/2139/1687
f 1696/2220/1732 692/2193/1724 691/2086/1647 1695/2138/1686
f 758/2221/793 1696/2220/1732 327/979/792 108/983/793
f 328/984/35 329/987/35 1698/2222/35 1697/2223/35
f 110/2199/788 692/2193/1724 1696/2220/1732 758/2221/793
f 565/2224/1284 1694/2139/1687 690/2085/1646 89/2207/1285
f 1694/2139/1687 565/2224/1284 84/981/301 325/900/742
f 329/987/35 330/989/35 1699/2225/35 1698/2222/35
f 1698/2222/35 694/2201/35 693/2200/35 1697/2223/35
f 1699/2225/35 695/2208/35 694/2201/35 1698/2222/35
f 759/1650/284 1699/2225/35 330/989/35 109/347/285
f 424/992/35 425/995/35 1764/2226/35 1763/2227/35
f 111/1651/286 695/2208/35 1699/2225/35 759/1650/284
f 802/2228/35 1697/2223/35 693/2200/35 126/2219/35
f 1697/2223/35 802/2228/35 125/991/35 328/984/35
f 1702/2229/1733 1705/2230/1734 1704/1671/1295 1701/1670/1294
f 760/2231/1735 1705/2230/1734 1702/2229/1733 761/2232/1736
f 83/1467/1141 559/2233/1737 1700/1672/1296 556/1461/1135
f 559/2233/1737 558/2234/1738 1701/1670/1294 1700/1672/1296
f 558/2234/1738 557/2235/1739 1702/2229/1733 1701/1670/1294
f 557/2235/1739 107/2236/1740 761/2232/1736 1702/2229/1733
f 556/1461/1135 1700/1672/1296 1703/1553/1205 555/1417/1101
f 1709/2237/1741 1736/2238/1742 796/2239/1743 800/2240/1744
f 760/2231/1735 771/2241/1745 1732/2242/1746 1705/2230/1734
f 1705/2230/1734 1732/2242/1746 1731/1683/1306 1704/1671/1295
f 1704/1671/1295 1731/1683/1306 1730/1554/1206 1703/1553/1205
f 1707/2243/1747 1710/2244/1748 1709/2237/1741 1706/2245/1749
f 1708/2246/1750 1711/2247/1751 1710/2244/1748 1707/2243/1747
f 762/1508/1166 1711/2247/1751 1708/2246/1750 763/1507/1165
f 124/2248/1752 776/2249/1753 1706/2245/1749 801/2250/1754
f 776/2249/1753 775/2251/1755 1707/2243/1747 1706/2245/1749
f 775/2251/1755 774/2252/1756 1708/2246/1750 1707/2243/1747
f 774/2252/1756 106/1502/1162 763/1507/1165 1708/2246/1750
f 801/2250/1754 1706/2245/1749 1709/2237/1741 800/2240/1744
f 760/2231/1735 1760/2253/1757 1742/2254/1758 771/2241/1745
f 762/1508/1166 773/1447/1125 1738/2255/1759 1711/2247/1751
f 1711/2247/1751 1738/2255/1759 1737/2256/1760 1710/2244/1748
f 1710/2244/1748 1737/2256/1760 1736/2238/1742 1709/2237/1741
f 1758/2257/1761 1761/2258/1762 1760/2253/1757 1757/2259/1763
f 1712/2260/1764 1713/2261/1765 1716/2262/1766 1715/2263/1767
f 1713/2261/1765 1714/2264/1768 1717/2265/1769 1716/2262/1766
f 1715/2263/1767 1716/2262/1766 1719/2266/1770 1718/2267/1771
f 1716/2262/1766 1717/2265/1769 1720/2268/1772 1719/2266/1770
f 88/2206/1136 696/2196/1727 1712/2260/1764 572/2269/1137
f 696/2196/1727 697/2195/1726 1713/2261/1765 1712/2260/1764
f 697/2195/1726 698/2197/1728 1714/2264/1768 1713/2261/1765
f 698/2197/1728 112/2204/1729 766/2270/1773 1714/2264/1768
f 1714/2264/1768 766/2270/1773 765/2271/1774 1717/2265/1769
f 1717/2265/1769 765/2271/1774 764/2272/1775 1720/2268/1772
f 1720/2268/1772 764/2272/1775 107/2236/1740 557/2235/1739
f 1719/2266/1770 1720/2268/1772 557/2235/1739 558/2234/1738
f 1718/2267/1771 1719/2266/1770 558/2234/1738 559/2233/1737
f 570/2273/1140 1718/2267/1771 559/2233/1737 83/1467/1141
f 571/2274/1139 1715/2263/1767 1718/2267/1771 570/2273/1140
f 572/2269/1137 1712/2260/1764 1715/2263/1767 571/2274/1139
f 1721/2275/1776 1722/2276/1777 1725/2277/1778 1724/2278/1779
f 1722/2276/1777 1723/2279/1780 1726/2280/1781 1725/2277/1778
f 1724/2278/1779 1725/2277/1778 1728/2281/1782 1727/2282/1783
f 1725/2277/1778 1726/2280/1781 1729/2283/1784 1728/2281/1782
f 127/2218/1731 699/2211/1730 1721/2275/1776 799/2284/1785
f 699/2211/1730 700/2210/1730 1722/2276/1777 1721/2275/1776
f 700/2210/1730 701/2212/1730 1723/2279/1780 1722/2276/1777
f 701/2212/1730 113/1482/1153 769/1484/1155 1723/2279/1780
f 1723/2279/1780 769/1484/1155 768/1503/1163 1726/2280/1781
f 1726/2280/1781 768/1503/1163 767/1501/1161 1729/2283/1784
f 1729/2283/1784 767/1501/1161 106/1502/1162 774/2252/1756
f 1728/2281/1782 1729/2283/1784 774/2252/1756 775/2251/1755
f 1727/2282/1783 1728/2281/1782 775/2251/1755 776/2249/1753
f 797/2285/1786 1727/2282/1783 776/2249/1753 124/2248/1752
f 798/2286/1787 1724/2278/1779 1727/2282/1783 797/2285/1786
f 799/2284/1785 1721/2275/1776 1724/2278/1779 798/2286/1787
f 1732/2242/1746 1735/1980/1554 1734/1684/1307 1731/1683/1306
f 770/1981/1555 1735/1980/1554 1732/2242/1746 771/2241/1745
f 567/1415/1099 1730/1554/1206 1733/1602/1241 566/1414/1098
f 1737/2256/1760 1740/2287/1788 1739/1963/1537 1736/2238/1742
f 1738/2255/1759 1741/2288/1789 1740/2287/1788 1737/2256/1760
f 772/1424/1108 1741/2288/1789 1738/2255/1759 773/1447/1125
f 796/2239/1743 1736/2238/1742 1739/1963/1537 795/1966/1540
f 770/1981/1555 1745/2020/1587 1613/2007/1575 729/1967/1541
f 726/1423/1107 1805/2289/1790 1741/2288/1789 772/1424/1108
f 1741/2288/1789 1805/2289/1790 1808/2290/1791 1740/2287/1788
f 1740/2287/1788 1808/2290/1791 1811/1964/1538 1739/1963/1537
f 1743/2291/1792 1746/2021/1588 1745/2020/1587 1742/2254/1758
f 1744/2292/1793 1747/2022/1589 1746/2021/1588 1743/2291/1792
f 795/1966/1540 1747/2022/1589 1744/2292/1793 796/2239/1743
f 1760/2253/1757 1761/2258/1762 1743/2291/1792 1742/2254/1758
f 1761/2258/1762 1762/2293/1794 1744/2292/1793 1743/2291/1792
f 1762/2293/1794 800/2240/1744 796/2239/1743 1744/2292/1793
f 893/2294/58 894/70/57 896/59/53 895/58/52
f 771/2241/1745 1742/2254/1758 1745/2020/1587 770/1981/1555
f 1748/2295/1795 1749/2296/1796 1752/2297/1797 1751/2298/1798
f 1749/2296/1796 1750/2299/1799 1753/2300/1800 1752/2297/1797
f 1751/2298/1798 1752/2297/1797 1755/2301/1801 1754/2302/1802
f 1752/2297/1797 1753/2300/1800 1756/2303/1803 1755/2301/1801
f 112/2204/1729 780/2304/1804 1748/2295/1795 766/2270/1773
f 780/2304/1804 781/2305/1805 1749/2296/1796 1748/2295/1795
f 781/2305/1805 782/2306/1806 1750/2299/1799 1749/2296/1796
f 782/2306/1806 127/2218/1731 799/2284/1785 1750/2299/1799
f 1750/2299/1799 799/2284/1785 798/2286/1787 1753/2300/1800
f 1753/2300/1800 798/2286/1787 797/2285/1786 1756/2303/1803
f 1756/2303/1803 797/2285/1786 124/2248/1752 687/2307/1807
f 1755/2301/1801 1756/2303/1803 687/2307/1807 688/2308/1808
f 1754/2302/1802 1755/2301/1801 688/2308/1808 689/2309/1809
f 764/2272/1775 1754/2302/1802 689/2309/1809 107/2236/1740
f 765/2271/1774 1751/2298/1798 1754/2302/1802 764/2272/1775
f 766/2270/1773 1748/2295/1795 1751/2298/1798 765/2271/1774
f 1759/2310/1810 1762/2293/1794 1761/2258/1762 1758/2257/1761
f 800/2240/1744 1762/2293/1794 1759/2310/1810 801/2250/1754
f 107/2236/1740 689/2309/1809 1757/2259/1763 761/2232/1736
f 689/2309/1809 688/2308/1808 1758/2257/1761 1757/2259/1763
f 688/2308/1808 687/2307/1807 1759/2310/1810 1758/2257/1761
f 687/2307/1807 124/2248/1752 801/2250/1754 1759/2310/1810
f 761/2232/1736 1757/2259/1763 1760/2253/1757 760/2231/1735
f 425/995/35 426/1089/35 1765/2311/35 1764/2226/35
f 1764/2226/35 778/2214/35 777/2213/35 1763/2227/35
f 1765/2311/35 779/2312/35 778/2214/35 1764/2226/35
f 802/2228/35 1765/2311/35 426/1089/35 125/991/35
f 792/2313/1811 793/2314/1812 1779/2315/1813 1778/2316/1814
f 126/2219/35 779/2312/35 1765/2311/35 802/2228/35
f 758/2221/793 1763/2227/35 777/2213/35 110/2199/788
f 1763/2227/35 758/2221/793 108/983/793 424/992/35
f 778/2214/35 779/2312/35 1768/2317/35 1767/2215/35
f 1767/2215/35 781/2305/1805 780/2304/1804 1766/2216/35
f 1768/2317/35 782/2306/1806 781/2305/1805 1767/2215/35
f 803/2217/35 1768/2317/35 779/2312/35 126/2219/35
f 789/2318/1815 790/2319/1816 1791/2320/1817 1790/2321/1818
f 127/2218/1731 782/2306/1806 1768/2317/35 803/2217/35
f 756/2198/787 1766/2216/35 780/2304/1804 112/2204/1729
f 1766/2216/35 756/2198/787 110/2199/788 777/2213/35
f 1769/2322/1819 1770/2323/1820 1773/2324/1821 1772/2325/1822
f 1770/2323/1820 1771/2326/1823 1774/2327/1824 1773/2324/1821
f 1772/2325/1822 1773/2324/1821 1776/2328/1825 1775/2329/1826
f 1773/2324/1821 1774/2327/1824 1777/2330/1827 1776/2328/1825
f 141/2170/1703 750/2168/1701 1769/2322/1819 836/2331/1828
f 750/2168/1701 751/2167/1700 1770/2323/1820 1769/2322/1819
f 751/2167/1700 752/2166/1699 1771/2326/1823 1770/2323/1820
f 752/2166/1699 117/1833/1441 713/2128/1678 1771/2326/1823
f 1771/2326/1823 713/2128/1678 712/2127/1677 1774/2327/1824
f 1774/2327/1824 712/2127/1677 711/2125/1675 1777/2330/1827
f 1777/2330/1827 711/2125/1675 129/2124/1674 806/2187/1718
f 1776/2328/1825 1777/2330/1827 806/2187/1718 805/2186/1717
f 1775/2329/1826 1776/2328/1825 805/2186/1717 804/2184/1715
f 834/2332/1829 1775/2329/1826 804/2184/1715 143/2183/1714
f 835/2333/1830 1772/2325/1822 1775/2329/1826 834/2332/1829
f 836/2331/1828 1769/2322/1819 1772/2325/1822 835/2333/1830
f 793/2314/1812 794/2334/1831 1780/2335/1832 1779/2315/1813
f 1779/2315/1813 440/1113/904 439/1112/903 1778/2316/1814
f 1780/2335/1832 441/1116/907 440/1113/904 1779/2315/1813
f 807/2140/1688 1780/2335/1832 794/2334/1831 132/2090/1651
f 140/2336/492 847/1871/1464 1827/2337/908 516/2338/908
f 130/899/741 441/1116/907 1780/2335/1832 807/2140/1688
f 748/2133/1682 1778/2339/1814 439/1119/903 118/890/732
f 1778/2339/1814 748/2133/1682 122/2076/1640 792/2340/1811
f 1781/2341/1833 1782/2342/1834 1785/2343/1835 1784/2344/1836
f 1782/2342/1834 1783/2345/1837 1786/2346/1838 1785/2343/1835
f 1784/2344/1836 1785/2343/1835 1788/2347/1839 1787/2348/1840
f 1785/2343/1835 1786/2346/1838 1789/2349/1841 1788/2347/1839
f 116/1731/1347 786/2190/1721 1781/2341/1833 744/2104/1662
f 786/2190/1721 787/2189/1720 1782/2342/1834 1781/2341/1833
f 787/2189/1720 788/2188/1719 1783/2345/1837 1782/2342/1834
f 788/2188/1719 129/2124/1674 810/2126/1676 1783/2345/1837
f 1783/2345/1837 810/2126/1676 809/2130/1680 1786/2346/1838
f 1786/2346/1838 809/2130/1680 808/2129/1679 1789/2349/1841
f 1789/2349/1841 808/2129/1679 131/2091/1652 791/2350/1842
f 1788/2347/1839 1789/2349/1841 791/2350/1842 790/2319/1816
f 1787/2348/1840 1788/2347/1839 790/2319/1816 789/2318/1815
f 742/2108/1664 1787/2351/1840 789/2352/1815 120/2109/1635
f 743/2105/1663 1784/2344/1836 1787/2348/1840 742/2106/1664
f 744/2104/1662 1781/2341/1833 1784/2344/1836 743/2105/1663
f 790/2319/1816 791/2350/1842 1792/2353/1843 1791/2320/1817
f 1791/2320/1817 793/2314/1812 792/2313/1811 1790/2321/1818
f 1792/2353/1843 794/2334/1831 793/2314/1812 1791/2320/1817
f 811/2089/1650 1792/2353/1843 791/2350/1842 131/2091/1652
f 830/2354/908 139/1872/1465 843/1892/1483 1823/2355/908
f 132/2090/1651 794/2334/1831 1792/2353/1843 811/2089/1650
f 740/2070/1634 1790/2356/1818 792/2340/1811 122/2076/1640
f 1790/2356/1818 740/2070/1634 120/2071/1635 789/2357/1815
f 288/502/416 1060/229/193 966/333/274 244/620/512
f 1796/2358/1844 1797/2359/1845 1800/2360/1846 1799/2361/1847
f 1797/2359/1845 2361/2362/1848 2362/2363/1849 1800/2360/1846
f 1799/2361/1847 1800/2360/1846 1803/2364/1850 1802/2365/1851
f 1800/2360/1846 2362/2363/1849 2363/2366/1852 1803/2364/1850
f 114/2042/1609 732/2040/1607 1796/2358/1844 783/2367/1853
f 732/2040/1607 733/2039/1606 1797/2359/1845 1796/2358/1844
f 733/2039/1606 2356/2038/1605 2361/2362/1848 1797/2359/1845
f 1638/2017/1584 1801/2368/1854 1798/2012/1580 1639/2011/1579
f 1637/2015/1582 1804/2369/1855 1801/2368/1854 1638/2017/1584
f 812/2014/1545 815/2037/1604 1804/2369/1855 1637/2015/1582
f 1803/2364/1850 2363/2366/1852 2360/2057/1624 814/2056/1623
f 1802/2365/1851 1803/2364/1850 814/2056/1623 813/2054/1621
f 785/2370/1856 1802/2365/1851 813/2054/1621 128/2053/1620
f 784/2371/1857 1799/2361/1847 1802/2365/1851 785/2370/1856
f 783/2367/1853 1796/2358/1844 1799/2361/1847 784/2371/1857
f 1805/2289/1790 1806/2372/1858 1809/2373/1859 1808/2290/1791
f 1806/2372/1858 2364/2374/1860 2365/2375/1861 1809/2373/1859
f 1808/2290/1791 1809/2373/1859 1812/2376/1862 1811/1964/1538
f 1809/2373/1859 2365/2375/1861 2366/2377/1863 1812/2376/1862
f 726/1423/1107 727/1999/1567 1806/2372/1858 1805/2289/1790
f 727/1999/1567 2348/1998/1566 2364/2374/1860 1806/2372/1858
f 1558/1623/1262 1618/2034/1601 2302/1533/1191 665/1532/1190
f 728/1636/1275 738/1537/1195 1793/2060/1627 1807/2378/1864
f 1793/2060/1627 1794/2058/1625 1810/2379/1865 1807/2378/1864
f 1794/2058/1625 1795/1970/1544 1813/1973/1547 1810/2379/1865
f 1812/2376/1862 2366/2377/1863 818/2010/1578 817/2009/1577
f 1811/1964/1538 1812/2376/1862 817/2009/1577 816/1965/1539
f 1814/1375/1076 836/2331/1828 835/2333/1830 1815/1376/1077
f 891/1377/1078 1815/1376/1077 1816/2380/1866 890/2381/1867
f 1815/1376/1077 835/2333/1830 834/2332/1829 1816/2380/1866
f 152/2382/1868 831/2383/1869 1814/1375/1076 892/1374/1075
f 831/2383/1869 141/2170/1703 836/2331/1828 1814/1375/1076
f 1816/2380/1866 834/2332/1829 143/2183/1714 833/2384/1870
f 890/2381/1867 1816/2380/1866 833/2384/1870 154/2385/1871
f 889/2386/1872 1817/2387/1873 1818/2388/1874 888/2389/1875
f 1817/2387/1873 839/2185/1716 838/2192/1723 1818/2388/1874
f 888/2389/1875 1818/2388/1874 1819/2390/1876 887/2391/1877
f 1818/2388/1874 838/2192/1723 837/2191/1722 1819/2390/1876
f 154/2385/1871 833/2384/1870 1817/2387/1873 889/2386/1872
f 833/2384/1870 143/2183/1714 839/2185/1716 1817/2387/1873
f 1819/2390/1876 837/2191/1722 142/1726/1342 832/2392/1878
f 887/2391/1877 1819/2390/1876 832/2392/1878 153/2393/1879
f 886/2394/1880 1820/2395/1881 1821/2396/1882 885/2397/1883
f 1820/2395/1881 842/2398/1698 841/2399/1704 1821/2396/1882
f 885/2400/1883 1821/2401/1882 1822/2402/1884 884/2403/1885
f 1821/2401/1882 841/2404/1704 840/2405/1702 1822/2402/1884
f 857/2406/1886 1820/2407/1881 886/2408/1880 145/2409/1887
f 136/1714/1331 842/2410/1698 1820/2407/1881 857/2406/1886
f 1822/2402/1884 840/2405/1702 141/2411/1703 831/2412/1869
f 884/2403/1885 1822/2402/1884 831/2412/1869 152/2382/1868
f 134/1756/1372 849/1754/1370 1829/2413/978 856/2414/1888
f 137/1694/1317 858/2415/1889 1823/2355/908 843/1892/1483
f 151/2416/1890 830/2354/908 1823/2355/908 883/2417/1891
f 1823/2355/908 858/2415/1889 146/2418/1892 883/2417/1891
f 882/2419/1893 1824/2420/1894 1825/2421/1895 881/2422/1896
f 1824/2420/1894 846/1882/1475 845/1887/1480 1825/2421/1895
f 881/2422/1896 1825/2421/1895 1826/2423/1897 880/2424/1898
f 1825/2421/1895 845/1887/1480 844/1886/1479 1826/2423/1897
f 148/2425/1899 819/2426/1900 1824/2420/1894 882/2419/1893
f 819/2426/1900 133/1740/1356 846/1882/1475 1824/2420/1894
f 1826/2423/1897 844/1886/1479 134/1756/1372 856/2414/1888
f 880/2424/1898 1826/2423/1897 856/2414/1888 144/2427/1901
f 823/2428/978 135/2429/1371 848/1864/1461 1828/2430/978
f 139/2431/1465 830/2432/908 1827/2337/908 847/1871/1464
f 516/2338/908 1827/2337/908 879/2433/1902 147/1122/909
f 1827/2337/908 830/2432/908 151/2434/1890 879/2433/1902
f 861/2435/1903 862/2436/1904 1851/2437/1905 1850/2438/1906
f 138/2439/481 483/2440/978 1828/2430/978 848/1864/1461
f 149/2441/1907 823/2428/978 1828/2430/978 878/2442/1908
f 1828/2430/978 483/2440/978 150/1230/992 878/2442/1908
f 618/2443/1909 617/2444/1910 1849/2445/1911 1848/2446/1912
f 135/1755/1371 823/2447/978 1829/2413/978 849/1754/1370
f 856/2414/1888 1829/2413/978 877/2448/1913 144/2427/1901
f 1829/2413/978 823/2447/978 149/2449/1907 877/2448/1913
f 876/2450/1914 1830/2451/1915 1831/2452/1916 875/2453/1917
f 1830/2451/1915 852/1728/1344 851/1741/1357 1831/2452/1916
f 875/2453/1917 1831/2452/1916 1832/2454/1918 874/2455/1919
f 1831/2452/1916 851/1741/1357 850/1739/1355 1832/2454/1918
f 153/2393/1879 832/2392/1878 1830/2451/1915 876/2450/1914
f 832/2392/1878 142/1726/1342 852/1728/1344 1830/2451/1915
f 1832/2454/1918 850/1739/1355 133/1740/1356 819/2426/1900
f 874/2455/1919 1832/2454/1918 819/2426/1900 148/2425/1899
f 873/2456/1920 1833/2457/1921 1834/2458/1922 872/2459/1923
f 1833/2457/1921 855/2460/1319 854/2461/1332 1834/2458/1922
f 872/2459/1923 1834/2458/1922 1835/2462/1924 871/2463/1925
f 1834/2458/1922 854/2461/1332 853/2464/1330 1835/2462/1924
f 858/2465/1889 1833/2457/1921 873/2456/1920 146/2466/1892
f 137/2467/1317 855/2460/1319 1833/2457/1921 858/2465/1889
f 1835/2468/1924 853/2469/1330 136/1714/1331 857/2406/1886
f 871/2470/1925 1835/2468/1924 857/2406/1886 145/2409/1887
f 1837/2471/1926 873/2472/1920 872/2473/1923 1839/2474/1927
f 1836/2475/1928 1837/2471/1926 1839/2474/1927 1838/2476/1929
f 1839/2474/1927 872/2473/1923 871/2477/1925 1841/2478/1930
f 1838/2476/1929 1839/2474/1927 1841/2478/1930 1840/2479/1931
f 146/2418/1892 873/2472/1920 1837/2471/1926 655/2480/1932
f 97/1626/1265 656/2481/1933 1836/2475/1928 615/1780/1393
f 656/2481/1933 655/2480/1932 1837/2471/1926 1836/2475/1928
f 1841/2482/1930 871/2483/1925 145/2409/1887 653/2484/1934
f 1843/2485/1935 876/2486/1914 875/2487/1917 1845/2488/1936
f 1840/2489/1931 1841/2482/1930 653/2484/1934 654/2490/1937
f 613/1769/1384 1840/2489/1931 654/2490/1937 92/1766/1382
f 614/1781/1394 1838/2476/1929 1840/2479/1931 613/1782/1384
f 615/1780/1393 1836/2475/1928 1838/2476/1929 614/1781/1394
f 1842/2491/1938 1843/2485/1935 1845/2488/1936 1844/2492/1939
f 1845/2488/1936 875/2487/1917 874/2493/1919 1847/2494/1940
f 1844/2492/1939 1845/2488/1936 1847/2494/1940 1846/2495/1941
f 868/2496/1942 153/2497/1879 876/2486/1914 1843/2485/1935
f 114/2498/1609 867/2499/1943 1842/2491/1938 704/2500/1608
f 867/2499/1943 868/2496/1942 1843/2485/1935 1842/2491/1938
f 1847/2494/1940 874/2493/1919 148/2425/1899 860/2501/1944
f 149/2449/1907 862/2436/1904 1849/2445/1911 877/2448/1913
f 1846/2495/1941 1847/2494/1940 860/2501/1944 859/2502/1945
f 702/2503/1599 1846/2495/1941 859/2502/1945 91/1542/1200
f 703/2504/1610 1844/2492/1939 1846/2495/1941 702/2503/1599
f 704/2500/1608 1842/2491/1938 1844/2492/1939 703/2504/1610
f 1849/2445/1911 862/2436/1904 861/2435/1903 1848/2446/1912
f 612/1785/1397 1848/2446/1912 861/2435/1903 96/1797/1407
f 144/2427/1901 877/2448/1913 1849/2445/1911 617/2444/1910
f 863/2505/1946 864/2506/1947 1861/2507/1948 1860/2508/1949
f 150/1230/992 522/2509/1042 1851/2437/1905 878/2510/1908
f 1848/2446/1912 612/1785/1397 90/1522/1180 618/2443/1909
f 1851/2437/1905 522/2509/1042 521/2511/1041 1850/2438/1906
f 611/1799/1409 1850/2438/1906 521/2511/1041 95/505/419
f 862/2436/1904 149/2449/1907 878/2510/1908 1851/2437/1905
f 283/2512/1037 282/2513/1040 1853/2514/1950 1852/2515/1951
f 151/2416/1890 864/2506/1947 1853/2514/1950 879/2516/1902
f 1850/2438/1906 611/1799/1409 96/1797/1407 861/2435/1903
f 1853/2514/1950 864/2506/1947 863/2505/1946 1852/2515/1951
f 607/1954/1528 1852/2515/1951 863/2505/1946 93/1612/1251
f 147/1122/909 879/2516/1902 1853/2514/1950 282/2513/1040
f 1855/2517/1952 882/2518/1893 881/2519/1896 1857/2520/1953
f 1852/2515/1951 607/1954/1528 94/692/564 283/2512/1037
f 1854/2521/1954 1855/2517/1952 1857/2520/1953 1856/2522/1955
f 1857/2520/1953 881/2519/1896 880/2523/1898 1859/2524/1956
f 1856/2522/1955 1857/2520/1953 1859/2524/1956 1858/2525/1957
f 860/2501/1944 148/2425/1899 882/2518/1893 1855/2517/1952
f 91/1542/1200 859/2502/1945 1854/2521/1954 603/2526/1199
f 859/2502/1945 860/2501/1944 1855/2517/1952 1854/2521/1954
f 1859/2524/1956 880/2523/1898 144/2527/1901 617/2528/1910
f 146/2418/1892 655/2480/1932 1861/2507/1948 883/2417/1891
f 1858/2525/1957 1859/2524/1956 617/2528/1910 618/2529/1909
f 601/2530/1182 1858/2525/1957 618/2529/1909 90/2531/1180
f 602/2532/1201 1856/2522/1955 1858/2525/1957 601/2530/1182
f 603/2526/1199 1854/2521/1954 1856/2522/1955 602/2532/1201
f 1861/2507/1948 655/2480/1932 656/2481/1933 1860/2508/1949
f 616/1611/1250 1860/2508/1949 656/2481/1933 97/1626/1265
f 864/2506/1947 151/2416/1890 883/2417/1891 1861/2507/1948
f 1863/2533/1958 886/2394/1880 885/2397/1883 1865/2534/1959
f 1860/2508/1949 616/1611/1250 93/1612/1251 863/2505/1946
f 1862/2535/1960 1863/2533/1958 1865/2534/1959 1864/2536/1961
f 1865/2537/1959 885/2400/1883 884/2403/1885 1867/2538/1962
f 1864/2539/1961 1865/2537/1959 1867/2538/1962 1866/2540/1963
f 145/2409/1887 886/2408/1880 1863/2541/1958 653/2484/1934
f 92/1766/1382 654/2490/1937 1862/2542/1960 606/1942/1518
f 654/2490/1937 653/2484/1934 1863/2541/1958 1862/2542/1960
f 1867/2538/1962 884/2403/1885 152/2382/1868 866/2543/1964
f 1869/2544/1965 889/2386/1872 888/2389/1875 1871/2545/1966
f 1866/2540/1963 1867/2538/1962 866/2543/1964 865/2546/1967
f 604/1925/1509 1866/2540/1963 865/2546/1967 115/1923/1507
f 605/1945/1519 1864/2539/1961 1866/2540/1963 604/1925/1509
f 606/1944/1518 1862/2535/1960 1864/2536/1961 605/1943/1519
f 1868/2547/1968 1869/2544/1965 1871/2545/1966 1870/2548/1969
f 1871/2545/1966 888/2389/1875 887/2391/1877 1873/2549/1970
f 1870/2548/1969 1871/2545/1966 1873/2549/1970 1872/2550/1971
f 870/2551/1972 154/2385/1871 889/2386/1872 1869/2544/1965
f 128/2053/1620 869/2552/1973 1868/2547/1968 785/2370/1856
f 869/2552/1973 870/2551/1972 1869/2544/1965 1868/2547/1968
f 1873/2549/1970 887/2391/1877 153/2393/1879 868/2553/1942
f 1875/2554/1974 892/2555/1075 891/2556/1078 1877/2557/1975
f 1872/2550/1971 1873/2549/1970 868/2553/1942 867/2558/1943
f 783/2367/1853 1872/2550/1971 867/2558/1943 114/2042/1609
f 784/2371/1857 1870/2548/1969 1872/2550/1971 783/2367/1853
f 785/2370/1856 1868/2547/1968 1870/2548/1969 784/2371/1857
f 1874/2559/1976 1875/2554/1974 1877/2557/1975 1876/2560/1977
f 1877/2557/1975 891/2556/1078 890/2561/1867 1879/2562/1978
f 1876/2560/1977 1877/2557/1975 1879/2562/1978 1878/2563/1979
f 866/2564/1964 152/2382/1868 892/2555/1075 1875/2554/1974
f 115/2565/1507 865/2566/1967 1874/2559/1976 707/2567/1629
f 865/2566/1967 866/2564/1964 1875/2554/1974 1874/2559/1976
f 1879/2562/1978 890/2561/1867 154/2568/1871 870/2569/1972
f 1878/2563/1979 1879/2562/1978 870/2569/1972 869/2570/1973
f 705/2571/1622 1878/2563/1979 869/2570/1973 128/2572/1620
f 706/2063/1630 1876/2560/1977 1878/2563/1979 705/2571/1622
f 707/2567/1629 1874/2559/1976 1876/2560/1977 706/2063/1630
f 552/1189/963 551/1176/950 1322/1179/953 1321/1180/954
f 212/93/83 246/330/271 960/99/89 900/94/84
f 192/255/210 2231/254/209 2230/2573/220 2214/292/221
f 186/240/62 2228/239/161 941/2574/164 187/2575/63
f 943/1598/1238 944/110/100 1885/113/102 1884/1599/1238
f 2305/1312/101 2306/1400/101 1882/1401/101 1888/1313/101
f 2308/137/120 1436/1575/1224 1887/1578/1225 1890/138/120
f 576/1576/1131 2307/1561/1131 1889/1562/1131 1883/1577/1131
f 2373/2576/1980 2367/2577/1980 2369/2578/1980 2371/2579/1980
f 2215/2580/40 2217/2581/40 2370/2582/40 2368/2583/40
f 188/2584/1981 942/2585/1981 1894/2586/1981 1893/2587/1981
f 953/2588/1982 193/2589/1982 1892/2590/1982 1895/2591/1982
f 1901/2592/1983 2389/2593/1984 2385/2594/1985 2380/2595/1985
f 2375/1902/1492 1580/1587/1230 680/1899/1234 2218/2596/1229
f 2377/1332/1051 1897/1331/1050 1435/1511/1169 2304/1510/1168
f 2375/1902/1492 2379/2597/1240 1446/2598/1239 1447/1588/1231
f 1897/1546/1050 575/1396/1049 87/1395/1086 569/1544/1202
f 2219/2599/1986 579/2600/1986 2382/2601/1986 2381/2602/1986
f 2387/2603/1987 2389/2593/1984 1901/2592/1983 2383/2604/1987
f 579/2600/1986 2222/2605/1986 2384/2606/1986 2382/2601/1986
f 1899/1550/1204 2376/2607/1204 2386/2608/1204 1905/1551/1204
f 574/2609/1988 1898/2610/1988 1904/2611/1988 1902/2612/1988
f 1896/2613/1989 578/2614/1989 1900/2615/1989 1903/2616/1989
f 1922/2617/1990 1909/2618/1991 1906/2619/1992 1910/2620/1993
f 1923/2621/1994 1990/2622/1995 1986/2623/1996
f 1919/2624/1997 1908/2625/1998 1909/2618/1991 1922/2617/1990
f 1915/2626/1999 1907/2627/2000 1908/2625/1998 1919/2624/1997
f 2390/2628/2001 1913/2629/2002 1916/2630/2003 2391/2631/2004
f 1913/2629/2002 1912/2632/2005 1917/2633/2006 1916/2630/2003
f 1912/2632/2005 1910/2620/1993 2392/2634/2007 1917/2633/2006
f 2391/2631/2004 1916/2630/2003 1920/2635/2008 2393/2636/2009
f 1916/2630/2003 1917/2633/2006 1921/2637/2010 1920/2635/2008
f 1917/2633/2006 2392/2634/2007 2394/2638/2011 1921/2637/2010
f 1910/2620/1993 1912/2632/2005 1924/2639/2012 1922/2617/1990
f 1912/2632/2005 1913/2629/2002 1925/2640/2013 1924/2639/2012
f 1913/2629/2002 2390/2628/2001 2395/2641/2014 1925/2640/2013
f 1922/2617/1990 1924/2639/2012 1921/2637/2010 2394/2638/2011
f 1924/2639/2012 1925/2640/2013 1920/2635/2008 1921/2637/2010
f 1925/2640/2013 2395/2641/2014 2393/2636/2009 1920/2635/2008
f 1910/2620/1993 1906/2619/1992 1907/2627/2000 1915/2626/1999
f 2194/2/2 2195/24/24 1931/27/27 1987/3/3
f 1931/27/27 1926/26/26 1928/2642/2015 1933/2643/2016
f 1933/2644/2016 1928/2645/2015 1929/2646/2017 1932/2647/2018
f 1932/2648/2018 1929/2649/2017 1927/2650/2019 1930/2651/2020
f 1934/2652/2021 1938/2653/2022 1940/2654/2023 1936/2655/2024
f 1936/2656/2024 1940/2657/2023 1941/2658/2025 1937/2659/2026
f 1937/2660/2026 1941/2661/2025 1939/49/49 1935/20/20
f 1926/26/26 1943/47/47 1945/2662/2027 1928/2663/2015
f 1928/2664/2015 1945/2665/2027 1944/2666/2028 1929/2646/2017
f 1929/2649/2017 1944/2667/2028 1942/2668/2029 1927/2650/2019
f 1938/2653/2022 1946/2669/2030 1948/2670/2031 1940/2654/2023
f 1940/2657/2023 1948/2671/2031 1949/2672/2032 1941/2673/2025
f 1941/2674/2025 1949/2675/2032 1947/30/30 1939/49/49
f 1955/19/19 1950/43/43 1952/2676/2033 1957/2677/2034
f 1957/2678/2034 1952/2679/2033 1953/2680/2035 1956/2681/2036
f 1956/2682/2036 1953/2683/2035 1951/2684/2037 1954/2685/2038
f 1958/2686/2039 1951/2687/2037 1953/2683/2035 1960/2688/2040
f 1960/2689/2040 1953/2680/2035 1952/2690/2033 1961/2691/2041
f 1961/2692/2041 1952/2693/2033 1950/43/43 1959/42/42
f 1962/2694/2042 1974/2695/2043 1976/2696/2044 1964/2697/2045
f 1964/2698/2045 1976/2699/2044 1977/2700/2046 1965/2701/2047
f 1965/2702/2047 1977/2703/2046 1975/7/7 1963/39/39
f 1967/11/11 1991/4/4 1993/2704/2048 1969/2705/2049
f 1969/2706/2049 1993/2707/2048 1992/2708/2050 1968/2709/2051
f 1968/2710/2051 1992/2711/2050 1990/2622/1995 1966/2712/2052
f 1966/2712/2052 1994/2713/2053 1996/2714/2054 1968/2710/2051
f 1968/2709/2051 1996/2715/2054 1997/2716/2055 1969/2717/2049
f 1969/2718/2049 1997/2719/2055 1995/12/12 1967/11/11
f 1970/2720/2056 1962/2694/2042 1964/2697/2045 1972/2721/2057
f 1972/2722/2057 1964/2698/2045 1965/2723/2047 1973/2724/2058
f 1973/2725/2058 1965/2726/2047 1963/39/39 1971/31/31
f 1979/37/37 1982/36/36 1984/2727/2059 1981/2728/2060
f 1981/2729/2060 1984/2730/2059 1985/2731/2061 1980/2732/2062
f 1980/2733/2062 1985/2734/2061 1983/2735/2063 1978/2736/2064
f 1991/4/4 1987/3/3 1989/2737/2065 1993/2738/2048
f 1993/2739/2048 1989/2740/2065 1988/2741/2066 1992/2708/2050
f 1992/2711/2050 1988/2742/2066 1986/2623/1996 1990/2622/1995
f 1994/2713/2053 1983/2735/2063 1985/2734/2061 1996/2714/2054
f 1996/2715/2054 1985/2743/2061 1984/2744/2059 1997/2745/2055
f 1997/2746/2055 1984/2747/2059 1982/53/36 1995/12/12
f 1930/2651/2020 1986/2623/1996 1988/2742/2066 1932/2648/2018
f 1932/2647/2018 1988/2741/2066 1989/2748/2065 1933/2749/2016
f 1933/2750/2016 1989/2751/2065 1987/3/3 1931/27/27
f 2003/51/51 1999/16/16 2001/2752/2067 2005/2753/2068
f 2005/2754/2068 2001/2755/2067 2000/2756/2069 2004/2757/2070
f 2004/2758/2070 2000/2759/2069 1998/2760/2071 2002/2761/2072
f 1954/2685/2038 1934/2652/2021 1936/2655/2024 1956/2682/2036
f 1956/2681/2036 1936/2656/2024 1937/2762/2026 1957/2763/2034
f 1957/2764/2034 1937/2765/2026 1935/20/20 1955/19/19
f 2006/2766/2073 1998/2760/2071 2000/2759/2069 2008/2767/2074
f 2008/2768/2074 2000/2756/2069 2001/2769/2067 2009/2770/2075
f 2009/2771/2075 2001/2772/2067 1999/16/16 2007/15/15
f 2002/2761/2072 1958/2686/2039 1960/2688/2040 2004/2758/2070
f 2004/2757/2070 1960/2689/2040 1961/2773/2041 2005/2774/2068
f 2005/2775/2068 1961/2776/2041 1959/42/42 2003/51/51
f 2011/46/46 2015/33/33 2017/2777/2076 2013/2778/2077
f 2013/2779/2077 2017/2780/2076 2016/2781/2078 2012/2782/2079
f 2012/2783/2079 2016/2784/2078 2014/23/23 2010/22/22
f 1946/2669/2030 1970/2720/2056 1972/2721/2057 1948/2670/2031
f 1948/2671/2031 1972/2722/2057 1973/2785/2058 1949/2786/2032
f 1949/2787/2032 1973/2788/2058 1971/31/31 1947/30/30
f 2019/8/8 1975/7/7 1977/2789/2046 2021/2790/2080
f 2021/2791/2080 1977/2792/2046 1976/2699/2044 2020/2793/2081
f 2020/2794/2081 1976/2696/2044 1974/2695/2043 2018/2795/2082
f 1943/47/47 2011/46/46 2013/2796/2077 1945/2797/2027
f 1945/2798/2027 2013/2799/2077 2012/2782/2079 1944/2666/2028
f 1944/2667/2028 2012/2783/2079 2010/22/22 1942/2668/2029
f 2015/33/33 2019/8/8 2021/2800/2080 2017/2801/2076
f 2017/2802/2076 2021/2803/2080 2020/2793/2081 2016/2781/2078
f 2016/2784/2078 2020/2794/2081 2018/2795/2082 2014/23/23
f 1978/2736/2064 2006/2766/2073 2008/2767/2074 1980/2733/2062
f 1980/2732/2062 2008/2768/2074 2009/2804/2075 1981/2805/2060
f 1981/2806/2060 2009/2807/2075 2007/15/15 1979/37/37
f 2196/25/25 2197/44/44 1943/47/47 1926/26/26
f 2396/2808/908 2397/2809/908 2023/2810/908 2022/2811/908
f 2397/2809/908 2398/2812/908 2024/2813/908 2023/2810/908
f 2398/2812/908 2399/2814/908 2025/2815/908 2024/2813/908
f 2399/2814/908 2400/2816/908 2026/2817/908 2025/2815/908
f 2400/2816/908 2401/2818/908 2027/2819/908 2026/2817/908
f 2401/2818/908 2402/2820/908 2028/2821/908 2027/2819/908
f 2402/2820/908 8/2822/908 2029/2823/908 2028/2821/908
f 8/2822/908 2404/2824/908 2030/2825/908 2029/2823/908
f 2404/2824/908 2405/2826/908 2031/2827/908 2030/2825/908
f 2405/2826/908 2406/2828/908 2032/2829/908 2031/2827/908
f 2406/2828/908 2407/2830/908 2033/2831/908 2032/2829/908
f 2407/2830/908 2408/2832/908 2034/2833/908 2033/2831/908
f 2408/2832/908 2409/2834/908 2035/2835/908 2034/2833/908
f 2409/2834/908 2410/2836/908 2036/2837/908 2035/2835/908
f 2410/2836/908 2411/2838/908 2037/2839/908 2036/2837/908
f 2411/2838/908 2412/2840/908 2038/2841/908 2037/2839/908
f 2412/2840/908 2413/2842/908 2039/2843/908 2038/2841/908
f 2413/2842/908 2414/2844/908 2040/2845/908 2039/2843/908
f 2414/2844/908 2415/2846/908 2041/2847/908 2040/2845/908
f 2415/2846/908 2416/2848/908 2042/2849/908 2041/2847/908
f 2416/2848/908 2417/2850/908 2043/2851/908 2042/2849/908
f 2417/2850/908 2418/2852/908 2044/2853/908 2043/2851/908
f 2418/2852/908 2419/2854/908 2045/2855/908 2044/2853/908
f 2419/2854/908 2396/2808/908 2022/2811/908 2045/2855/908
f 23/2856/5 22/2857/32 2441/2858/32 2442/2859/5
f 16/2860/1 15/2861/10 2434/2862/10 2435/2863/1
f 9/2864/50 2403/54/41 2427/57/41 2428/2865/50
f 24/2866/6 23/2856/5 2442/2859/5 2443/2867/6
f 2/2868/28 1/2869/38 2420/2870/38 2421/2871/28
f 17/2872/2 16/2860/1 2435/2863/1 2436/2873/2
f 10/2874/13 9/2864/50 2428/2865/50 2429/2875/13
f 1/2869/38 24/2866/6 2443/2867/6 2420/2870/38
f 3/2876/29 2/2868/28 2421/2871/28 2422/2877/29
f 18/2878/24 17/2872/2 2436/2873/2 2437/2879/24
f 11/2880/14 10/2874/13 2429/2875/13 2430/2881/14
f 4/2882/48 3/2876/29 2422/2877/29 2423/2883/48
f 19/2884/25 18/2878/24 2437/2879/24 2438/2885/25
f 12/2886/34 11/2880/14 2430/2881/14 2431/2887/34
f 5/2888/17 4/2882/48 2423/2883/48 2424/2889/17
f 20/2890/44 19/2884/25 2438/2885/25 2439/2891/44
f 13/2892/35 12/2886/34 2431/2887/34 2432/2893/35
f 6/2894/18 5/2888/17 2424/2889/17 2425/2895/18
f 21/2896/45 20/2890/44 2439/2891/44 2440/2897/45
f 14/2898/9 13/2892/35 2432/2893/35 2433/2899/9
f 7/55/40 6/2894/18 2425/2895/18 2426/56/40
f 22/2857/32 21/2896/45 2440/2897/45 2441/2858/32
f 15/2861/10 14/2898/9 2433/2899/9 2434/2862/10
f 2444/2900/908 2445/2901/908 2071/2902/908 2070/2903/908
f 2445/2901/908 2446/2904/908 2072/2905/908 2071/2902/908
f 2446/2904/908 2447/2906/908 2073/2907/908 2072/2905/908
f 2447/2906/908 2448/2908/908 2074/2909/908 2073/2907/908
f 2448/2908/908 2449/2910/908 2075/2911/908 2074/2909/908
f 2449/2910/908 2450/2912/908 2076/2913/908 2075/2911/908
f 2450/2912/908 2451/2914/908 2077/2915/908 2076/2913/908
f 2451/2914/908 2054/2916/908 2078/2917/908 2077/2915/908
f 2054/2916/908 2453/2918/908 2079/2919/908 2078/2917/908
f 2453/2918/908 2454/2920/908 2080/2921/908 2079/2919/908
f 2454/2920/908 2455/2922/908 2081/2923/908 2080/2921/908
f 2455/2922/908 2456/2924/908 2082/2925/908 2081/2923/908
f 2456/2924/908 2457/2926/908 2083/2927/908 2082/2925/908
f 2457/2926/908 2458/2928/908 2084/2929/908 2083/2927/908
f 2458/2928/908 2459/2930/908 2085/2931/908 2084/2929/908
f 2459/2930/908 2460/2932/908 2086/2933/908 2085/2931/908
f 2460/2932/908 2461/2934/908 2087/2935/908 2086/2933/908
f 2461/2934/908 2462/2936/908 2088/2937/908 2087/2935/908
f 2462/2936/908 2463/2938/908 2089/2939/908 2088/2937/908
f 2463/2938/908 2464/2940/908 2090/2941/908 2089/2939/908
f 2464/2940/908 2465/2942/908 2091/2943/908 2090/2941/908
f 2465/2942/908 2466/2944/908 2092/2945/908 2091/2943/908
f 2466/2944/908 2467/2946/908 2093/2947/908 2092/2945/908
f 2467/2946/908 2444/2900/908 2070/2903/908 2093/2947/908
f 1918/21/21 1923/2621/1994 1927/2650/2019
f 1911/2948/2083 1998/2760/2071 2006/2766/2073
f 1911/2948/2083 1983/2735/2063 1923/2621/1994
f 1938/2653/2022 1934/2652/2021 1914/2949/2084
f 1914/2949/2084 1918/21/21 1962/2694/2042
f 1918/21/21 1927/2650/2019 1942/2668/2029
f 1974/2695/2043 1962/2694/2042 1918/21/21
f 2018/2795/2082 1974/2695/2043 1918/21/21
f 1918/21/21 1942/2668/2029 2010/22/22
f 2014/23/23 2018/2795/2082 1918/21/21
f 1923/2621/1994 1983/2735/2063 1994/2713/2053
f 1923/2621/1994 1994/2713/2053 1966/2712/2052
f 1930/2651/2020 1927/2650/2019 1923/2621/1994
f 1986/2623/1996 1930/2651/2020 1923/2621/1994
f 1923/2621/1994 1966/2712/2052 1990/2622/1995
f 1978/2736/2064 1983/2735/2063 1911/2948/2083
f 1911/2948/2083 1951/2687/2037 1958/2686/2039
f 1911/2948/2083 1958/2686/2039 2002/2761/2072
f 2006/2766/2073 1978/2736/2064 1911/2948/2083
f 1911/2948/2083 2002/2761/2072 1998/2760/2071
f 1914/2949/2084 1962/2694/2042 1970/2720/2056
f 1914/2949/2084 1970/2720/2056 1946/2669/2030
f 1951/2684/2037 1911/2948/2083 1914/2949/2084
f 1954/2685/2038 1951/2684/2037 1914/2949/2084
f 1914/2949/2084 1946/2669/2030 1938/2653/2022
f 1934/2652/2021 1954/2685/2038 1914/2949/2084
usemtl Metal
f 2452/2950/50 2053/2951/41 2123/2952/2085 2127/2953/2086
f 2046/2954/38 2069/2955/6 2187/2956/2087 2094/2957/2088
f 2069/2955/6 2068/2958/5 2183/2959/2089 2187/2956/2087
f 2062/2960/2 2061/2961/1 2155/2962/2090 2159/2963/2091
f 2055/2964/13 2452/2950/50 2127/2953/2086 2131/2965/2092
f 2095/2966/2093 2186/2967/2094 2182/2968/2095 2178/2969/2096 2174/2970/2097 2170/2971/2098 2166/2972/2099 2162/2973/2100 2158/2974/2101 2154/2975/2102 2150/2976/2103 2146/2977/2104 2142/2978/2105 2138/2979/2106 2134/2980/2107 2130/2981/2108 2126/2982/2109 2122/2983/2110 2118/2984/2111 2114/2985/2112 2110/2986/2113 2106/2987/2114 2102/2988/2115 2098/2989/2116
f 2063/2990/24 2062/2960/2 2159/2963/2091 2163/2991/2117
f 2056/2992/14 2055/2964/13 2131/2965/2092 2135/2993/2118
f 2048/2994/29 2047/2995/28 2099/2996/2119 2103/2997/2120
f 2049/2998/48 2048/2994/29 2103/2997/2120 2107/2999/2121
f 2064/3000/25 2063/2990/24 2163/2991/2117 2167/3001/2122
f 2057/3002/34 2056/2992/14 2135/2993/2118 2139/3003/2123
f 2050/3004/17 2049/2998/48 2107/2999/2121 2111/3005/2124
f 2065/3006/44 2064/3000/25 2167/3001/2122 2171/3007/2125
f 2058/3008/35 2057/3002/34 2139/3003/2123 2143/3009/2126
f 2051/3010/18 2050/3004/17 2111/3005/2124 2115/3011/2127
f 2066/3012/45 2065/3006/44 2171/3007/2125 2175/3013/2128
f 2059/3014/9 2058/3008/35 2143/3009/2126 2147/3015/2129
f 2052/3016/40 2051/3010/18 2115/3011/2127 2119/3017/2130
f 2067/3018/32 2066/3012/45 2175/3013/2128 2179/3019/2131
f 2060/3020/10 2059/3014/9 2147/3015/2129 2151/3021/2132
f 2053/2951/41 2052/3016/40 2119/3017/2130 2123/2952/2085
f 2068/2958/5 2067/3018/32 2179/3019/2131 2183/2959/2089
f 2061/2961/1 2060/3020/10 2151/3021/2132 2155/2962/2090
f 2095/2966/2093 2098/2989/2116 2100/3022/2133 2097/3023/2134
f 2097/3023/2134 2100/3022/2133 2101/3024/2135 2096/3025/2136
f 2096/3025/2136 2101/3024/2135 2099/2996/2119 2094/2957/2088
f 2098/2989/2116 2102/2988/2115 2104/3026/2137 2100/3022/2133
f 2100/3022/2133 2104/3026/2137 2105/3027/2138 2101/3024/2135
f 2101/3024/2135 2105/3027/2138 2103/2997/2120 2099/2996/2119
f 2102/2988/2115 2106/2987/2114 2108/3028/2139 2104/3026/2137
f 2104/3026/2137 2108/3028/2139 2109/3029/2140 2105/3027/2138
f 2105/3027/2138 2109/3029/2140 2107/2999/2121 2103/2997/2120
f 2106/2987/2114 2110/2986/2113 2112/3030/2141 2108/3028/2139
f 2108/3028/2139 2112/3030/2141 2113/3031/2142 2109/3029/2140
f 2109/3029/2140 2113/3031/2142 2111/3005/2124 2107/2999/2121
f 2110/2986/2113 2114/2985/2112 2116/3032/2143 2112/3030/2141
f 2112/3030/2141 2116/3032/2143 2117/3033/2144 2113/3031/2142
f 2113/3031/2142 2117/3033/2144 2115/3011/2127 2111/3005/2124
f 2114/2985/2112 2118/2984/2111 2120/3034/2145 2116/3032/2143
f 2116/3032/2143 2120/3034/2145 2121/3035/2146 2117/3033/2144
f 2117/3033/2144 2121/3035/2146 2119/3017/2130 2115/3011/2127
f 2118/2984/2111 2122/2983/2110 2124/3036/2147 2120/3034/2145
f 2120/3034/2145 2124/3036/2147 2125/3037/2148 2121/3035/2146
f 2121/3035/2146 2125/3037/2148 2123/2952/2085 2119/3017/2130
f 2122/2983/2110 2126/2982/2109 2128/3038/2149 2124/3036/2147
f 2124/3036/2147 2128/3038/2149 2129/3039/2150 2125/3037/2148
f 2125/3037/2148 2129/3039/2150 2127/2953/2086 2123/2952/2085
f 2126/2982/2109 2130/2981/2108 2132/3040/2151 2128/3038/2149
f 2128/3038/2149 2132/3040/2151 2133/3041/2152 2129/3039/2150
f 2129/3039/2150 2133/3041/2152 2131/2965/2092 2127/2953/2086
f 2130/2981/2108 2134/2980/2107 2136/3042/2153 2132/3040/2151
f 2132/3040/2151 2136/3042/2153 2137/3043/2154 2133/3041/2152
f 2133/3041/2152 2137/3043/2154 2135/2993/2118 2131/2965/2092
f 2134/2980/2107 2138/2979/2106 2140/3044/2155 2136/3042/2153
f 2136/3042/2153 2140/3044/2155 2141/3045/2156 2137/3043/2154
f 2137/3043/2154 2141/3045/2156 2139/3003/2123 2135/2993/2118
f 2138/2979/2106 2142/2978/2105 2144/3046/2157 2140/3044/2155
f 2140/3044/2155 2144/3046/2157 2145/3047/2158 2141/3045/2156
f 2141/3045/2156 2145/3047/2158 2143/3009/2126 2139/3003/2123
f 2142/2978/2105 2146/2977/2104 2148/3048/2159 2144/3046/2157
f 2144/3046/2157 2148/3048/2159 2149/3049/2160 2145/3047/2158
f 2145/3047/2158 2149/3049/2160 2147/3015/2129 2143/3009/2126
f 2146/2977/2104 2150/2976/2103 2152/3050/2161 2148/3048/2159
f 2148/3048/2159 2152/3050/2161 2153/3051/2162 2149/3049/2160
f 2149/3049/2160 2153/3051/2162 2151/3021/2132 2147/3015/2129
f 2150/2976/2103 2154/2975/2102 2156/3052/2163 2152/3050/2161
f 2152/3050/2161 2156/3052/2163 2157/3053/2164 2153/3051/2162
f 2153/3051/2162 2157/3053/2164 2155/2962/2090 2151/3021/2132
f 2154/2975/2102 2158/2974/2101 2160/3054/2165 2156/3052/2163
f 2156/3052/2163 2160/3054/2165 2161/3055/2166 2157/3053/2164
f 2157/3053/2164 2161/3055/2166 2159/2963/2091 2155/2962/2090
f 2158/2974/2101 2162/2973/2100 2164/3056/2167 2160/3054/2165
f 2160/3054/2165 2164/3056/2167 2165/3057/2168 2161/3055/2166
f 2161/3055/2166 2165/3057/2168 2163/2991/2117 2159/2963/2091
f 2162/2973/2100 2166/2972/2099 2168/3058/2169 2164/3056/2167
f 2164/3056/2167 2168/3058/2169 2169/3059/2170 2165/3057/2168
f 2165/3057/2168 2169/3059/2170 2167/3001/2122 2163/2991/2117
f 2166/2972/2099 2170/2971/2098 2172/3060/2171 2168/3058/2169
f 2168/3058/2169 2172/3060/2171 2173/3061/2172 2169/3059/2170
f 2169/3059/2170 2173/3061/2172 2171/3007/2125 2167/3001/2122
f 2170/2971/2098 2174/2970/2097 2176/3062/2173 2172/3060/2171
f 2172/3060/2171 2176/3062/2173 2177/3063/2174 2173/3061/2172
f 2173/3061/2172 2177/3063/2174 2175/3013/2128 2171/3007/2125
f 2174/2970/2097 2178/2969/2096 2180/3064/2175 2176/3062/2173
f 2176/3062/2173 2180/3064/2175 2181/3065/2176 2177/3063/2174
f 2177/3063/2174 2181/3065/2176 2179/3019/2131 2175/3013/2128
f 2178/2969/2096 2182/2968/2095 2184/3066/2177 2180/3064/2175
f 2180/3064/2175 2184/3066/2177 2185/3067/2178 2181/3065/2176
f 2181/3065/2176 2185/3067/2178 2183/2959/2089 2179/3019/2131
f 2182/2968/2095 2186/2967/2094 2188/3068/2179 2184/3066/2177
f 2184/3066/2177 2188/3068/2179 2189/3069/2180 2185/3067/2178
f 2185/3067/2178 2189/3069/2180 2187/2956/2087 2183/2959/2089
f 2186/2967/2094 2095/2966/2093 2097/3023/2134 2188/3068/2179
f 2188/3068/2179 2097/3023/2134 2096/3025/2136 2189/3069/2180
f 2189/3069/2180 2096/3025/2136 2094/2957/2088 2187/2956/2087
f 2047/2995/28 2046/2954/38 2094/2957/2088 2099/2996/2119
o Cylinder
v 0.113450 0.040444 0.090195
v 0.115150 0.040298 0.090363
v 0.116785 0.040157 0.090860
v 0.118291 0.040027 0.091669
v 0.119612 0.039914 0.092756
v 0.120695 0.039821 0.094081
v 0.121501 0.039751 0.095593
v 0.121997 0.039709 0.097234
v 0.122164 0.039694 0.098940
v 0.121997 0.039709 0.100647
v 0.121501 0.039751 0.102287
v 0.120695 0.039821 0.103799
v 0.119612 0.039914 0.105125
v 0.118291 0.040027 0.106212
v 0.116785 0.040157 0.107020
v 0.115150 0.040298 0.107518
v 0.113450 0.040444 0.107686
v 0.111750 0.040590 0.107518
v 0.110116 0.040731 0.107020
v 0.108609 0.040860 0.106212
v 0.107289 0.040974 0.105125
v 0.106205 0.041067 0.103799
v 0.105400 0.041136 0.102287
v 0.104904 0.041179 0.100647
v 0.104737 0.041193 0.098940
v 0.104904 0.041179 0.097234
v 0.105400 0.041136 0.095593
v 0.106205 0.041067 0.094081
v 0.107289 0.040974 0.092756
v 0.108609 0.040860 0.091669
v 0.110116 0.040731 0.090860
v 0.111750 0.040590 0.090363
v 0.118692 0.087173 0.092820
v 0.117479 0.087278 0.092700
v 0.119858 0.087073 0.093175
v 0.120933 0.086980 0.093752
v 0.121875 0.086899 0.094528
v 0.122648 0.086833 0.095473
v 0.123223 0.086783 0.096552
v 0.123577 0.086753 0.097723
v 0.123696 0.086743 0.098940
v 0.123577 0.086753 0.100158
v 0.123223 0.086783 0.101328
v 0.122648 0.086833 0.102407
v 0.121875 0.086899 0.103353
v 0.120933 0.086980 0.104129
v 0.119858 0.087073 0.104706
v 0.118692 0.087173 0.105061
v 0.117479 0.087278 0.105181
v 0.116266 0.087382 0.105061
v 0.115100 0.087482 0.104706
v 0.114025 0.087575 0.104129
v 0.113082 0.087656 0.103353
v 0.112309 0.087722 0.102407
v 0.111735 0.087772 0.101328
v 0.111381 0.087802 0.100158
v 0.111261 0.087812 0.098940
v 0.111381 0.087802 0.097723
v 0.111735 0.087772 0.096552
v 0.112309 0.087722 0.095473
v 0.113083 0.087656 0.094528
v 0.114025 0.087575 0.093752
v 0.115100 0.087482 0.093175
v 0.116266 0.087382 0.092820
v 0.130952 0.242463 0.098320
v 0.131563 0.236809 0.092820
v 0.131332 0.242004 0.096215
v 0.131582 0.240768 0.094431
v 0.131663 0.238944 0.093239
v 0.130350 0.236913 0.092700
v 0.130829 0.242473 0.098308
v 0.130533 0.239041 0.093127
v 0.130689 0.240845 0.094343
v 0.130792 0.242050 0.096162
v 0.131070 0.242453 0.098356
v 0.132730 0.236708 0.093175
v 0.131852 0.241959 0.096373
v 0.132442 0.240694 0.094693
v 0.132750 0.238850 0.093569
v 0.131179 0.242443 0.098415
v 0.133805 0.236616 0.093752
v 0.132330 0.241918 0.096630
v 0.133234 0.240626 0.095117
v 0.133751 0.238764 0.094107
v 0.131274 0.242435 0.098493
v 0.134747 0.236535 0.094528
v 0.132750 0.241882 0.096976
v 0.133928 0.240566 0.095689
v 0.134629 0.238689 0.094830
v 0.131353 0.242428 0.098589
v 0.135520 0.236468 0.095473
v 0.133094 0.241852 0.097397
v 0.134497 0.240517 0.096386
v 0.135349 0.238627 0.095711
v 0.131411 0.242423 0.098698
v 0.136094 0.236419 0.096552
v 0.133350 0.241830 0.097877
v 0.134921 0.240481 0.097181
v 0.135885 0.238581 0.096716
v 0.131447 0.242420 0.098817
v 0.136448 0.236388 0.097723
v 0.133507 0.241817 0.098398
v 0.135181 0.240458 0.098043
v 0.136214 0.238552 0.097806
v 0.131459 0.242419 0.098940
v 0.136568 0.236378 0.098940
v 0.133560 0.241812 0.098940
v 0.135269 0.240451 0.098940
v 0.136325 0.238543 0.098940
v 0.131447 0.242420 0.099064
v 0.136448 0.236388 0.100158
v 0.133507 0.241817 0.099482
v 0.135181 0.240458 0.099837
v 0.136214 0.238552 0.100075
v 0.131411 0.242423 0.099182
v 0.136094 0.236419 0.101328
v 0.133350 0.241830 0.100004
v 0.134921 0.240481 0.100700
v 0.135885 0.238581 0.101165
v 0.131353 0.242428 0.099292
v 0.135520 0.236468 0.102407
v 0.133094 0.241852 0.100484
v 0.134497 0.240517 0.101495
v 0.135349 0.238627 0.102170
v 0.131274 0.242435 0.099388
v 0.134747 0.236535 0.103353
v 0.132750 0.241882 0.100905
v 0.133928 0.240566 0.102192
v 0.134629 0.238689 0.103051
v 0.131179 0.242443 0.099466
v 0.133805 0.236616 0.104129
v 0.132330 0.241918 0.101251
v 0.133234 0.240626 0.102763
v 0.133751 0.238764 0.103774
v 0.131070 0.242453 0.099525
v 0.132730 0.236708 0.104706
v 0.131852 0.241959 0.101507
v 0.132442 0.240694 0.103188
v 0.132750 0.238850 0.104311
v 0.130952 0.242463 0.099561
v 0.131563 0.236809 0.105061
v 0.131332 0.242004 0.101665
v 0.131582 0.240768 0.103450
v 0.131663 0.238944 0.104642
v 0.130829 0.242473 0.099573
v 0.130350 0.236913 0.105181
v 0.130792 0.242050 0.101719
v 0.130689 0.240845 0.103538
v 0.130533 0.239041 0.104754
v 0.130706 0.242484 0.099561
v 0.129137 0.237017 0.105061
v 0.130252 0.242097 0.101665
v 0.129795 0.240922 0.103450
v 0.129403 0.239138 0.104642
v 0.130588 0.242494 0.099525
v 0.127971 0.237118 0.104706
v 0.129733 0.242141 0.101507
v 0.128936 0.240996 0.103188
v 0.128317 0.239232 0.104311
v 0.130479 0.242504 0.099466
v 0.126896 0.237210 0.104129
v 0.129254 0.242182 0.101251
v 0.128144 0.241064 0.102763
v 0.127315 0.239318 0.103774
v 0.130383 0.242512 0.099388
v 0.125954 0.237291 0.103353
v 0.128835 0.242219 0.100905
v 0.127449 0.241123 0.102192
v 0.126438 0.239393 0.103051
v 0.130305 0.242518 0.099292
v 0.125181 0.237358 0.102407
v 0.128491 0.242248 0.100484
v 0.126880 0.241172 0.101495
v 0.125717 0.239455 0.102170
v 0.130247 0.242524 0.099182
v 0.124606 0.237407 0.101328
v 0.128235 0.242270 0.100004
v 0.126456 0.241209 0.100700
v 0.125182 0.239501 0.101165
v 0.130211 0.242527 0.099064
v 0.124252 0.237438 0.100158
v 0.128077 0.242284 0.099482
v 0.126196 0.241231 0.099837
v 0.124853 0.239530 0.100075
v 0.130199 0.242528 0.098940
v 0.124133 0.237448 0.098940
v 0.128024 0.242288 0.098940
v 0.126108 0.241239 0.098940
v 0.124741 0.239539 0.098940
v 0.130211 0.242527 0.098817
v 0.124252 0.237438 0.097723
v 0.128077 0.242284 0.098398
v 0.126196 0.241231 0.098043
v 0.124853 0.239530 0.097806
v 0.130247 0.242524 0.098698
v 0.124606 0.237407 0.096552
v 0.128235 0.242270 0.097877
v 0.126456 0.241209 0.097181
v 0.125182 0.239501 0.096716
v 0.130305 0.242518 0.098589
v 0.125181 0.237358 0.095473
v 0.128491 0.242248 0.097397
v 0.126880 0.241172 0.096386
v 0.125717 0.239455 0.095711
v 0.130383 0.242512 0.098493
v 0.125954 0.237291 0.094528
v 0.128835 0.242219 0.096976
v 0.127449 0.241123 0.095689
v 0.126438 0.239393 0.094830
v 0.130479 0.242504 0.098415
v 0.126896 0.237210 0.093752
v 0.129254 0.242182 0.096630
v 0.128144 0.241064 0.095117
v 0.127315 0.239318 0.094107
v 0.130588 0.242494 0.098356
v 0.127971 0.237118 0.093175
v 0.129733 0.242141 0.096373
v 0.128936 0.240996 0.094693
v 0.128317 0.239232 0.093569
v 0.130706 0.242484 0.098320
v 0.129137 0.237017 0.092820
v 0.130252 0.242097 0.096215
v 0.129795 0.240922 0.094431
v 0.129403 0.239138 0.093239
v 0.110052 0.000935 0.091315
v 0.110147 0.002047 0.090195
v 0.110065 0.001084 0.090755
v 0.110100 0.001491 0.090345
v 0.111534 0.000808 0.091462
v 0.111847 0.001900 0.090363
v 0.111656 0.000947 0.090912
v 0.111770 0.001347 0.090510
v 0.112959 0.000685 0.091896
v 0.113482 0.001760 0.090860
v 0.113186 0.000816 0.091378
v 0.113377 0.001209 0.090999
v 0.114272 0.000572 0.092600
v 0.114988 0.001630 0.091669
v 0.114595 0.000694 0.092134
v 0.114858 0.001082 0.091793
v 0.115424 0.000473 0.093549
v 0.116309 0.001517 0.092756
v 0.115831 0.000588 0.093152
v 0.116155 0.000970 0.092862
v 0.116368 0.000392 0.094704
v 0.117393 0.001423 0.094081
v 0.116846 0.000501 0.094393
v 0.117220 0.000878 0.094165
v 0.117070 0.000332 0.096022
v 0.118198 0.001354 0.095593
v 0.117599 0.000436 0.095808
v 0.118012 0.000810 0.095651
v 0.117503 0.000294 0.097453
v 0.118694 0.001311 0.097234
v 0.118063 0.000396 0.097343
v 0.118499 0.000768 0.097263
v 0.117649 0.000282 0.098940
v 0.118861 0.001297 0.098940
v 0.118220 0.000383 0.098940
v 0.118664 0.000754 0.098940
v 0.117503 0.000294 0.100428
v 0.118694 0.001311 0.100647
v 0.118063 0.000396 0.100537
v 0.118499 0.000768 0.100617
v 0.117070 0.000332 0.101858
v 0.118198 0.001354 0.102287
v 0.117599 0.000436 0.102073
v 0.118012 0.000810 0.102230
v 0.116368 0.000392 0.103177
v 0.117393 0.001423 0.103799
v 0.116846 0.000501 0.103488
v 0.117220 0.000878 0.103716
v 0.115424 0.000473 0.104332
v 0.116309 0.001517 0.105125
v 0.115831 0.000588 0.104728
v 0.116155 0.000970 0.105018
v 0.114272 0.000572 0.105280
v 0.114988 0.001630 0.106212
v 0.114595 0.000694 0.105746
v 0.114858 0.001082 0.106087
v 0.112959 0.000685 0.105985
v 0.113482 0.001760 0.107020
v 0.113186 0.000816 0.106503
v 0.113377 0.001209 0.106882
v 0.111534 0.000808 0.106419
v 0.111847 0.001900 0.107518
v 0.111656 0.000947 0.106968
v 0.111770 0.001347 0.107371
v 0.110052 0.000935 0.106565
v 0.110147 0.002047 0.107686
v 0.110065 0.001084 0.107126
v 0.110100 0.001491 0.107536
v 0.108570 0.001063 0.106419
v 0.108447 0.002193 0.107518
v 0.108474 0.001221 0.106968
v 0.108429 0.001635 0.107371
v 0.107145 0.001185 0.105985
v 0.106813 0.002333 0.107020
v 0.106944 0.001353 0.106503
v 0.106822 0.001773 0.106882
v 0.105831 0.001298 0.105280
v 0.105306 0.002463 0.106212
v 0.105534 0.001474 0.105746
v 0.105342 0.001900 0.106087
v 0.104680 0.001397 0.104332
v 0.103986 0.002577 0.105125
v 0.104298 0.001580 0.104728
v 0.104044 0.002012 0.105018
v 0.103735 0.001479 0.103177
v 0.102902 0.002670 0.103799
v 0.103284 0.001667 0.103488
v 0.102979 0.002103 0.103716
v 0.103033 0.001539 0.101858
v 0.102097 0.002739 0.102287
v 0.102530 0.001732 0.102073
v 0.102188 0.002172 0.102230
v 0.102601 0.001576 0.100428
v 0.101601 0.002782 0.100647
v 0.102066 0.001772 0.100537
v 0.101700 0.002213 0.100617
v 0.102455 0.001589 0.098940
v 0.101434 0.002796 0.098940
v 0.101909 0.001786 0.098940
v 0.101536 0.002228 0.098940
v 0.102601 0.001576 0.097453
v 0.101601 0.002782 0.097234
v 0.102066 0.001772 0.097343
v 0.101700 0.002213 0.097263
v 0.103033 0.001539 0.096022
v 0.102097 0.002739 0.095593
v 0.102530 0.001732 0.095808
v 0.102188 0.002172 0.095651
v 0.103735 0.001479 0.094704
v 0.102902 0.002670 0.094081
v 0.103284 0.001667 0.094393
v 0.102979 0.002103 0.094165
v 0.104680 0.001397 0.093549
v 0.103986 0.002577 0.092756
v 0.104298 0.001580 0.093152
v 0.104044 0.002012 0.092862
v 0.105831 0.001298 0.092600
v 0.105306 0.002463 0.091669
v 0.105534 0.001474 0.092134
v 0.105342 0.001900 0.091793
v 0.107145 0.001185 0.091896
v 0.106813 0.002333 0.090860
v 0.106944 0.001353 0.091378
v 0.106822 0.001773 0.090999
v 0.108570 0.001063 0.091462
v 0.108448 0.002193 0.090363
v 0.108474 0.001221 0.090912
v 0.108429 0.001635 0.090510
v 0.110801 0.006876 0.097175
v 0.110801 0.006876 0.082163
v 0.112744 0.007131 0.097175
v 0.112744 0.007131 0.082163
v 0.114554 0.007881 0.097175
v 0.114554 0.007881 0.082163
v 0.116109 0.009074 0.097175
v 0.116109 0.009074 0.082163
v 0.117302 0.010628 0.097175
v 0.117302 0.010628 0.082163
v 0.118051 0.012439 0.097175
v 0.118051 0.012439 0.082163
v 0.118307 0.014381 0.097175
v 0.118307 0.014381 0.082163
v 0.118051 0.016324 0.097175
v 0.118051 0.016324 0.082163
v 0.117302 0.018134 0.097175
v 0.117302 0.018134 0.082163
v 0.116109 0.019689 0.097175
v 0.116109 0.019689 0.082163
v 0.114554 0.020882 0.097175
v 0.114554 0.020882 0.082163
v 0.112744 0.021631 0.097175
v 0.112744 0.021631 0.082163
v 0.110801 0.021887 0.097175
v 0.110801 0.021887 0.082163
v 0.108859 0.021631 0.097175
v 0.108859 0.021631 0.082163
v 0.107048 0.020882 0.097175
v 0.107048 0.020882 0.082163
v 0.105494 0.019689 0.097175
v 0.105494 0.019689 0.082163
v 0.104301 0.018134 0.097175
v 0.104301 0.018134 0.082163
v 0.103551 0.016324 0.097175
v 0.103551 0.016324 0.082163
v 0.103296 0.014381 0.097175
v 0.103296 0.014381 0.082163
v 0.103551 0.012439 0.097175
v 0.103551 0.012439 0.082163
v 0.104301 0.010628 0.097175
v 0.104301 0.010628 0.082163
v 0.105494 0.009074 0.097175
v 0.105494 0.009074 0.082163
v 0.107048 0.007881 0.097175
v 0.107048 0.007881 0.082163
v 0.108859 0.007131 0.097175
v 0.108859 0.007131 0.082163
v -0.113450 0.040444 0.090195
v -0.115150 0.040298 0.090363
v -0.116785 0.040157 0.090860
v -0.118291 0.040027 0.091669
v -0.119612 0.039914 0.092756
v -0.120695 0.039821 0.094081
v -0.121501 0.039751 0.095594
v -0.121997 0.039709 0.097234
v -0.122164 0.039694 0.098940
v -0.121997 0.039709 0.100647
v -0.121501 0.039751 0.102287
v -0.120695 0.039821 0.103799
v -0.119612 0.039914 0.105125
v -0.118291 0.040027 0.106212
v -0.116785 0.040157 0.107020
v -0.115150 0.040298 0.107518
v -0.113450 0.040444 0.107686
v -0.111750 0.040590 0.107518
v -0.110116 0.040731 0.107020
v -0.108609 0.040860 0.106212
v -0.107289 0.040974 0.105125
v -0.106205 0.041067 0.103799
v -0.105400 0.041136 0.102287
v -0.104904 0.041179 0.100647
v -0.104737 0.041193 0.098940
v -0.104904 0.041179 0.097234
v -0.105400 0.041136 0.095593
v -0.106205 0.041067 0.094081
v -0.107289 0.040974 0.092756
v -0.108609 0.040860 0.091669
v -0.110116 0.040731 0.090860
v -0.111750 0.040590 0.090363
v -0.118692 0.087173 0.092820
v -0.117479 0.087278 0.092700
v -0.119858 0.087073 0.093175
v -0.120933 0.086980 0.093752
v -0.121875 0.086899 0.094528
v -0.122648 0.086833 0.095473
v -0.123223 0.086783 0.096552
v -0.123577 0.086753 0.097723
v -0.123696 0.086743 0.098940
v -0.123577 0.086753 0.100158
v -0.123223 0.086783 0.101328
v -0.122648 0.086833 0.102407
v -0.121875 0.086899 0.103353
v -0.120933 0.086980 0.104129
v -0.119858 0.087073 0.104706
v -0.118692 0.087173 0.105061
v -0.117479 0.087278 0.105181
v -0.116266 0.087382 0.105061
v -0.115100 0.087482 0.104706
v -0.114025 0.087575 0.104129
v -0.113082 0.087656 0.103353
v -0.112309 0.087722 0.102407
v -0.111735 0.087772 0.101328
v -0.111381 0.087802 0.100158
v -0.111261 0.087812 0.098940
v -0.111381 0.087802 0.097723
v -0.111735 0.087772 0.096552
v -0.112309 0.087722 0.095473
v -0.113082 0.087656 0.094528
v -0.114025 0.087575 0.093752
v -0.115100 0.087482 0.093175
v -0.116266 0.087382 0.092820
v -0.130952 0.242463 0.098320
v -0.131563 0.236809 0.092820
v -0.131332 0.242004 0.096215
v -0.131582 0.240768 0.094431
v -0.131663 0.238944 0.093239
v -0.130350 0.236913 0.092700
v -0.130829 0.242473 0.098308
v -0.130533 0.239041 0.093127
v -0.130689 0.240845 0.094343
v -0.130792 0.242050 0.096162
v -0.131070 0.242453 0.098356
v -0.132730 0.236708 0.093175
v -0.131852 0.241959 0.096373
v -0.132442 0.240694 0.094693
v -0.132750 0.238850 0.093569
v -0.131179 0.242443 0.098415
v -0.133805 0.236616 0.093752
v -0.132330 0.241918 0.096630
v -0.133234 0.240626 0.095117
v -0.133751 0.238764 0.094107
v -0.131274 0.242435 0.098493
v -0.134747 0.236535 0.094528
v -0.132750 0.241882 0.096976
v -0.133928 0.240566 0.095689
v -0.134629 0.238689 0.094830
v -0.131353 0.242428 0.098589
v -0.135520 0.236468 0.095473
v -0.133094 0.241852 0.097397
v -0.134497 0.240517 0.096386
v -0.135349 0.238627 0.095711
v -0.131411 0.242423 0.098698
v -0.136094 0.236419 0.096552
v -0.133350 0.241830 0.097877
v -0.134921 0.240481 0.097181
v -0.135885 0.238581 0.096716
v -0.131447 0.242420 0.098817
v -0.136448 0.236388 0.097723
v -0.133507 0.241817 0.098398
v -0.135181 0.240458 0.098043
v -0.136214 0.238552 0.097806
v -0.131459 0.242419 0.098940
v -0.136568 0.236378 0.098940
v -0.133560 0.241812 0.098940
v -0.135269 0.240451 0.098940
v -0.136325 0.238543 0.098940
v -0.131447 0.242420 0.099064
v -0.136448 0.236388 0.100158
v -0.133507 0.241817 0.099482
v -0.135181 0.240458 0.099837
v -0.136214 0.238552 0.100075
v -0.131411 0.242423 0.099182
v -0.136094 0.236419 0.101328
v -0.133350 0.241830 0.100004
v -0.134921 0.240481 0.100700
v -0.135885 0.238581 0.101165
v -0.131353 0.242428 0.099292
v -0.135520 0.236468 0.102407
v -0.133094 0.241852 0.100484
v -0.134497 0.240517 0.101495
v -0.135349 0.238627 0.102170
v -0.131274 0.242435 0.099388
v -0.134747 0.236535 0.103353
v -0.132750 0.241882 0.100905
v -0.133928 0.240566 0.102192
v -0.134629 0.238689 0.103051
v -0.131179 0.242443 0.099466
v -0.133805 0.236616 0.104129
v -0.132330 0.241918 0.101251
v -0.133234 0.240626 0.102763
v -0.133751 0.238764 0.103774
v -0.131070 0.242453 0.099525
v -0.132730 0.236708 0.104706
v -0.131852 0.241959 0.101507
v -0.132442 0.240694 0.103188
v -0.132750 0.238850 0.104311
v -0.130952 0.242463 0.099561
v -0.131563 0.236809 0.105061
v -0.131332 0.242004 0.101665
v -0.131582 0.240768 0.103450
v -0.131663 0.238944 0.104642
v -0.130829 0.242473 0.099573
v -0.130350 0.236913 0.105181
v -0.130792 0.242050 0.101719
v -0.130689 0.240845 0.103538
v -0.130533 0.239041 0.104754
v -0.130706 0.242484 0.099561
v -0.129137 0.237017 0.105061
v -0.130252 0.242097 0.101665
v -0.129795 0.240922 0.103450
v -0.129403 0.239138 0.104642
v -0.130588 0.242494 0.099525
v -0.127971 0.237118 0.104706
v -0.129733 0.242141 0.101507
v -0.128936 0.240996 0.103188
v -0.128317 0.239232 0.104311
v -0.130479 0.242504 0.099466
v -0.126896 0.237210 0.104129
v -0.129254 0.242182 0.101251
v -0.128144 0.241064 0.102763
v -0.127315 0.239318 0.103774
v -0.130383 0.242512 0.099388
v -0.125954 0.237291 0.103353
v -0.128835 0.242219 0.100905
v -0.127449 0.241123 0.102192
v -0.126438 0.239393 0.103051
v -0.130305 0.242519 0.099292
v -0.125181 0.237358 0.102407
v -0.128491 0.242248 0.100484
v -0.126880 0.241172 0.101495
v -0.125717 0.239455 0.102170
v -0.130247 0.242523 0.099182
v -0.124606 0.237407 0.101328
v -0.128235 0.242270 0.100004
v -0.126456 0.241209 0.100700
v -0.125182 0.239501 0.101165
v -0.130211 0.242527 0.099064
v -0.124252 0.237438 0.100158
v -0.128077 0.242284 0.099482
v -0.126196 0.241231 0.099837
v -0.124853 0.239530 0.100075
v -0.130199 0.242528 0.098940
v -0.124133 0.237448 0.098940
v -0.128024 0.242288 0.098940
v -0.126108 0.241239 0.098940
v -0.124741 0.239539 0.098940
v -0.130211 0.242527 0.098817
v -0.124252 0.237438 0.097723
v -0.128077 0.242284 0.098398
v -0.126196 0.241231 0.098043
v -0.124853 0.239530 0.097806
v -0.130247 0.242523 0.098698
v -0.124606 0.237407 0.096552
v -0.128235 0.242270 0.097877
v -0.126456 0.241209 0.097181
v -0.125182 0.239501 0.096716
v -0.130305 0.242519 0.098589
v -0.125181 0.237358 0.095473
v -0.128491 0.242248 0.097397
v -0.126880 0.241172 0.096386
v -0.125717 0.239455 0.095711
v -0.130383 0.242512 0.098493
v -0.125954 0.237291 0.094528
v -0.128835 0.242219 0.096976
v -0.127449 0.241123 0.095689
v -0.126438 0.239393 0.094830
v -0.130479 0.242504 0.098415
v -0.126896 0.237210 0.093752
v -0.129254 0.242182 0.096630
v -0.128144 0.241064 0.095117
v -0.127316 0.239318 0.094107
v -0.130588 0.242494 0.098356
v -0.127971 0.237118 0.093175
v -0.129733 0.242141 0.096373
v -0.128936 0.240996 0.094693
v -0.128317 0.239232 0.093569
v -0.130706 0.242484 0.098320
v -0.129137 0.237017 0.092820
v -0.130252 0.242097 0.096215
v -0.129795 0.240922 0.094431
v -0.129403 0.239138 0.093239
v -0.110052 0.000935 0.091315
v -0.110147 0.002047 0.090195
v -0.110065 0.001084 0.090755
v -0.110100 0.001491 0.090345
v -0.111534 0.000808 0.091462
v -0.111847 0.001900 0.090363
v -0.111656 0.000947 0.090912
v -0.111770 0.001347 0.090510
v -0.112959 0.000685 0.091896
v -0.113482 0.001760 0.090860
v -0.113186 0.000816 0.091378
v -0.113377 0.001209 0.090999
v -0.114272 0.000572 0.092600
v -0.114988 0.001630 0.091669
v -0.114596 0.000694 0.092134
v -0.114858 0.001082 0.091793
v -0.115424 0.000473 0.093549
v -0.116309 0.001517 0.092756
v -0.115831 0.000588 0.093152
v -0.116155 0.000970 0.092862
v -0.116368 0.000392 0.094704
v -0.117393 0.001423 0.094081
v -0.116846 0.000501 0.094393
v -0.117220 0.000878 0.094165
v -0.117070 0.000332 0.096022
v -0.118198 0.001354 0.095594
v -0.117599 0.000436 0.095808
v -0.118012 0.000810 0.095651
v -0.117503 0.000294 0.097453
v -0.118694 0.001311 0.097234
v -0.118063 0.000396 0.097343
v -0.118499 0.000768 0.097263
v -0.117649 0.000282 0.098940
v -0.118861 0.001297 0.098940
v -0.118220 0.000383 0.098940
v -0.118664 0.000754 0.098940
v -0.117503 0.000294 0.100428
v -0.118694 0.001311 0.100647
v -0.118063 0.000396 0.100537
v -0.118499 0.000768 0.100617
v -0.117070 0.000332 0.101858
v -0.118198 0.001354 0.102287
v -0.117599 0.000436 0.102073
v -0.118012 0.000810 0.102230
v -0.116368 0.000392 0.103177
v -0.117393 0.001423 0.103799
v -0.116846 0.000501 0.103488
v -0.117220 0.000878 0.103716
v -0.115424 0.000473 0.104332
v -0.116309 0.001517 0.105125
v -0.115831 0.000588 0.104728
v -0.116155 0.000970 0.105018
v -0.114272 0.000572 0.105280
v -0.114988 0.001630 0.106212
v -0.114595 0.000694 0.105746
v -0.114858 0.001082 0.106087
v -0.112959 0.000685 0.105985
v -0.113482 0.001760 0.107020
v -0.113186 0.000816 0.106503
v -0.113377 0.001209 0.106882
v -0.111534 0.000808 0.106419
v -0.111847 0.001900 0.107518
v -0.111656 0.000947 0.106968
v -0.111770 0.001347 0.107371
v -0.110052 0.000935 0.106565
v -0.110147 0.002047 0.107686
v -0.110065 0.001084 0.107126
v -0.110100 0.001491 0.107536
v -0.108570 0.001063 0.106419
v -0.108448 0.002193 0.107518
v -0.108474 0.001221 0.106968
v -0.108429 0.001635 0.107371
v -0.107145 0.001185 0.105985
v -0.106813 0.002333 0.107020
v -0.106944 0.001353 0.106503
v -0.106822 0.001773 0.106882
v -0.105831 0.001298 0.105280
v -0.105306 0.002463 0.106212
v -0.105534 0.001474 0.105746
v -0.105342 0.001900 0.106087
v -0.104680 0.001397 0.104332
v -0.103986 0.002577 0.105125
v -0.104298 0.001580 0.104728
v -0.104044 0.002012 0.105018
v -0.103735 0.001479 0.103177
v -0.102902 0.002670 0.103799
v -0.103284 0.001667 0.103488
v -0.102979 0.002103 0.103716
v -0.103033 0.001539 0.101858
v -0.102097 0.002739 0.102287
v -0.102530 0.001732 0.102073
v -0.102188 0.002172 0.102230
v -0.102601 0.001576 0.100428
v -0.101601 0.002782 0.100647
v -0.102066 0.001772 0.100537
v -0.101700 0.002213 0.100617
v -0.102455 0.001589 0.098940
v -0.101434 0.002796 0.098940
v -0.101909 0.001786 0.098940
v -0.101536 0.002228 0.098940
v -0.102601 0.001576 0.097453
v -0.101601 0.002782 0.097234
v -0.102066 0.001772 0.097343
v -0.101700 0.002213 0.097263
v -0.103033 0.001539 0.096022
v -0.102097 0.002739 0.095593
v -0.102530 0.001732 0.095808
v -0.102188 0.002172 0.095651
v -0.103735 0.001479 0.094704
v -0.102902 0.002670 0.094081
v -0.103284 0.001667 0.094393
v -0.102979 0.002103 0.094165
v -0.104680 0.001397 0.093549
v -0.103986 0.002577 0.092756
v -0.104298 0.001580 0.093152
v -0.104044 0.002012 0.092862
v -0.105831 0.001298 0.092600
v -0.105306 0.002463 0.091669
v -0.105534 0.001474 0.092134
v -0.105342 0.001900 0.091793
v -0.107145 0.001185 0.091896
v -0.106813 0.002333 0.090860
v -0.106944 0.001353 0.091378
v -0.106822 0.001773 0.090999
v -0.108570 0.001063 0.091462
v -0.108448 0.002193 0.090363
v -0.108474 0.001221 0.090912
v -0.108429 0.001635 0.090510
v -0.110801 0.006876 0.097175
v -0.110801 0.006876 0.082163
v -0.112744 0.007131 0.097175
v -0.112744 0.007131 0.082163
v -0.114554 0.007881 0.097175
v -0.114554 0.007881 0.082163
v -0.116109 0.009074 0.097175
v -0.116109 0.009074 0.082163
v -0.117302 0.010628 0.097175
v -0.117302 0.010628 0.082163
v -0.118051 0.012439 0.097175
v -0.118051 0.012439 0.082163
v -0.118307 0.014381 0.097175
v -0.118307 0.014381 0.082163
v -0.118051 0.016324 0.097175
v -0.118051 0.016324 0.082163
v -0.117302 0.018134 0.097175
v -0.117302 0.018134 0.082163
v -0.116109 0.019689 0.097175
v -0.116109 0.019689 0.082163
v -0.114554 0.020882 0.097175
v -0.114554 0.020882 0.082163
v -0.112744 0.021631 0.097175
v -0.112744 0.021631 0.082163
v -0.110801 0.021887 0.097175
v -0.110801 0.021887 0.082163
v -0.108859 0.021631 0.097175
v -0.108859 0.021631 0.082163
v -0.107048 0.020882 0.097175
v -0.107048 0.020882 0.082163
v -0.105494 0.019689 0.097175
v -0.105494 0.019689 0.082163
v -0.104301 0.018134 0.097175
v -0.104301 0.018134 0.082163
v -0.103551 0.016324 0.097175
v -0.103551 0.016324 0.082163
v -0.103296 0.014381 0.097175
v -0.103296 0.014381 0.082163
v -0.103551 0.012439 0.097175
v -0.103551 0.012439 0.082163
v -0.104301 0.010628 0.097175
v -0.104301 0.010628 0.082163
v -0.105494 0.009074 0.097175
v -0.105494 0.009074 0.082163
v -0.107048 0.007881 0.097175
v -0.107048 0.007881 0.082163
v -0.108859 0.007131 0.097175
v -0.108859 0.007131 0.082163
vt 0.031250 0.514064
vt 0.031250 1.000000
vt 0.000000 1.000000
vt 0.000000 0.514064
vt 0.937500 0.514064
vt 0.937500 1.000000
vt 0.906250 1.000000
vt 0.906250 0.514064
vt 0.875000 1.000000
vt 0.875000 0.514064
vt 0.843750 1.000000
vt 0.843750 0.514064
vt 0.812500 1.000000
vt 0.812500 0.514064
vt 0.781250 1.000000
vt 0.781250 0.514064
vt 0.750000 1.000000
vt 0.750000 0.514064
vt 0.718750 1.000000
vt 0.718750 0.514064
vt 0.687500 1.000000
vt 0.687500 0.514064
vt 0.656250 1.000000
vt 0.656250 0.514064
vt 0.625000 1.000000
vt 0.625000 0.514064
vt 0.593750 1.000000
vt 0.593750 0.514064
vt 0.562500 1.000000
vt 0.562500 0.514064
vt 0.531250 1.000000
vt 0.531250 0.514064
vt 0.500000 1.000000
vt 0.500000 0.514064
vt 0.468750 1.000000
vt 0.468750 0.514064
vt 0.437500 1.000000
vt 0.437500 0.514064
vt 0.406250 1.000000
vt 0.406250 0.514064
vt 0.375000 1.000000
vt 0.375000 0.514064
vt 0.343750 1.000000
vt 0.343750 0.514064
vt 0.312500 1.000000
vt 0.312500 0.514064
vt 0.281250 1.000000
vt 0.281250 0.514064
vt 0.250000 1.000000
vt 0.250000 0.514064
vt 0.218750 1.000000
vt 0.218750 0.514064
vt 0.187500 1.000000
vt 0.187500 0.514064
vt 0.156250 1.000000
vt 0.156250 0.514064
vt 0.125000 1.000000
vt 0.125000 0.514064
vt 0.093750 1.000000
vt 0.093750 0.514064
vt 0.062500 1.000000
vt 0.062500 0.514064
vt 0.593750 1.000000
vt 0.562500 1.000000
vt 0.968750 0.514064
vt 0.968750 1.000000
vt 1.000000 0.514064
vt 1.000000 1.000000
vt 0.593750 1.000000
vt 0.562500 1.000000
vt 0.312500 1.000000
vt 0.281250 1.000000
vt 1.000000 1.000000
vt 0.968750 1.000000
vt 0.031250 1.000000
vt 0.000000 1.000000
vt 0.718750 1.000000
vt 0.687500 1.000000
vt 0.437500 1.000000
vt 0.406250 1.000000
vt 0.156250 1.000000
vt 0.125000 1.000000
vt 0.843750 1.000000
vt 0.812500 1.000000
vt 0.531250 1.000000
vt 0.250000 1.000000
vt 0.937500 1.000000
vt 0.656250 1.000000
vt 0.375000 1.000000
vt 0.093750 1.000000
vt 0.781250 1.000000
vt 0.500000 1.000000
vt 0.218750 1.000000
vt 0.906250 1.000000
vt 0.625000 1.000000
vt 0.343750 1.000000
vt 0.062500 1.000000
vt 0.750000 1.000000
vt 0.468750 1.000000
vt 0.187500 1.000000
vt 0.875000 1.000000
vt 0.968750 1.000000
vt 0.937500 1.000000
vt 0.156250 1.000000
vt 0.125000 1.000000
vt 0.531250 1.000000
vt 0.254745 0.273854
vt 0.250000 0.274322
vt 0.245255 0.273854
vt 0.240693 0.272470
vt 0.236488 0.270223
vt 0.232802 0.267198
vt 0.229777 0.263512
vt 0.227530 0.259307
vt 0.226146 0.254745
vt 0.225678 0.250000
vt 0.226146 0.245255
vt 0.227530 0.240693
vt 0.229778 0.236488
vt 0.232802 0.232802
vt 0.236488 0.229777
vt 0.240693 0.227530
vt 0.245255 0.226146
vt 0.250000 0.225678
vt 0.254745 0.226146
vt 0.259307 0.227530
vt 0.263512 0.229777
vt 0.267198 0.232802
vt 0.270223 0.236488
vt 0.272470 0.240692
vt 0.273854 0.245255
vt 0.274321 0.250000
vt 0.273854 0.254745
vt 0.272470 0.259307
vt 0.270223 0.263512
vt 0.267198 0.267198
vt 0.263512 0.270223
vt 0.259307 0.272470
vt 0.093750 1.000000
vt 0.500000 1.000000
vt 0.031250 1.000000
vt 0.000000 1.000000
vt 0.062500 1.000000
vt 0.468750 1.000000
vt 0.906250 1.000000
vt 0.875000 1.000000
vt 0.437500 1.000000
vt 0.843750 1.000000
vt 0.406250 1.000000
vt 0.812500 1.000000
vt 0.375000 1.000000
vt 0.781250 1.000000
vt 0.343750 1.000000
vt 0.750000 1.000000
vt 0.312500 1.000000
vt 0.718750 1.000000
vt 0.281250 1.000000
vt 0.718750 1.000000
vt 0.687500 1.000000
vt 0.250000 1.000000
vt 0.656250 1.000000
vt 0.218750 1.000000
vt 0.625000 1.000000
vt 0.187500 1.000000
vt 1.000000 1.000000
vt 0.998931 1.000000
vt 0.969819 1.000000
vt 0.995887 1.000000
vt 0.972863 1.000000
vt 0.290660 0.485995
vt 0.256162 0.489393
vt 0.250000 0.356858
vt 0.270847 0.354805
vt 0.967681 1.000000
vt 0.938569 1.000000
vt 0.964637 1.000000
vt 0.941613 1.000000
vt 0.335919 0.473528
vt 0.302747 0.483591
vt 0.290893 0.348724
vt 0.936431 1.000000
vt 0.907319 1.000000
vt 0.933387 1.000000
vt 0.910363 1.000000
vt 0.377876 0.452472
vt 0.347305 0.468812
vt 0.309367 0.338849
vt 0.905181 1.000000
vt 0.876069 1.000000
vt 0.902137 1.000000
vt 0.879113 1.000000
vt 0.414919 0.423634
vt 0.388123 0.445625
vt 0.325560 0.325560
vt 0.873931 1.000000
vt 0.844819 1.000000
vt 0.870887 1.000000
vt 0.847863 1.000000
vt 0.445625 0.388123
vt 0.423634 0.414919
vt 0.338849 0.309367
vt 0.842681 1.000000
vt 0.813569 1.000000
vt 0.839637 1.000000
vt 0.816613 1.000000
vt 0.468812 0.347305
vt 0.452471 0.377876
vt 0.348724 0.290893
vt 0.811431 1.000000
vt 0.782319 1.000000
vt 0.808387 1.000000
vt 0.785363 1.000000
vt 0.483591 0.302747
vt 0.473528 0.335919
vt 0.354805 0.270847
vt 0.780181 1.000000
vt 0.751069 1.000000
vt 0.777137 1.000000
vt 0.754113 1.000000
vt 0.489393 0.256162
vt 0.485995 0.290660
vt 0.356858 0.250000
vt 0.748931 1.000000
vt 0.719819 1.000000
vt 0.745887 1.000000
vt 0.722863 1.000000
vt 0.485995 0.209340
vt 0.489393 0.243838
vt 0.354805 0.229153
vt 0.717681 1.000000
vt 0.688569 1.000000
vt 0.714637 1.000000
vt 0.691613 1.000000
vt 0.473528 0.164081
vt 0.483591 0.197253
vt 0.348724 0.209107
vt 0.686431 1.000000
vt 0.657319 1.000000
vt 0.683387 1.000000
vt 0.660363 1.000000
vt 0.452472 0.122124
vt 0.468812 0.152695
vt 0.338849 0.190633
vt 0.655181 1.000000
vt 0.626069 1.000000
vt 0.652137 1.000000
vt 0.629113 1.000000
vt 0.423634 0.085081
vt 0.445625 0.111877
vt 0.325560 0.174440
vt 0.623931 1.000000
vt 0.594819 1.000000
vt 0.620887 1.000000
vt 0.597863 1.000000
vt 0.388123 0.054375
vt 0.414919 0.076366
vt 0.309367 0.161151
vt 0.592681 1.000000
vt 0.563569 1.000000
vt 0.589637 1.000000
vt 0.566613 1.000000
vt 0.347305 0.031188
vt 0.377876 0.047528
vt 0.290893 0.151276
vt 0.561431 1.000000
vt 0.532319 1.000000
vt 0.558387 1.000000
vt 0.535363 1.000000
vt 0.302747 0.016409
vt 0.335919 0.026471
vt 0.270847 0.145195
vt 0.530181 1.000000
vt 0.501069 1.000000
vt 0.527137 1.000000
vt 0.504113 1.000000
vt 0.256162 0.010607
vt 0.290660 0.014005
vt 0.250000 0.143142
vt 0.498931 1.000000
vt 0.469819 1.000000
vt 0.495887 1.000000
vt 0.472863 1.000000
vt 0.209340 0.014005
vt 0.243838 0.010607
vt 0.229153 0.145195
vt 0.467681 1.000000
vt 0.438569 1.000000
vt 0.464637 1.000000
vt 0.441613 1.000000
vt 0.164081 0.026472
vt 0.197253 0.016409
vt 0.209107 0.151276
vt 0.436431 1.000000
vt 0.407319 1.000000
vt 0.433387 1.000000
vt 0.410363 1.000000
vt 0.122124 0.047529
vt 0.152695 0.031188
vt 0.190633 0.161151
vt 0.405181 1.000000
vt 0.376069 1.000000
vt 0.402137 1.000000
vt 0.379113 1.000000
vt 0.085081 0.076366
vt 0.111877 0.054375
vt 0.174440 0.174440
vt 0.373931 1.000000
vt 0.344819 1.000000
vt 0.370887 1.000000
vt 0.347863 1.000000
vt 0.054375 0.111877
vt 0.076366 0.085081
vt 0.161151 0.190633
vt 0.342681 1.000000
vt 0.313569 1.000000
vt 0.339637 1.000000
vt 0.316613 1.000000
vt 0.031188 0.152695
vt 0.047528 0.122124
vt 0.151276 0.209107
vt 0.311431 1.000000
vt 0.282319 1.000000
vt 0.308387 1.000000
vt 0.285363 1.000000
vt 0.016409 0.197253
vt 0.026471 0.164081
vt 0.145195 0.229153
vt 0.280181 1.000000
vt 0.251069 1.000000
vt 0.277137 1.000000
vt 0.254113 1.000000
vt 0.010607 0.243838
vt 0.014005 0.209341
vt 0.143142 0.250000
vt 0.248931 1.000000
vt 0.219819 1.000000
vt 0.245887 1.000000
vt 0.222863 1.000000
vt 0.014005 0.290660
vt 0.010607 0.256162
vt 0.145195 0.270847
vt 0.217681 1.000000
vt 0.188569 1.000000
vt 0.214637 1.000000
vt 0.191613 1.000000
vt 0.026472 0.335919
vt 0.016409 0.302747
vt 0.151276 0.290893
vt 0.186431 1.000000
vt 0.157319 1.000000
vt 0.183387 1.000000
vt 0.160363 1.000000
vt 0.047529 0.377876
vt 0.031188 0.347305
vt 0.161151 0.309367
vt 0.155181 1.000000
vt 0.126069 1.000000
vt 0.152137 1.000000
vt 0.129113 1.000000
vt 0.076367 0.414920
vt 0.054376 0.388123
vt 0.174440 0.325560
vt 0.123931 1.000000
vt 0.094819 1.000000
vt 0.120887 1.000000
vt 0.097863 1.000000
vt 0.111877 0.445625
vt 0.085081 0.423634
vt 0.190633 0.338849
vt 0.092681 1.000000
vt 0.063569 1.000000
vt 0.089637 1.000000
vt 0.066613 1.000000
vt 0.152696 0.468812
vt 0.122124 0.452472
vt 0.209107 0.348724
vt 0.061431 1.000000
vt 0.032319 1.000000
vt 0.058387 1.000000
vt 0.035363 1.000000
vt 0.197253 0.483591
vt 0.164081 0.473529
vt 0.229153 0.354805
vt 0.030181 1.000000
vt 0.001069 1.000000
vt 0.027137 1.000000
vt 0.004113 1.000000
vt 0.243838 0.489393
vt 0.209341 0.485995
vt 0.969018 0.507032
vt 0.999732 0.507032
vt 0.969751 0.500000
vt 0.998999 0.500000
vt 0.750000 0.474621
vt 0.793821 0.470305
vt 0.790821 0.455222
vt 0.750000 0.459243
vt 0.937768 0.507032
vt 0.968482 0.507032
vt 0.938501 0.500000
vt 0.967749 0.500000
vt 0.835959 0.457523
vt 0.830074 0.443315
vt 0.906518 0.507032
vt 0.937232 0.507032
vt 0.907251 0.500000
vt 0.936499 0.500000
vt 0.874793 0.436766
vt 0.866249 0.423979
vt 0.875268 0.507032
vt 0.905982 0.507032
vt 0.876001 0.500000
vt 0.905249 0.500000
vt 0.908831 0.408831
vt 0.897957 0.397957
vt 0.844018 0.507032
vt 0.874732 0.507032
vt 0.844751 0.500000
vt 0.873999 0.500000
vt 0.936766 0.374793
vt 0.923979 0.366249
vt 0.812768 0.507032
vt 0.843482 0.507032
vt 0.813501 0.500000
vt 0.842749 0.500000
vt 0.957523 0.335959
vt 0.943315 0.330074
vt 0.781518 0.507032
vt 0.812232 0.507032
vt 0.782251 0.500000
vt 0.811499 0.500000
vt 0.970305 0.293821
vt 0.955222 0.290821
vt 0.750268 0.507032
vt 0.780982 0.507032
vt 0.751001 0.500000
vt 0.780249 0.500000
vt 0.974621 0.250000
vt 0.959243 0.250000
vt 0.719018 0.507032
vt 0.749732 0.507032
vt 0.719751 0.500000
vt 0.748999 0.500000
vt 0.970305 0.206179
vt 0.955222 0.209179
vt 0.687768 0.507032
vt 0.718482 0.507032
vt 0.688501 0.500000
vt 0.717749 0.500000
vt 0.957523 0.164041
vt 0.943315 0.169926
vt 0.656518 0.507032
vt 0.687232 0.507032
vt 0.657251 0.500000
vt 0.686499 0.500000
vt 0.936766 0.125207
vt 0.923979 0.133751
vt 0.625268 0.507032
vt 0.655982 0.507032
vt 0.626001 0.500000
vt 0.655249 0.500000
vt 0.908831 0.091169
vt 0.897957 0.102043
vt 0.594018 0.507032
vt 0.624732 0.507032
vt 0.594751 0.500000
vt 0.623999 0.500000
vt 0.874793 0.063234
vt 0.866249 0.076021
vt 0.562768 0.507032
vt 0.593482 0.507032
vt 0.563501 0.500000
vt 0.592749 0.500000
vt 0.835959 0.042477
vt 0.830074 0.056685
vt 0.531518 0.507032
vt 0.562232 0.507032
vt 0.532251 0.500000
vt 0.561499 0.500000
vt 0.793821 0.029695
vt 0.790821 0.044778
vt 0.500268 0.507032
vt 0.530982 0.507032
vt 0.501001 0.500000
vt 0.530249 0.500000
vt 0.750000 0.025379
vt 0.750000 0.040757
vt 0.469018 0.507032
vt 0.499732 0.507032
vt 0.469751 0.500000
vt 0.498999 0.500000
vt 0.706178 0.029695
vt 0.709179 0.044778
vt 0.437768 0.507032
vt 0.468482 0.507032
vt 0.438501 0.500000
vt 0.467749 0.500000
vt 0.664041 0.042477
vt 0.669926 0.056685
vt 0.406518 0.507032
vt 0.437232 0.507032
vt 0.407251 0.500000
vt 0.436499 0.500000
vt 0.625207 0.063234
vt 0.633751 0.076021
vt 0.375268 0.507032
vt 0.405982 0.507032
vt 0.376001 0.500000
vt 0.405249 0.500000
vt 0.591169 0.091169
vt 0.602043 0.102043
vt 0.344018 0.507032
vt 0.374732 0.507032
vt 0.344751 0.500000
vt 0.373999 0.500000
vt 0.563234 0.125207
vt 0.576021 0.133751
vt 0.312768 0.507032
vt 0.343482 0.507032
vt 0.313501 0.500000
vt 0.342749 0.500000
vt 0.542477 0.164041
vt 0.556685 0.169926
vt 0.281518 0.507032
vt 0.312232 0.507032
vt 0.282251 0.500000
vt 0.311499 0.500000
vt 0.529695 0.206179
vt 0.544778 0.209179
vt 0.250268 0.507032
vt 0.280982 0.507032
vt 0.251001 0.500000
vt 0.280249 0.500000
vt 0.525379 0.250000
vt 0.540757 0.250000
vt 0.219018 0.507032
vt 0.249732 0.507032
vt 0.219751 0.500000
vt 0.248999 0.500000
vt 0.529695 0.293822
vt 0.544778 0.290821
vt 0.187768 0.507032
vt 0.218482 0.507032
vt 0.188501 0.500000
vt 0.217749 0.500000
vt 0.542477 0.335959
vt 0.556685 0.330074
vt 0.156518 0.507032
vt 0.187232 0.507032
vt 0.157251 0.500000
vt 0.186499 0.500000
vt 0.563234 0.374793
vt 0.576021 0.366249
vt 0.125268 0.507032
vt 0.155982 0.507032
vt 0.126001 0.500000
vt 0.155249 0.500000
vt 0.591169 0.408832
vt 0.602043 0.397957
vt 0.094018 0.507032
vt 0.124732 0.507032
vt 0.094751 0.500000
vt 0.123999 0.500000
vt 0.625207 0.436766
vt 0.633751 0.423979
vt 0.062768 0.507032
vt 0.093482 0.507032
vt 0.063501 0.500000
vt 0.092749 0.500000
vt 0.664041 0.457523
vt 0.669927 0.443315
vt 0.031518 0.507032
vt 0.062232 0.507032
vt 0.032251 0.500000
vt 0.061499 0.500000
vt 0.706179 0.470305
vt 0.709179 0.455222
vt 0.000268 0.507032
vt 0.030982 0.507032
vt 0.001001 0.500000
vt 0.030249 0.500000
vt 1.000000 0.500000
vt 1.000000 1.000000
vt 0.958333 1.000000
vt 0.958333 0.500000
vt 0.916667 1.000000
vt 0.916667 0.500000
vt 0.875000 1.000000
vt 0.875000 0.500000
vt 0.833333 1.000000
vt 0.833333 0.500000
vt 0.791667 1.000000
vt 0.791667 0.500000
vt 0.750000 1.000000
vt 0.750000 0.500000
vt 0.708333 1.000000
vt 0.708333 0.500000
vt 0.666667 1.000000
vt 0.666667 0.500000
vt 0.625000 1.000000
vt 0.625000 0.500000
vt 0.583333 1.000000
vt 0.583333 0.500000
vt 0.541666 1.000000
vt 0.541666 0.500000
vt 0.500000 1.000000
vt 0.500000 0.500000
vt 0.458333 1.000000
vt 0.458333 0.500000
vt 0.416666 1.000000
vt 0.416666 0.500000
vt 0.375000 1.000000
vt 0.375000 0.500000
vt 0.333333 1.000000
vt 0.333333 0.500000
vt 0.291667 1.000000
vt 0.291667 0.500000
vt 0.250000 1.000000
vt 0.250000 0.500000
vt 0.208333 1.000000
vt 0.208333 0.500000
vt 0.166666 1.000000
vt 0.166666 0.500000
vt 0.125000 1.000000
vt 0.125000 0.500000
vt 0.083333 1.000000
vt 0.083333 0.500000
vt 0.041666 1.000000
vt 0.041666 0.500000
vt -0.000000 1.000000
vt -0.000000 0.500000
vt 0.031250 0.514064
vt 0.000000 0.514064
vt 0.000000 1.000000
vt 0.031250 1.000000
vt 0.937500 0.514064
vt 0.906250 0.514064
vt 0.906250 1.000000
vt 0.937500 1.000000
vt 0.875000 0.514064
vt 0.875000 1.000000
vt 0.843750 0.514064
vt 0.843750 1.000000
vt 0.812500 0.514064
vt 0.812500 1.000000
vt 0.781250 0.514064
vt 0.781250 1.000000
vt 0.750000 0.514064
vt 0.750000 1.000000
vt 0.718750 0.514064
vt 0.718750 1.000000
vt 0.687500 0.514064
vt 0.687500 1.000000
vt 0.656250 0.514064
vt 0.656250 1.000000
vt 0.625000 0.514064
vt 0.625000 1.000000
vt 0.593750 0.514064
vt 0.593750 1.000000
vt 0.562500 0.514064
vt 0.562500 1.000000
vt 0.531250 0.514064
vt 0.531250 1.000000
vt 0.500000 0.514064
vt 0.500000 1.000000
vt 0.468750 0.514064
vt 0.468750 1.000000
vt 0.437500 0.514064
vt 0.437500 1.000000
vt 0.406250 0.514064
vt 0.406250 1.000000
vt 0.375000 0.514064
vt 0.375000 1.000000
vt 0.343750 0.514064
vt 0.343750 1.000000
vt 0.312500 0.514064
vt 0.312500 1.000000
vt 0.281250 0.514064
vt 0.281250 1.000000
vt 0.250000 0.514064
vt 0.250000 1.000000
vt 0.218750 0.514064
vt 0.218750 1.000000
vt 0.187500 0.514064
vt 0.187500 1.000000
vt 0.156250 0.514064
vt 0.156250 1.000000
vt 0.125000 0.514064
vt 0.125000 1.000000
vt 0.093750 0.514064
vt 0.093750 1.000000
vt 0.062500 0.514064
vt 0.062500 1.000000
vt 0.562500 1.000000
vt 0.593750 1.000000
vt 0.968750 0.514064
vt 0.968750 1.000000
vt 1.000000 0.514064
vt 1.000000 1.000000
vt 0.562500 1.000000
vt 0.593750 1.000000
vt 0.281250 1.000000
vt 0.312500 1.000000
vt 0.968750 1.000000
vt 1.000000 1.000000
vt 0.000000 1.000000
vt 0.031250 1.000000
vt 0.687500 1.000000
vt 0.718750 1.000000
vt 0.406250 1.000000
vt 0.437500 1.000000
vt 0.125000 1.000000
vt 0.156250 1.000000
vt 0.812500 1.000000
vt 0.843750 1.000000
vt 0.531250 1.000000
vt 0.250000 1.000000
vt 0.937500 1.000000
vt 0.656250 1.000000
vt 0.375000 1.000000
vt 0.093750 1.000000
vt 0.781250 1.000000
vt 0.500000 1.000000
vt 0.218750 1.000000
vt 0.906250 1.000000
vt 0.625000 1.000000
vt 0.343750 1.000000
vt 0.062500 1.000000
vt 0.750000 1.000000
vt 0.468750 1.000000
vt 0.187500 1.000000
vt 0.875000 1.000000
vt 0.937500 1.000000
vt 0.968750 1.000000
vt 0.125000 1.000000
vt 0.156250 1.000000
vt 0.531250 1.000000
vt 0.254745 0.273854
vt 0.259307 0.272470
vt 0.263512 0.270223
vt 0.267198 0.267198
vt 0.270223 0.263512
vt 0.272470 0.259307
vt 0.273854 0.254745
vt 0.274321 0.250000
vt 0.273854 0.245255
vt 0.272470 0.240692
vt 0.270223 0.236488
vt 0.267198 0.232802
vt 0.263512 0.229777
vt 0.259307 0.227530
vt 0.254745 0.226146
vt 0.250000 0.225678
vt 0.245255 0.226146
vt 0.240693 0.227530
vt 0.236488 0.229777
vt 0.232802 0.232802
vt 0.229778 0.236488
vt 0.227530 0.240693
vt 0.226146 0.245255
vt 0.225678 0.250000
vt 0.226146 0.254745
vt 0.227530 0.259307
vt 0.229777 0.263512
vt 0.232802 0.267198
vt 0.236488 0.270223
vt 0.240693 0.272470
vt 0.245255 0.273854
vt 0.250000 0.274322
vt 0.093750 1.000000
vt 0.500000 1.000000
vt 0.000000 1.000000
vt 0.031250 1.000000
vt 0.062500 1.000000
vt 0.468750 1.000000
vt 0.875000 1.000000
vt 0.906250 1.000000
vt 0.437500 1.000000
vt 0.843750 1.000000
vt 0.406250 1.000000
vt 0.812500 1.000000
vt 0.375000 1.000000
vt 0.781250 1.000000
vt 0.343750 1.000000
vt 0.750000 1.000000
vt 0.312500 1.000000
vt 0.718750 1.000000
vt 0.281250 1.000000
vt 0.687500 1.000000
vt 0.718750 1.000000
vt 0.250000 1.000000
vt 0.656250 1.000000
vt 0.218750 1.000000
vt 0.625000 1.000000
vt 0.187500 1.000000
vt 0.969819 1.000000
vt 0.998931 1.000000
vt 1.000000 1.000000
vt 0.972863 1.000000
vt 0.995887 1.000000
vt 0.290660 0.485995
vt 0.270847 0.354805
vt 0.250000 0.356858
vt 0.256162 0.489393
vt 0.938569 1.000000
vt 0.967681 1.000000
vt 0.941613 1.000000
vt 0.964637 1.000000
vt 0.335919 0.473528
vt 0.290893 0.348724
vt 0.302747 0.483591
vt 0.907319 1.000000
vt 0.936431 1.000000
vt 0.910363 1.000000
vt 0.933387 1.000000
vt 0.377876 0.452472
vt 0.309367 0.338849
vt 0.347305 0.468812
vt 0.876069 1.000000
vt 0.905181 1.000000
vt 0.879113 1.000000
vt 0.902137 1.000000
vt 0.414919 0.423634
vt 0.325560 0.325560
vt 0.388123 0.445625
vt 0.844819 1.000000
vt 0.873931 1.000000
vt 0.847863 1.000000
vt 0.870887 1.000000
vt 0.445625 0.388123
vt 0.338849 0.309367
vt 0.423634 0.414919
vt 0.813569 1.000000
vt 0.842681 1.000000
vt 0.816613 1.000000
vt 0.839637 1.000000
vt 0.468812 0.347305
vt 0.348724 0.290893
vt 0.452471 0.377876
vt 0.782319 1.000000
vt 0.811431 1.000000
vt 0.785363 1.000000
vt 0.808387 1.000000
vt 0.483591 0.302747
vt 0.354805 0.270847
vt 0.473528 0.335919
vt 0.751069 1.000000
vt 0.780181 1.000000
vt 0.754113 1.000000
vt 0.777137 1.000000
vt 0.489393 0.256162
vt 0.356858 0.250000
vt 0.485995 0.290660
vt 0.719819 1.000000
vt 0.748931 1.000000
vt 0.722863 1.000000
vt 0.745887 1.000000
vt 0.485995 0.209340
vt 0.354805 0.229153
vt 0.489393 0.243838
vt 0.688569 1.000000
vt 0.717681 1.000000
vt 0.691613 1.000000
vt 0.714637 1.000000
vt 0.473528 0.164081
vt 0.348724 0.209107
vt 0.483591 0.197253
vt 0.657319 1.000000
vt 0.686431 1.000000
vt 0.660363 1.000000
vt 0.683387 1.000000
vt 0.452472 0.122124
vt 0.338849 0.190633
vt 0.468812 0.152695
vt 0.626069 1.000000
vt 0.655181 1.000000
vt 0.629113 1.000000
vt 0.652137 1.000000
vt 0.423634 0.085081
vt 0.325560 0.174440
vt 0.445625 0.111877
vt 0.594819 1.000000
vt 0.623931 1.000000
vt 0.597863 1.000000
vt 0.620887 1.000000
vt 0.388123 0.054375
vt 0.309367 0.161151
vt 0.414919 0.076366
vt 0.563569 1.000000
vt 0.592681 1.000000
vt 0.566613 1.000000
vt 0.589637 1.000000
vt 0.347305 0.031188
vt 0.290893 0.151276
vt 0.377876 0.047528
vt 0.532319 1.000000
vt 0.561431 1.000000
vt 0.535363 1.000000
vt 0.558387 1.000000
vt 0.302747 0.016409
vt 0.270847 0.145195
vt 0.335919 0.026471
vt 0.501069 1.000000
vt 0.530181 1.000000
vt 0.504113 1.000000
vt 0.527137 1.000000
vt 0.256162 0.010607
vt 0.250000 0.143142
vt 0.290660 0.014005
vt 0.469819 1.000000
vt 0.498931 1.000000
vt 0.472863 1.000000
vt 0.495887 1.000000
vt 0.209340 0.014005
vt 0.229153 0.145195
vt 0.243838 0.010607
vt 0.438569 1.000000
vt 0.467681 1.000000
vt 0.441613 1.000000
vt 0.464637 1.000000
vt 0.164081 0.026472
vt 0.209107 0.151276
vt 0.197253 0.016409
vt 0.407319 1.000000
vt 0.436431 1.000000
vt 0.410363 1.000000
vt 0.433387 1.000000
vt 0.122124 0.047529
vt 0.190633 0.161151
vt 0.152695 0.031188
vt 0.376069 1.000000
vt 0.405181 1.000000
vt 0.379113 1.000000
vt 0.402137 1.000000
vt 0.085081 0.076366
vt 0.174440 0.174440
vt 0.111877 0.054375
vt 0.344819 1.000000
vt 0.373931 1.000000
vt 0.347863 1.000000
vt 0.370887 1.000000
vt 0.054375 0.111877
vt 0.161151 0.190633
vt 0.076366 0.085081
vt 0.313569 1.000000
vt 0.342681 1.000000
vt 0.316613 1.000000
vt 0.339637 1.000000
vt 0.031188 0.152695
vt 0.151276 0.209107
vt 0.047528 0.122124
vt 0.282319 1.000000
vt 0.311431 1.000000
vt 0.285363 1.000000
vt 0.308387 1.000000
vt 0.016409 0.197253
vt 0.145195 0.229153
vt 0.026471 0.164081
vt 0.251069 1.000000
vt 0.280181 1.000000
vt 0.254113 1.000000
vt 0.277137 1.000000
vt 0.010607 0.243838
vt 0.143142 0.250000
vt 0.014005 0.209341
vt 0.219819 1.000000
vt 0.248931 1.000000
vt 0.222863 1.000000
vt 0.245887 1.000000
vt 0.014005 0.290660
vt 0.145195 0.270847
vt 0.010607 0.256162
vt 0.188569 1.000000
vt 0.217681 1.000000
vt 0.191613 1.000000
vt 0.214637 1.000000
vt 0.026472 0.335919
vt 0.151276 0.290893
vt 0.016409 0.302747
vt 0.157319 1.000000
vt 0.186431 1.000000
vt 0.160363 1.000000
vt 0.183387 1.000000
vt 0.047529 0.377876
vt 0.161151 0.309367
vt 0.031188 0.347305
vt 0.126069 1.000000
vt 0.155181 1.000000
vt 0.129113 1.000000
vt 0.152137 1.000000
vt 0.076367 0.414920
vt 0.174440 0.325560
vt 0.054376 0.388123
vt 0.094819 1.000000
vt 0.123931 1.000000
vt 0.097863 1.000000
vt 0.120887 1.000000
vt 0.111877 0.445625
vt 0.190633 0.338849
vt 0.085081 0.423634
vt 0.063569 1.000000
vt 0.092681 1.000000
vt 0.066613 1.000000
vt 0.089637 1.000000
vt 0.152696 0.468812
vt 0.209107 0.348724
vt 0.122124 0.452472
vt 0.032319 1.000000
vt 0.061431 1.000000
vt 0.035363 1.000000
vt 0.058387 1.000000
vt 0.197253 0.483591
vt 0.229153 0.354805
vt 0.164081 0.473529
vt 0.001069 1.000000
vt 0.030181 1.000000
vt 0.004113 1.000000
vt 0.027137 1.000000
vt 0.243838 0.489393
vt 0.209341 0.485995
vt 0.999732 0.507032
vt 0.969018 0.507032
vt 0.998999 0.500000
vt 0.969751 0.500000
vt 0.750000 0.474621
vt 0.750000 0.459243
vt 0.790821 0.455222
vt 0.793821 0.470305
vt 0.968482 0.507032
vt 0.937768 0.507032
vt 0.967749 0.500000
vt 0.938501 0.500000
vt 0.830074 0.443315
vt 0.835959 0.457523
vt 0.937232 0.507032
vt 0.906518 0.507032
vt 0.936499 0.500000
vt 0.907251 0.500000
vt 0.866249 0.423979
vt 0.874793 0.436766
vt 0.905982 0.507032
vt 0.875268 0.507032
vt 0.905249 0.500000
vt 0.876001 0.500000
vt 0.897957 0.397957
vt 0.908831 0.408831
vt 0.874732 0.507032
vt 0.844018 0.507032
vt 0.873999 0.500000
vt 0.844751 0.500000
vt 0.923979 0.366249
vt 0.936766 0.374793
vt 0.843482 0.507032
vt 0.812768 0.507032
vt 0.842749 0.500000
vt 0.813501 0.500000
vt 0.943315 0.330074
vt 0.957523 0.335959
vt 0.812232 0.507032
vt 0.781518 0.507032
vt 0.811499 0.500000
vt 0.782251 0.500000
vt 0.955222 0.290821
vt 0.970305 0.293821
vt 0.780982 0.507032
vt 0.750268 0.507032
vt 0.780249 0.500000
vt 0.751001 0.500000
vt 0.959243 0.250000
vt 0.974621 0.250000
vt 0.749732 0.507032
vt 0.719018 0.507032
vt 0.748999 0.500000
vt 0.719751 0.500000
vt 0.955222 0.209179
vt 0.970305 0.206179
vt 0.718482 0.507032
vt 0.687768 0.507032
vt 0.717749 0.500000
vt 0.688501 0.500000
vt 0.943315 0.169926
vt 0.957523 0.164041
vt 0.687232 0.507032
vt 0.656518 0.507032
vt 0.686499 0.500000
vt 0.657251 0.500000
vt 0.923979 0.133751
vt 0.936766 0.125207
vt 0.655982 0.507032
vt 0.625268 0.507032
vt 0.655249 0.500000
vt 0.626001 0.500000
vt 0.897957 0.102043
vt 0.908831 0.091169
vt 0.624732 0.507032
vt 0.594018 0.507032
vt 0.623999 0.500000
vt 0.594751 0.500000
vt 0.866249 0.076021
vt 0.874793 0.063234
vt 0.593482 0.507032
vt 0.562768 0.507032
vt 0.592749 0.500000
vt 0.563501 0.500000
vt 0.830074 0.056685
vt 0.835959 0.042477
vt 0.562232 0.507032
vt 0.531518 0.507032
vt 0.561499 0.500000
vt 0.532251 0.500000
vt 0.790821 0.044778
vt 0.793821 0.029695
vt 0.530982 0.507032
vt 0.500268 0.507032
vt 0.530249 0.500000
vt 0.501001 0.500000
vt 0.750000 0.040757
vt 0.750000 0.025379
vt 0.499732 0.507032
vt 0.469018 0.507032
vt 0.498999 0.500000
vt 0.469751 0.500000
vt 0.709179 0.044778
vt 0.706178 0.029695
vt 0.468482 0.507032
vt 0.437768 0.507032
vt 0.467749 0.500000
vt 0.438501 0.500000
vt 0.669926 0.056685
vt 0.664041 0.042477
vt 0.437232 0.507032
vt 0.406518 0.507032
vt 0.436499 0.500000
vt 0.407251 0.500000
vt 0.633751 0.076021
vt 0.625207 0.063234
vt 0.405982 0.507032
vt 0.375268 0.507032
vt 0.405249 0.500000
vt 0.376001 0.500000
vt 0.602043 0.102043
vt 0.591169 0.091169
vt 0.374732 0.507032
vt 0.344018 0.507032
vt 0.373999 0.500000
vt 0.344751 0.500000
vt 0.576021 0.133751
vt 0.563234 0.125207
vt 0.343482 0.507032
vt 0.312768 0.507032
vt 0.342749 0.500000
vt 0.313501 0.500000
vt 0.556685 0.169926
vt 0.542477 0.164041
vt 0.312232 0.507032
vt 0.281518 0.507032
vt 0.311499 0.500000
vt 0.282251 0.500000
vt 0.544778 0.209179
vt 0.529695 0.206179
vt 0.280982 0.507032
vt 0.250268 0.507032
vt 0.280249 0.500000
vt 0.251001 0.500000
vt 0.540757 0.250000
vt 0.525379 0.250000
vt 0.249732 0.507032
vt 0.219018 0.507032
vt 0.248999 0.500000
vt 0.219751 0.500000
vt 0.544778 0.290821
vt 0.529695 0.293822
vt 0.218482 0.507032
vt 0.187768 0.507032
vt 0.217749 0.500000
vt 0.188501 0.500000
vt 0.556685 0.330074
vt 0.542477 0.335959
vt 0.187232 0.507032
vt 0.156518 0.507032
vt 0.186499 0.500000
vt 0.157251 0.500000
vt 0.576021 0.366249
vt 0.563234 0.374793
vt 0.155982 0.507032
vt 0.125268 0.507032
vt 0.155249 0.500000
vt 0.126001 0.500000
vt 0.602043 0.397957
vt 0.591169 0.408832
vt 0.124732 0.507032
vt 0.094018 0.507032
vt 0.123999 0.500000
vt 0.094751 0.500000
vt 0.633751 0.423979
vt 0.625207 0.436766
vt 0.093482 0.507032
vt 0.062768 0.507032
vt 0.092749 0.500000
vt 0.063501 0.500000
vt 0.669927 0.443315
vt 0.664041 0.457523
vt 0.062232 0.507032
vt 0.031518 0.507032
vt 0.061499 0.500000
vt 0.032251 0.500000
vt 0.709179 0.455222
vt 0.706179 0.470305
vt 0.030982 0.507032
vt 0.000268 0.507032
vt 0.030249 0.500000
vt 0.001001 0.500000
vt 1.000000 0.500000
vt 0.958333 0.500000
vt 0.958333 1.000000
vt 1.000000 1.000000
vt 0.916667 0.500000
vt 0.916667 1.000000
vt 0.875000 0.500000
vt 0.875000 1.000000
vt 0.833333 0.500000
vt 0.833333 1.000000
vt 0.791667 0.500000
vt 0.791667 1.000000
vt 0.750000 0.500000
vt 0.750000 1.000000
vt 0.708333 0.500000
vt 0.708333 1.000000
vt 0.666667 0.500000
vt 0.666667 1.000000
vt 0.625000 0.500000
vt 0.625000 1.000000
vt 0.583333 0.500000
vt 0.583333 1.000000
vt 0.541666 0.500000
vt 0.541666 1.000000
vt 0.500000 0.500000
vt 0.500000 1.000000
vt 0.458333 0.500000
vt 0.458333 1.000000
vt 0.416666 0.500000
vt 0.416666 1.000000
vt 0.375000 0.500000
vt 0.375000 1.000000
vt 0.333333 0.500000
vt 0.333333 1.000000
vt 0.291667 0.500000
vt 0.291667 1.000000
vt 0.250000 0.500000
vt 0.250000 1.000000
vt 0.208333 0.500000
vt 0.208333 1.000000
vt 0.166666 0.500000
vt 0.166666 1.000000
vt 0.125000 0.500000
vt 0.125000 1.000000
vt 0.083333 0.500000
vt 0.083333 1.000000
vt 0.041666 0.500000
vt 0.041666 1.000000
vt -0.000000 0.500000
vt -0.000000 1.000000
vn -0.2039 -0.1130 -0.9724
vn -0.1920 0.0432 -0.9804
vn 0.0023 0.0265 -0.9996
vn -0.0111 -0.1296 -0.9915
vn 0.3669 -0.1621 -0.9160
vn 0.3834 -0.0063 -0.9236
vn 0.5556 -0.0211 -0.8312
vn 0.5377 -0.1768 -0.8244
vn 0.7065 -0.0341 -0.7068
vn 0.6874 -0.1897 -0.7011
vn 0.8304 -0.0447 -0.5553
vn 0.8102 -0.2002 -0.5508
vn 0.9224 -0.0526 -0.3825
vn 0.9015 -0.2081 -0.3794
vn 0.9791 -0.0575 -0.1950
vn 0.9577 -0.2129 -0.1934
vn 0.9982 -0.0592 0.0000
vn 0.9767 -0.2145 0.0000
vn 0.9791 -0.0575 0.1950
vn 0.9577 -0.2129 0.1934
vn 0.9224 -0.0526 0.3825
vn 0.9015 -0.2081 0.3794
vn 0.8304 -0.0447 0.5553
vn 0.8102 -0.2002 0.5508
vn 0.7065 -0.0341 0.7068
vn 0.6874 -0.1897 0.7011
vn 0.5556 -0.0211 0.8312
vn 0.5376 -0.1768 0.8244
vn 0.3834 -0.0063 0.9236
vn 0.3669 -0.1621 0.9160
vn 0.1966 0.0098 0.9804
vn 0.1816 -0.1462 0.9724
vn 0.0023 0.0265 0.9996
vn -0.0111 -0.1296 0.9915
vn -0.1920 0.0432 0.9804
vn -0.2039 -0.1130 0.9724
vn -0.3789 0.0592 0.9236
vn -0.3892 -0.0970 0.9160
vn -0.5510 0.0741 0.8312
vn -0.5600 -0.0824 0.8244
vn -0.7020 0.0870 0.7068
vn -0.7096 -0.0695 0.7011
vn -0.8258 0.0977 0.5553
vn -0.8325 -0.0589 0.5508
vn -0.9179 0.1056 0.3825
vn -0.9238 -0.0511 0.3794
vn -0.9745 0.1105 0.1950
vn -0.9800 -0.0462 0.1934
vn -0.9937 0.1121 0.0000
vn -0.9990 -0.0446 0.0000
vn -0.9745 0.1105 -0.1950
vn -0.9800 -0.0462 -0.1934
vn -0.9179 0.1056 -0.3825
vn -0.9238 -0.0511 -0.3794
vn -0.8258 0.0977 -0.5554
vn -0.8325 -0.0589 -0.5508
vn -0.7020 0.0870 -0.7068
vn -0.7096 -0.0695 -0.7011
vn -0.5510 0.0741 -0.8312
vn -0.5600 -0.0824 -0.8244
vn -0.3789 0.0592 -0.9236
vn -0.3892 -0.0970 -0.9160
vn 0.5556 -0.0210 0.8312
vn 0.3834 -0.0062 0.9236
vn 0.1816 -0.1462 -0.9724
vn 0.1966 0.0098 -0.9804
vn 0.5593 0.0501 0.8274
vn 0.3878 0.0649 0.9194
vn -0.9178 0.1057 0.3825
vn -0.9745 0.1106 0.1950
vn 0.0023 0.0266 -0.9996
vn -0.1920 0.0433 -0.9804
vn 0.9791 -0.0574 0.1950
vn -0.3788 0.0593 0.9235
vn -0.5510 0.0742 0.8312
vn -0.8258 0.0978 -0.5553
vn -0.7020 0.0871 -0.7068
vn 0.8304 -0.0446 -0.5553
vn -0.9937 0.1122 0.0000
vn 0.3834 -0.0062 -0.9235
vn 0.8304 -0.0446 0.5553
vn -0.7020 0.0871 0.7068
vn -0.5510 0.0742 -0.8312
vn 0.9791 -0.0574 -0.1950
vn 0.0023 0.0266 0.9996
vn -0.9745 0.1106 -0.1950
vn 0.5556 -0.0210 -0.8312
vn 0.7065 -0.0340 0.7068
vn -0.8258 0.0978 0.5553
vn -0.3788 0.0593 -0.9236
vn 0.9982 -0.0591 0.0000
vn -0.1920 0.0433 0.9804
vn -0.9178 0.1057 -0.3825
vn 0.7065 -0.0340 -0.7068
vn 0.2018 0.0809 -0.9761
vn 0.3878 0.0649 -0.9194
vn -0.8160 0.1684 -0.5529
vn -0.6927 0.1578 -0.7037
vn 0.2018 0.0809 0.9761
vn 0.1053 0.9892 -0.1016
vn 0.0852 0.9909 -0.1036
vn 0.0651 0.9927 -0.1016
vn 0.0457 0.9944 -0.0957
vn 0.0279 0.9959 -0.0861
vn 0.0122 0.9972 -0.0732
vn -0.0005 0.9983 -0.0575
vn -0.0101 0.9991 -0.0396
vn -0.0160 0.9997 -0.0202
vn -0.0179 0.9998 0.0000
vn -0.0160 0.9997 0.0202
vn -0.0101 0.9991 0.0396
vn -0.0005 0.9983 0.0575
vn 0.0122 0.9972 0.0732
vn 0.0279 0.9959 0.0861
vn 0.0457 0.9944 0.0957
vn 0.0651 0.9927 0.1016
vn 0.0852 0.9909 0.1036
vn 0.1053 0.9892 0.1016
vn 0.1247 0.9875 0.0957
vn 0.1426 0.9860 0.0861
vn 0.1582 0.9847 0.0732
vn 0.1711 0.9836 0.0575
vn 0.1806 0.9828 0.0396
vn 0.1864 0.9822 0.0202
vn 0.1885 0.9821 0.0000
vn 0.1864 0.9822 -0.0202
vn 0.1806 0.9828 -0.0396
vn 0.1711 0.9836 -0.0575
vn 0.1582 0.9847 -0.0732
vn 0.1426 0.9860 -0.0861
vn 0.1247 0.9875 -0.0957
vn -0.5425 0.1449 -0.8274
vn 0.0084 0.0975 0.9952
vn -0.1850 0.1141 -0.9761
vn 0.0084 0.0975 -0.9952
vn -0.3710 0.1301 -0.9194
vn -0.1850 0.1141 0.9761
vn 0.5593 0.0501 -0.8274
vn 0.7095 0.0372 -0.7037
vn -0.3710 0.1301 0.9194
vn 0.8328 0.0266 -0.5529
vn -0.5425 0.1449 0.8274
vn 0.9244 0.0187 -0.3808
vn -0.6927 0.1578 0.7037
vn 0.9809 0.0139 -0.1941
vn -0.8160 0.1684 0.5529
vn 0.9999 0.0122 0.0000
vn -0.9077 0.1763 0.3808
vn 0.9809 0.0139 0.1941
vn -0.9641 0.1812 0.1941
vn 0.9244 0.0187 0.3808
vn -0.9831 0.1828 0.0000
vn 0.8328 0.0266 0.5529
vn -0.9641 0.1812 -0.1941
vn 0.7095 0.0372 0.7037
vn -0.9077 0.1763 -0.3808
vn 0.0325 0.3785 -0.9250
vn 0.2123 0.3630 -0.9073
vn 0.0602 0.7000 -0.7115
vn 0.1985 0.6881 -0.6979
vn 0.0789 0.9168 -0.3915
vn 0.1549 0.9102 -0.3840
vn 0.3852 0.3481 -0.8546
vn 0.3315 0.6767 -0.6574
vn 0.2281 0.9039 -0.3617
vn 0.5446 0.3344 -0.7691
vn 0.4541 0.6662 -0.5916
vn 0.2956 0.8981 -0.3255
vn 0.6842 0.3224 -0.6541
vn 0.5615 0.6569 -0.5031
vn 0.3547 0.8930 -0.2768
vn 0.7989 0.3125 -0.5139
vn 0.6496 0.6493 -0.3953
vn 0.4032 0.8889 -0.2175
vn 0.8840 0.3052 -0.3540
vn 0.7152 0.6437 -0.2723
vn 0.4392 0.8858 -0.1498
vn 0.9365 0.3007 -0.1805
vn 0.7555 0.6402 -0.1388
vn 0.4614 0.8838 -0.0764
vn 0.9542 0.2992 0.0000
vn 0.7691 0.6391 0.0000
vn 0.4689 0.8832 0.0000
vn 0.9365 0.3007 0.1805
vn 0.7555 0.6402 0.1388
vn 0.4614 0.8838 0.0764
vn 0.8840 0.3052 0.3540
vn 0.7152 0.6437 0.2723
vn 0.4392 0.8858 0.1498
vn 0.7989 0.3125 0.5139
vn 0.6496 0.6493 0.3953
vn 0.4032 0.8889 0.2175
vn 0.6842 0.3224 0.6541
vn 0.5615 0.6569 0.5031
vn 0.3547 0.8930 0.2768
vn 0.5446 0.3344 0.7691
vn 0.4541 0.6662 0.5916
vn 0.2955 0.8981 0.3255
vn 0.3852 0.3481 0.8546
vn 0.3315 0.6767 0.6574
vn 0.2281 0.9039 0.3617
vn 0.2123 0.3630 0.9073
vn 0.1985 0.6881 0.6979
vn 0.1549 0.9102 0.3840
vn 0.0325 0.3785 0.9250
vn 0.0602 0.7000 0.7115
vn 0.0788 0.9168 0.3915
vn -0.1472 0.3939 0.9073
vn -0.0781 0.7119 0.6979
vn 0.0027 0.9233 0.3840
vn -0.3201 0.4088 0.8546
vn -0.2111 0.7234 0.6574
vn -0.0704 0.9296 0.3617
vn -0.4795 0.4225 0.7691
vn -0.3336 0.7339 0.5916
vn -0.1379 0.9354 0.3255
vn -0.6191 0.4345 0.6541
vn -0.4411 0.7432 0.5031
vn -0.1970 0.9405 0.2768
vn -0.7337 0.4444 0.5139
vn -0.5292 0.7508 0.3953
vn -0.2455 0.9447 0.2175
vn -0.8189 0.4517 0.3540
vn -0.5947 0.7564 0.2723
vn -0.2815 0.9478 0.1498
vn -0.8714 0.4562 0.1805
vn -0.6351 0.7598 0.1388
vn -0.3037 0.9497 0.0764
vn -0.8891 0.4577 0.0000
vn -0.6487 0.7610 0.0000
vn -0.3112 0.9503 0.0000
vn -0.8714 0.4562 -0.1805
vn -0.6351 0.7598 -0.1388
vn -0.3037 0.9497 -0.0764
vn -0.8189 0.4517 -0.3540
vn -0.5947 0.7564 -0.2723
vn -0.2815 0.9478 -0.1498
vn -0.7337 0.4444 -0.5139
vn -0.5292 0.7508 -0.3953
vn -0.2455 0.9447 -0.2175
vn -0.6191 0.4345 -0.6541
vn -0.4411 0.7432 -0.5031
vn -0.1969 0.9405 -0.2768
vn -0.4794 0.4225 -0.7691
vn -0.3336 0.7339 -0.5916
vn -0.1379 0.9354 -0.3255
vn -0.3201 0.4088 -0.8546
vn -0.2111 0.7234 -0.6574
vn -0.0704 0.9296 -0.3617
vn -0.1472 0.3939 -0.9073
vn -0.0781 0.7119 -0.6979
vn 0.0027 0.9233 -0.3840
vn 0.1265 -0.5074 -0.8524
vn -0.0424 -0.4928 -0.8691
vn 0.0255 -0.8653 -0.5005
vn -0.0737 -0.8568 -0.5104
vn -0.0581 -0.9891 -0.1352
vn -0.0849 -0.9868 -0.1379
vn 0.2889 -0.5213 -0.8029
vn 0.1209 -0.8735 -0.4715
vn -0.0323 -0.9913 -0.1274
vn 0.4386 -0.5342 -0.7226
vn 0.2088 -0.8811 -0.4243
vn -0.0085 -0.9933 -0.1146
vn 0.5699 -0.5455 -0.6145
vn 0.2858 -0.8877 -0.3609
vn 0.0122 -0.9951 -0.0975
vn 0.6775 -0.5548 -0.4828
vn 0.3491 -0.8932 -0.2835
vn 0.0293 -0.9966 -0.0766
vn 0.7576 -0.5616 -0.3326
vn 0.3961 -0.8972 -0.1953
vn 0.0420 -0.9977 -0.0528
vn 0.8068 -0.5659 -0.1695
vn 0.4250 -0.8997 -0.0996
vn 0.0498 -0.9984 -0.0269
vn 0.8235 -0.5673 0.0000
vn 0.4348 -0.9005 0.0000
vn 0.0525 -0.9986 0.0000
vn 0.8068 -0.5659 0.1695
vn 0.4250 -0.8997 0.0996
vn 0.0498 -0.9984 0.0269
vn 0.7576 -0.5616 0.3326
vn 0.3961 -0.8972 0.1953
vn 0.0420 -0.9977 0.0528
vn 0.6775 -0.5548 0.4828
vn 0.3491 -0.8932 0.2835
vn 0.0293 -0.9966 0.0766
vn 0.5699 -0.5455 0.6145
vn 0.2858 -0.8877 0.3609
vn 0.0122 -0.9951 0.0975
vn 0.4386 -0.5342 0.7226
vn 0.2088 -0.8811 0.4243
vn -0.0085 -0.9933 0.1146
vn 0.2889 -0.5213 0.8029
vn 0.1209 -0.8735 0.4715
vn -0.0323 -0.9913 0.1274
vn 0.1265 -0.5074 0.8524
vn 0.0255 -0.8653 0.5005
vn -0.0581 -0.9891 0.1352
vn -0.0424 -0.4928 0.8691
vn -0.0737 -0.8568 0.5104
vn -0.0849 -0.9868 0.1379
vn -0.2113 -0.4783 0.8524
vn -0.1729 -0.8482 0.5005
vn -0.1117 -0.9845 0.1352
vn -0.3737 -0.4643 0.8029
vn -0.2683 -0.8401 0.4715
vn -0.1375 -0.9823 0.1274
vn -0.5234 -0.4515 0.7226
vn -0.3562 -0.8325 0.4243
vn -0.1612 -0.9802 0.1147
vn -0.6547 -0.4402 0.6145
vn -0.4332 -0.8259 0.3609
vn -0.1820 -0.9784 0.0975
vn -0.7623 -0.4309 0.4828
vn -0.4965 -0.8204 0.2835
vn -0.1991 -0.9770 0.0766
vn -0.8423 -0.4240 0.3326
vn -0.5435 -0.8164 0.1953
vn -0.2118 -0.9759 0.0528
vn -0.8916 -0.4198 0.1695
vn -0.5724 -0.8139 0.0996
vn -0.2196 -0.9752 0.0269
vn -0.9083 -0.4183 0.0000
vn -0.5822 -0.8130 0.0000
vn -0.2223 -0.9750 0.0000
vn -0.8916 -0.4198 -0.1695
vn -0.5724 -0.8139 -0.0996
vn -0.2196 -0.9752 -0.0269
vn -0.8423 -0.4240 -0.3326
vn -0.5435 -0.8164 -0.1953
vn -0.2118 -0.9759 -0.0528
vn -0.7623 -0.4309 -0.4828
vn -0.4965 -0.8204 -0.2835
vn -0.1991 -0.9770 -0.0766
vn -0.6547 -0.4402 -0.6145
vn -0.4332 -0.8259 -0.3609
vn -0.1820 -0.9784 -0.0975
vn -0.5234 -0.4515 -0.7226
vn -0.3562 -0.8325 -0.4243
vn -0.1612 -0.9802 -0.1146
vn -0.3737 -0.4643 -0.8029
vn -0.2683 -0.8401 -0.4715
vn -0.1375 -0.9823 -0.1274
vn -0.2113 -0.4783 -0.8524
vn -0.1729 -0.8482 -0.5005
vn -0.1117 -0.9845 -0.1352
vn 0.0000 -1.0000 0.0000
vn 0.2588 -0.9659 0.0000
vn 0.5000 -0.8660 0.0000
vn 0.7071 -0.7071 0.0000
vn 0.8660 -0.5000 0.0000
vn 0.9659 -0.2588 0.0000
vn 1.0000 0.0000 0.0000
vn 0.9659 0.2588 0.0000
vn 0.8660 0.5000 0.0000
vn 0.7071 0.7071 0.0000
vn 0.5000 0.8660 0.0000
vn 0.2588 0.9659 0.0000
vn 0.0000 1.0000 0.0000
vn -0.2588 0.9659 0.0000
vn -0.5000 0.8660 0.0000
vn -0.7071 0.7071 0.0000
vn -0.8660 0.5000 0.0000
vn -0.9659 0.2588 0.0000
vn -1.0000 0.0000 0.0000
vn -0.9659 -0.2588 0.0000
vn -0.8660 -0.5000 0.0000
vn -0.7071 -0.7071 0.0000
vn -0.5000 -0.8660 0.0000
vn -0.2588 -0.9659 0.0000
vn 0.2039 -0.1130 -0.9724
vn 0.0111 -0.1296 -0.9915
vn -0.0023 0.0265 -0.9996
vn 0.1920 0.0432 -0.9804
vn -0.3669 -0.1621 -0.9160
vn -0.5377 -0.1768 -0.8244
vn -0.5556 -0.0211 -0.8312
vn -0.3834 -0.0063 -0.9236
vn -0.6874 -0.1897 -0.7011
vn -0.7065 -0.0341 -0.7068
vn -0.8102 -0.2002 -0.5508
vn -0.8304 -0.0447 -0.5554
vn -0.9015 -0.2081 -0.3794
vn -0.9224 -0.0526 -0.3825
vn -0.9577 -0.2129 -0.1934
vn -0.9791 -0.0575 -0.1950
vn -0.9767 -0.2145 0.0000
vn -0.9982 -0.0592 0.0000
vn -0.9577 -0.2129 0.1934
vn -0.9791 -0.0575 0.1950
vn -0.9015 -0.2081 0.3794
vn -0.9224 -0.0526 0.3825
vn -0.8102 -0.2002 0.5508
vn -0.8304 -0.0447 0.5554
vn -0.6873 -0.1897 0.7011
vn -0.7065 -0.0341 0.7068
vn -0.5377 -0.1768 0.8244
vn -0.5556 -0.0211 0.8312
vn -0.3669 -0.1621 0.9160
vn -0.3834 -0.0063 0.9236
vn -0.1816 -0.1462 0.9724
vn -0.1966 0.0098 0.9804
vn 0.0111 -0.1296 0.9915
vn -0.0023 0.0265 0.9996
vn 0.2039 -0.1130 0.9724
vn 0.1920 0.0432 0.9804
vn 0.3892 -0.0970 0.9160
vn 0.3789 0.0592 0.9236
vn 0.5600 -0.0824 0.8244
vn 0.5510 0.0741 0.8312
vn 0.7096 -0.0695 0.7011
vn 0.7020 0.0870 0.7068
vn 0.8325 -0.0589 0.5508
vn 0.8258 0.0977 0.5553
vn 0.9238 -0.0511 0.3794
vn 0.9179 0.1056 0.3825
vn 0.9800 -0.0462 0.1934
vn 0.9745 0.1105 0.1950
vn 0.9990 -0.0446 0.0000
vn 0.9937 0.1121 0.0000
vn 0.9800 -0.0462 -0.1934
vn 0.9745 0.1105 -0.1950
vn 0.9238 -0.0511 -0.3794
vn 0.9179 0.1056 -0.3825
vn 0.8325 -0.0589 -0.5508
vn 0.8258 0.0977 -0.5554
vn 0.7096 -0.0695 -0.7011
vn 0.7020 0.0870 -0.7068
vn 0.5600 -0.0824 -0.8244
vn 0.5510 0.0741 -0.8312
vn 0.3892 -0.0970 -0.9160
vn 0.3789 0.0592 -0.9236
vn -0.3834 -0.0062 0.9235
vn -0.5556 -0.0210 0.8312
vn -0.1816 -0.1462 -0.9724
vn -0.1966 0.0098 -0.9804
vn -0.3878 0.0649 0.9194
vn -0.5593 0.0501 0.8274
vn 0.9745 0.1106 0.1950
vn 0.9178 0.1057 0.3825
vn -0.0023 0.0266 -0.9996
vn 0.1920 0.0433 -0.9804
vn -0.9791 -0.0574 0.1950
vn 0.5510 0.0742 0.8312
vn 0.3789 0.0593 0.9235
vn 0.7020 0.0871 -0.7068
vn 0.8258 0.0978 -0.5553
vn -0.8304 -0.0446 -0.5553
vn 0.9937 0.1122 0.0000
vn -0.3834 -0.0062 -0.9235
vn -0.8304 -0.0446 0.5554
vn 0.7020 0.0871 0.7068
vn 0.5510 0.0742 -0.8312
vn -0.9791 -0.0574 -0.1950
vn -0.0023 0.0266 0.9996
vn 0.9745 0.1106 -0.1950
vn -0.5556 -0.0210 -0.8312
vn -0.7065 -0.0340 0.7068
vn 0.8258 0.0978 0.5553
vn 0.3788 0.0593 -0.9236
vn -0.9982 -0.0591 0.0000
vn 0.1920 0.0433 0.9804
vn 0.9178 0.1057 -0.3825
vn -0.7065 -0.0340 -0.7068
vn -0.3878 0.0649 -0.9194
vn -0.2018 0.0809 -0.9761
vn 0.6927 0.1578 -0.7037
vn 0.8160 0.1684 -0.5529
vn -0.2018 0.0809 0.9761
vn -0.1054 0.9892 -0.1016
vn -0.1247 0.9875 -0.0957
vn -0.1426 0.9860 -0.0861
vn -0.1582 0.9847 -0.0732
vn -0.1711 0.9836 -0.0576
vn -0.1805 0.9828 -0.0396
vn -0.1865 0.9822 -0.0202
vn -0.1884 0.9821 0.0000
vn -0.1865 0.9822 0.0202
vn -0.1805 0.9828 0.0396
vn -0.1711 0.9836 0.0576
vn -0.1582 0.9847 0.0732
vn -0.1426 0.9860 0.0861
vn -0.1247 0.9875 0.0957
vn -0.1054 0.9892 0.1016
vn -0.0852 0.9909 0.1036
vn -0.0651 0.9927 0.1016
vn -0.0457 0.9944 0.0957
vn -0.0279 0.9959 0.0861
vn -0.0122 0.9972 0.0732
vn 0.0006 0.9983 0.0575
vn 0.0101 0.9991 0.0396
vn 0.0160 0.9997 0.0202
vn 0.0179 0.9998 0.0000
vn 0.0160 0.9997 -0.0202
vn 0.0101 0.9991 -0.0396
vn 0.0006 0.9983 -0.0575
vn -0.0122 0.9972 -0.0732
vn -0.0279 0.9959 -0.0861
vn -0.0457 0.9944 -0.0957
vn -0.0651 0.9927 -0.1016
vn -0.0852 0.9909 -0.1036
vn 0.5425 0.1449 -0.8275
vn -0.0084 0.0975 0.9952
vn -0.0084 0.0975 -0.9952
vn 0.1850 0.1141 -0.9761
vn 0.3710 0.1301 -0.9194
vn 0.1850 0.1141 0.9761
vn -0.7095 0.0372 -0.7037
vn -0.5593 0.0501 -0.8274
vn 0.3710 0.1301 0.9194
vn -0.8328 0.0266 -0.5529
vn 0.5425 0.1449 0.8274
vn -0.9244 0.0187 -0.3808
vn 0.6927 0.1578 0.7037
vn -0.9809 0.0139 -0.1942
vn 0.8160 0.1684 0.5529
vn -0.9999 0.0122 0.0000
vn 0.9077 0.1763 0.3808
vn -0.9809 0.0139 0.1941
vn 0.9641 0.1812 0.1941
vn -0.9244 0.0187 0.3808
vn 0.9831 0.1828 0.0000
vn -0.8328 0.0266 0.5529
vn 0.9641 0.1812 -0.1941
vn -0.7095 0.0372 0.7037
vn 0.9077 0.1763 -0.3808
vn -0.2123 0.3630 -0.9073
vn -0.0325 0.3785 -0.9250
vn -0.1985 0.6881 -0.6979
vn -0.0602 0.7000 -0.7115
vn -0.1550 0.9102 -0.3840
vn -0.0788 0.9168 -0.3915
vn -0.3852 0.3481 -0.8546
vn -0.3315 0.6767 -0.6574
vn -0.2281 0.9039 -0.3617
vn -0.5446 0.3344 -0.7691
vn -0.4541 0.6662 -0.5916
vn -0.2955 0.8981 -0.3255
vn -0.6842 0.3224 -0.6541
vn -0.5615 0.6569 -0.5031
vn -0.3547 0.8930 -0.2768
vn -0.7989 0.3125 -0.5139
vn -0.6496 0.6493 -0.3953
vn -0.4032 0.8889 -0.2175
vn -0.8840 0.3052 -0.3540
vn -0.7152 0.6437 -0.2723
vn -0.4392 0.8858 -0.1498
vn -0.9365 0.3007 -0.1805
vn -0.7555 0.6402 -0.1388
vn -0.4614 0.8838 -0.0764
vn -0.9542 0.2992 0.0000
vn -0.7691 0.6391 0.0000
vn -0.4689 0.8832 0.0000
vn -0.9365 0.3007 0.1805
vn -0.7555 0.6402 0.1388
vn -0.4614 0.8839 0.0763
vn -0.8840 0.3052 0.3540
vn -0.7152 0.6437 0.2723
vn -0.4392 0.8858 0.1498
vn -0.7989 0.3125 0.5139
vn -0.6496 0.6493 0.3953
vn -0.4032 0.8889 0.2175
vn -0.6842 0.3224 0.6541
vn -0.5615 0.6569 0.5031
vn -0.3547 0.8930 0.2768
vn -0.5446 0.3344 0.7691
vn -0.4541 0.6662 0.5916
vn -0.2955 0.8981 0.3255
vn -0.3852 0.3481 0.8546
vn -0.3315 0.6767 0.6574
vn -0.2281 0.9039 0.3617
vn -0.2123 0.3630 0.9073
vn -0.1985 0.6881 0.6979
vn -0.1550 0.9102 0.3840
vn -0.0325 0.3785 0.9250
vn -0.0602 0.7000 0.7115
vn -0.0788 0.9168 0.3915
vn 0.1472 0.3939 0.9073
vn 0.0781 0.7119 0.6979
vn -0.0027 0.9233 0.3840
vn 0.3201 0.4088 0.8546
vn 0.2111 0.7234 0.6574
vn 0.0704 0.9296 0.3617
vn 0.4794 0.4225 0.7691
vn 0.3336 0.7339 0.5916
vn 0.1378 0.9354 0.3255
vn 0.6191 0.4345 0.6541
vn 0.4411 0.7432 0.5031
vn 0.1970 0.9405 0.2768
vn 0.7337 0.4444 0.5139
vn 0.5292 0.7508 0.3953
vn 0.2455 0.9447 0.2175
vn 0.8189 0.4517 0.3540
vn 0.5947 0.7564 0.2723
vn 0.2815 0.9478 0.1498
vn 0.8714 0.4562 0.1805
vn 0.6351 0.7598 0.1388
vn 0.3037 0.9497 0.0764
vn 0.8891 0.4577 0.0000
vn 0.6487 0.7610 0.0000
vn 0.3112 0.9503 0.0000
vn 0.8714 0.4562 -0.1805
vn 0.6351 0.7598 -0.1388
vn 0.3037 0.9497 -0.0764
vn 0.8189 0.4517 -0.3540
vn 0.5947 0.7564 -0.2723
vn 0.2815 0.9478 -0.1498
vn 0.7337 0.4444 -0.5139
vn 0.5292 0.7508 -0.3953
vn 0.2455 0.9447 -0.2175
vn 0.6191 0.4345 -0.6541
vn 0.4411 0.7432 -0.5031
vn 0.1969 0.9405 -0.2768
vn 0.4794 0.4225 -0.7691
vn 0.3336 0.7339 -0.5916
vn 0.1378 0.9354 -0.3255
vn 0.3201 0.4088 -0.8546
vn 0.2111 0.7234 -0.6574
vn 0.0704 0.9296 -0.3617
vn 0.1472 0.3939 -0.9073
vn 0.0781 0.7119 -0.6979
vn -0.0027 0.9233 -0.3840
vn 0.0424 -0.4928 -0.8691
vn -0.1265 -0.5074 -0.8524
vn 0.0737 -0.8568 -0.5104
vn -0.0255 -0.8653 -0.5005
vn 0.0849 -0.9868 -0.1379
vn 0.0581 -0.9891 -0.1352
vn -0.2889 -0.5213 -0.8029
vn -0.1209 -0.8735 -0.4715
vn 0.0323 -0.9913 -0.1274
vn -0.4386 -0.5342 -0.7226
vn -0.2088 -0.8811 -0.4243
vn 0.0085 -0.9933 -0.1146
vn -0.5699 -0.5455 -0.6145
vn -0.2858 -0.8877 -0.3609
vn -0.0122 -0.9951 -0.0975
vn -0.6775 -0.5548 -0.4828
vn -0.3491 -0.8932 -0.2835
vn -0.0293 -0.9966 -0.0766
vn -0.7576 -0.5617 -0.3326
vn -0.3961 -0.8972 -0.1953
vn -0.0420 -0.9977 -0.0528
vn -0.8068 -0.5659 -0.1695
vn -0.4250 -0.8997 -0.0996
vn -0.0498 -0.9984 -0.0269
vn -0.8235 -0.5673 0.0000
vn -0.4348 -0.9005 0.0000
vn -0.0525 -0.9986 0.0000
vn -0.8068 -0.5659 0.1695
vn -0.4250 -0.8997 0.0996
vn -0.0498 -0.9984 0.0269
vn -0.7576 -0.5616 0.3326
vn -0.3961 -0.8972 0.1953
vn -0.0420 -0.9977 0.0528
vn -0.6775 -0.5548 0.4828
vn -0.3491 -0.8932 0.2835
vn -0.0293 -0.9966 0.0766
vn -0.5699 -0.5455 0.6145
vn -0.2858 -0.8877 0.3609
vn -0.0122 -0.9951 0.0975
vn -0.4386 -0.5342 0.7226
vn -0.2088 -0.8811 0.4243
vn 0.0085 -0.9933 0.1146
vn -0.2889 -0.5213 0.8029
vn -0.1209 -0.8735 0.4715
vn 0.0323 -0.9913 0.1274
vn -0.1265 -0.5074 0.8524
vn -0.0255 -0.8653 0.5005
vn 0.0581 -0.9891 0.1352
vn 0.0424 -0.4928 0.8691
vn 0.0737 -0.8568 0.5104
vn 0.0849 -0.9868 0.1379
vn 0.2113 -0.4783 0.8524
vn 0.1729 -0.8482 0.5005
vn 0.1117 -0.9845 0.1352
vn 0.3737 -0.4643 0.8029
vn 0.2683 -0.8401 0.4715
vn 0.1375 -0.9823 0.1274
vn 0.5235 -0.4515 0.7226
vn 0.3562 -0.8325 0.4243
vn 0.1612 -0.9802 0.1146
vn 0.6547 -0.4402 0.6145
vn 0.4332 -0.8259 0.3609
vn 0.1820 -0.9784 0.0975
vn 0.7623 -0.4309 0.4828
vn 0.4965 -0.8204 0.2835
vn 0.1991 -0.9770 0.0766
vn 0.8423 -0.4240 0.3326
vn 0.5435 -0.8164 0.1953
vn 0.2118 -0.9759 0.0528
vn 0.8916 -0.4198 0.1695
vn 0.5724 -0.8139 0.0996
vn 0.2196 -0.9752 0.0269
vn 0.9083 -0.4183 0.0000
vn 0.5822 -0.8130 0.0000
vn 0.2223 -0.9750 0.0000
vn 0.8916 -0.4198 -0.1695
vn 0.5724 -0.8139 -0.0996
vn 0.2196 -0.9752 -0.0269
vn 0.8423 -0.4240 -0.3326
vn 0.5435 -0.8164 -0.1953
vn 0.2118 -0.9759 -0.0528
vn 0.7623 -0.4309 -0.4828
vn 0.4965 -0.8204 -0.2835
vn 0.1991 -0.9770 -0.0766
vn 0.6547 -0.4402 -0.6145
vn 0.4332 -0.8259 -0.3609
vn 0.1820 -0.9784 -0.0975
vn 0.5235 -0.4515 -0.7226
vn 0.3562 -0.8325 -0.4243
vn 0.1612 -0.9802 -0.1146
vn 0.3737 -0.4643 -0.8029
vn 0.2683 -0.8401 -0.4715
vn 0.1375 -0.9823 -0.1274
vn 0.2113 -0.4783 -0.8524
vn 0.1729 -0.8482 -0.5005
vn 0.1117 -0.9845 -0.1352
usemtl BlackPlastic
s 1
f 2817/3070/2181 2499/3071/2182 2468/3072/2183 2693/3073/2184
f 2701/3074/2185 2470/3075/2186 2471/3076/2187 2705/3077/2188
f 2705/3077/2188 2471/3076/2187 2472/3078/2189 2709/3079/2190
f 2709/3079/2190 2472/3078/2189 2473/3080/2191 2713/3081/2192
f 2713/3081/2192 2473/3080/2191 2474/3082/2193 2717/3083/2194
f 2717/3083/2194 2474/3082/2193 2475/3084/2195 2721/3085/2196
f 2721/3085/2196 2475/3084/2195 2476/3086/2197 2725/3087/2198
f 2725/3087/2198 2476/3086/2197 2477/3088/2199 2729/3089/2200
f 2729/3089/2200 2477/3088/2199 2478/3090/2201 2733/3091/2202
f 2733/3091/2202 2478/3090/2201 2479/3092/2203 2737/3093/2204
f 2737/3093/2204 2479/3092/2203 2480/3094/2205 2741/3095/2206
f 2741/3095/2206 2480/3094/2205 2481/3096/2207 2745/3097/2208
f 2745/3097/2208 2481/3096/2207 2482/3098/2209 2749/3099/2210
f 2749/3099/2210 2482/3098/2209 2483/3100/2211 2753/3101/2212
f 2753/3101/2212 2483/3100/2211 2484/3102/2213 2757/3103/2214
f 2757/3103/2214 2484/3102/2213 2485/3104/2215 2761/3105/2216
f 2761/3105/2216 2485/3104/2215 2486/3106/2217 2765/3107/2218
f 2765/3107/2218 2486/3106/2217 2487/3108/2219 2769/3109/2220
f 2769/3109/2220 2487/3108/2219 2488/3110/2221 2773/3111/2222
f 2773/3111/2222 2488/3110/2221 2489/3112/2223 2777/3113/2224
f 2777/3113/2224 2489/3112/2223 2490/3114/2225 2781/3115/2226
f 2781/3115/2226 2490/3114/2225 2491/3116/2227 2785/3117/2228
f 2785/3117/2228 2491/3116/2227 2492/3118/2229 2789/3119/2230
f 2789/3119/2230 2492/3118/2229 2493/3120/2231 2793/3121/2232
f 2793/3121/2232 2493/3120/2231 2494/3122/2233 2797/3123/2234
f 2797/3123/2234 2494/3122/2233 2495/3124/2235 2801/3125/2236
f 2801/3125/2236 2495/3124/2235 2496/3126/2237 2805/3127/2238
f 2805/3127/2238 2496/3126/2237 2497/3128/2239 2809/3129/2240
f 2809/3129/2240 2497/3128/2239 2498/3130/2241 2813/3131/2242
f 2813/3131/2242 2498/3130/2241 2499/3071/2182 2817/3070/2181
f 2482/3098/2209 2481/3096/2207 2513/3132/2243 2514/3133/2244
f 2697/3134/2245 2469/3135/2246 2470/3075/2186 2701/3074/2185
f 2693/3136/2184 2468/3137/2183 2469/3135/2246 2697/3134/2245
f 2514/3133/2244 2513/3132/2243 2598/3138/2247 2603/3139/2248
f 2491/3116/2227 2490/3114/2225 2522/3140/2249 2523/3141/2250
f 2469/3135/2246 2468/3137/2183 2501/3142/2251 2500/3143/2246
f 2468/3072/2183 2499/3071/2182 2531/3144/2252 2501/3145/2251
f 2478/3090/2201 2477/3088/2199 2509/3146/2253 2510/3147/2201
f 2487/3108/2219 2486/3106/2217 2518/3148/2254 2519/3149/2255
f 2496/3126/2237 2495/3124/2235 2527/3150/2256 2528/3151/2257
f 2474/3082/2193 2473/3080/2191 2505/3152/2258 2506/3153/2193
f 2483/3100/2211 2482/3098/2209 2514/3133/2244 2515/3154/2211
f 2492/3118/2229 2491/3116/2227 2523/3141/2250 2524/3155/2259
f 2470/3075/2186 2469/3135/2246 2500/3143/2246 2502/3156/2260
f 2479/3092/2203 2478/3090/2201 2510/3147/2201 2511/3157/2261
f 2488/3110/2221 2487/3108/2219 2519/3149/2255 2520/3158/2262
f 2497/3128/2239 2496/3126/2237 2528/3151/2257 2529/3159/2263
f 2475/3084/2195 2474/3082/2193 2506/3153/2193 2507/3160/2264
f 2484/3102/2213 2483/3100/2211 2515/3154/2211 2516/3161/2265
f 2493/3120/2231 2492/3118/2229 2524/3155/2259 2525/3162/2266
f 2471/3076/2187 2470/3075/2186 2502/3156/2260 2503/3163/2267
f 2480/3094/2205 2479/3092/2203 2511/3157/2261 2512/3164/2268
f 2489/3112/2223 2488/3110/2221 2520/3158/2262 2521/3165/2269
f 2498/3130/2241 2497/3128/2239 2529/3159/2263 2530/3166/2270
f 2476/3086/2197 2475/3084/2195 2507/3160/2264 2508/3167/2271
f 2485/3104/2215 2484/3102/2213 2516/3161/2265 2517/3168/2272
f 2494/3122/2233 2493/3120/2231 2525/3162/2266 2526/3169/2273
f 2472/3078/2189 2471/3076/2187 2503/3163/2267 2504/3170/2274
f 2481/3096/2207 2480/3094/2205 2512/3164/2268 2513/3132/2243
f 2490/3114/2225 2489/3112/2223 2521/3165/2269 2522/3140/2249
f 2499/3071/2182 2498/3130/2241 2530/3166/2270 2531/3144/2252
f 2477/3088/2199 2476/3086/2197 2508/3167/2271 2509/3146/2253
f 2486/3106/2217 2485/3104/2215 2517/3168/2272 2518/3148/2254
f 2495/3124/2235 2494/3122/2233 2526/3169/2273 2527/3150/2256
f 2473/3080/2191 2472/3078/2189 2504/3170/2274 2505/3152/2258
f 2502/3156/2260 2500/3143/2246 2533/3171/2275 2543/3172/2276
f 2528/3151/2257 2527/3150/2256 2668/3173/2277 2673/3174/2278
f 2515/3154/2211 2514/3133/2244 2603/3139/2248 2608/3175/2279
f 2532/3176/2280 2538/3177/2281 2687/3178/2282 2682/3179/2283 2677/3180/2284 2672/3181/2285 2667/3182/2286 2662/3183/2287 2657/3184/2288 2652/3185/2289 2647/3186/2290 2642/3187/2291 2637/3188/2292 2632/3189/2293 2627/3190/2294 2622/3191/2295 2617/3192/2296 2612/3193/2297 2607/3194/2298 2602/3195/2299 2597/3196/2300 2592/3197/2301 2587/3198/2302 2582/3199/2303 2577/3200/2304 2572/3201/2305 2567/3202/2306 2562/3203/2307 2557/3204/2308 2552/3205/2309 2547/3206/2310 2542/3207/2311
f 2529/3159/2263 2528/3151/2257 2673/3174/2278 2678/3208/2312
f 2516/3161/2265 2515/3154/2211 2608/3175/2279 2613/3209/2313
f 2501/3145/2251 2531/3144/2252 2688/3210/2314 2537/3211/2315
f 2530/3166/2270 2529/3159/2263 2678/3208/2312 2683/3212/2316
f 2517/3168/2272 2516/3161/2265 2613/3209/2313 2618/3213/2317
f 2504/3170/2274 2503/3163/2267 2548/3214/2318 2553/3215/2319
f 2531/3144/2252 2530/3166/2270 2683/3212/2316 2688/3210/2314
f 2518/3148/2254 2517/3168/2272 2618/3213/2317 2623/3216/2320
f 2505/3152/2258 2504/3170/2274 2553/3215/2319 2558/3217/2321
f 2519/3149/2255 2518/3148/2254 2623/3216/2320 2628/3218/2322
f 2506/3153/2193 2505/3152/2258 2558/3217/2321 2563/3219/2323
f 2503/3163/2267 2502/3156/2260 2543/3172/2276 2548/3214/2318
f 2520/3158/2262 2519/3149/2255 2628/3218/2322 2633/3220/2324
f 2507/3160/2264 2506/3153/2193 2563/3219/2323 2568/3221/2325
f 2521/3165/2269 2520/3158/2262 2633/3220/2324 2638/3222/2326
f 2508/3167/2271 2507/3160/2264 2568/3221/2325 2573/3223/2327
f 2522/3140/2249 2521/3165/2269 2638/3222/2326 2643/3224/2328
f 2509/3146/2253 2508/3167/2271 2573/3223/2327 2578/3225/2329
f 2523/3141/2250 2522/3140/2249 2643/3224/2328 2648/3226/2330
f 2510/3147/2201 2509/3146/2253 2578/3227/2329 2583/3228/2331
f 2524/3155/2259 2523/3141/2250 2648/3226/2330 2653/3229/2332
f 2511/3157/2261 2510/3147/2201 2583/3228/2331 2588/3230/2333
f 2525/3162/2266 2524/3155/2259 2653/3229/2332 2658/3231/2334
f 2512/3164/2268 2511/3157/2261 2588/3230/2333 2593/3232/2335
f 2526/3169/2273 2525/3162/2266 2658/3231/2334 2663/3233/2336
f 2513/3132/2243 2512/3164/2268 2593/3232/2335 2598/3138/2247
f 2527/3150/2256 2526/3169/2273 2663/3233/2336 2668/3173/2277
f 2533/3171/2275 2537/3234/2315 2539/3235/2337 2536/3236/2338
f 2536/3236/2338 2539/3235/2337 2540/3237/2339 2535/3238/2340
f 2535/3239/2340 2540/3240/2339 2541/3241/2341 2534/3242/2342
f 2534/3242/2342 2541/3241/2341 2538/3177/2281 2532/3176/2280
f 2543/3172/2276 2533/3171/2275 2536/3243/2338 2546/3244/2343
f 2546/3244/2343 2536/3243/2338 2535/3245/2340 2545/3246/2344
f 2545/3247/2344 2535/3248/2340 2534/3242/2342 2544/3249/2345
f 2544/3249/2345 2534/3242/2342 2532/3176/2280 2542/3207/2311
f 2548/3214/2318 2543/3172/2276 2546/3250/2343 2551/3251/2346
f 2551/3251/2346 2546/3250/2343 2545/3252/2344 2550/3253/2347
f 2550/3254/2347 2545/3255/2344 2544/3249/2345 2549/3256/2348
f 2549/3256/2348 2544/3249/2345 2542/3207/2311 2547/3206/2310
f 2553/3215/2319 2548/3214/2318 2551/3257/2346 2556/3258/2349
f 2556/3258/2349 2551/3257/2346 2550/3259/2347 2555/3260/2350
f 2555/3261/2350 2550/3262/2347 2549/3256/2348 2554/3263/2351
f 2554/3263/2351 2549/3256/2348 2547/3206/2310 2552/3205/2309
f 2558/3217/2321 2553/3215/2319 2556/3264/2349 2561/3265/2352
f 2561/3265/2352 2556/3264/2349 2555/3266/2350 2560/3267/2353
f 2560/3268/2353 2555/3269/2350 2554/3263/2351 2559/3270/2354
f 2559/3270/2354 2554/3263/2351 2552/3205/2309 2557/3204/2308
f 2563/3219/2323 2558/3217/2321 2561/3271/2352 2566/3272/2355
f 2566/3272/2355 2561/3271/2352 2560/3273/2353 2565/3274/2356
f 2565/3275/2356 2560/3276/2353 2559/3270/2354 2564/3277/2357
f 2564/3277/2357 2559/3270/2354 2557/3204/2308 2562/3203/2307
f 2568/3221/2325 2563/3219/2323 2566/3278/2355 2571/3279/2358
f 2571/3279/2358 2566/3278/2355 2565/3280/2356 2570/3281/2359
f 2570/3282/2359 2565/3283/2356 2564/3277/2357 2569/3284/2360
f 2569/3284/2360 2564/3277/2357 2562/3203/2307 2567/3202/2306
f 2573/3223/2327 2568/3221/2325 2571/3285/2358 2576/3286/2361
f 2576/3286/2361 2571/3285/2358 2570/3287/2359 2575/3288/2362
f 2575/3289/2362 2570/3290/2359 2569/3284/2360 2574/3291/2363
f 2574/3291/2363 2569/3284/2360 2567/3202/2306 2572/3201/2305
f 2578/3225/2329 2573/3223/2327 2576/3292/2361 2581/3293/2364
f 2581/3293/2364 2576/3292/2361 2575/3294/2362 2580/3295/2365
f 2580/3296/2365 2575/3297/2362 2574/3291/2363 2579/3298/2366
f 2579/3298/2366 2574/3291/2363 2572/3201/2305 2577/3200/2304
f 2583/3228/2331 2578/3227/2329 2581/3299/2364 2586/3300/2367
f 2586/3300/2367 2581/3299/2364 2580/3301/2365 2585/3302/2368
f 2585/3303/2368 2580/3304/2365 2579/3298/2366 2584/3305/2369
f 2584/3305/2369 2579/3298/2366 2577/3200/2304 2582/3199/2303
f 2588/3230/2333 2583/3228/2331 2586/3306/2367 2591/3307/2370
f 2591/3307/2370 2586/3306/2367 2585/3308/2368 2590/3309/2371
f 2590/3310/2371 2585/3311/2368 2584/3305/2369 2589/3312/2372
f 2589/3312/2372 2584/3305/2369 2582/3199/2303 2587/3198/2302
f 2593/3232/2335 2588/3230/2333 2591/3313/2370 2596/3314/2373
f 2596/3314/2373 2591/3313/2370 2590/3315/2371 2595/3316/2374
f 2595/3317/2374 2590/3318/2371 2589/3312/2372 2594/3319/2375
f 2594/3319/2375 2589/3312/2372 2587/3198/2302 2592/3197/2301
f 2598/3138/2247 2593/3232/2335 2596/3320/2373 2601/3321/2376
f 2601/3321/2376 2596/3320/2373 2595/3322/2374 2600/3323/2377
f 2600/3324/2377 2595/3325/2374 2594/3319/2375 2599/3326/2378
f 2599/3326/2378 2594/3319/2375 2592/3197/2301 2597/3196/2300
f 2603/3139/2248 2598/3138/2247 2601/3327/2376 2606/3328/2379
f 2606/3328/2379 2601/3327/2376 2600/3329/2377 2605/3330/2380
f 2605/3331/2380 2600/3332/2377 2599/3326/2378 2604/3333/2381
f 2604/3333/2381 2599/3326/2378 2597/3196/2300 2602/3195/2299
f 2608/3175/2279 2603/3139/2248 2606/3334/2379 2611/3335/2382
f 2611/3335/2382 2606/3334/2379 2605/3336/2380 2610/3337/2383
f 2610/3338/2383 2605/3339/2380 2604/3333/2381 2609/3340/2384
f 2609/3340/2384 2604/3333/2381 2602/3195/2299 2607/3194/2298
f 2613/3209/2313 2608/3175/2279 2611/3341/2382 2616/3342/2385
f 2616/3342/2385 2611/3341/2382 2610/3343/2383 2615/3344/2386
f 2615/3345/2386 2610/3346/2383 2609/3340/2384 2614/3347/2387
f 2614/3347/2387 2609/3340/2384 2607/3194/2298 2612/3193/2297
f 2618/3213/2317 2613/3209/2313 2616/3348/2385 2621/3349/2388
f 2621/3349/2388 2616/3348/2385 2615/3350/2386 2620/3351/2389
f 2620/3352/2389 2615/3353/2386 2614/3347/2387 2619/3354/2390
f 2619/3354/2390 2614/3347/2387 2612/3193/2297 2617/3192/2296
f 2623/3216/2320 2618/3213/2317 2621/3355/2388 2626/3356/2391
f 2626/3356/2391 2621/3355/2388 2620/3357/2389 2625/3358/2392
f 2625/3359/2392 2620/3360/2389 2619/3354/2390 2624/3361/2393
f 2624/3361/2393 2619/3354/2390 2617/3192/2296 2622/3191/2295
f 2628/3218/2322 2623/3216/2320 2626/3362/2391 2631/3363/2394
f 2631/3363/2394 2626/3362/2391 2625/3364/2392 2630/3365/2395
f 2630/3366/2395 2625/3367/2392 2624/3361/2393 2629/3368/2396
f 2629/3368/2396 2624/3361/2393 2622/3191/2295 2627/3190/2294
f 2633/3220/2324 2628/3218/2322 2631/3369/2394 2636/3370/2397
f 2636/3370/2397 2631/3369/2394 2630/3371/2395 2635/3372/2398
f 2635/3373/2398 2630/3374/2395 2629/3368/2396 2634/3375/2399
f 2634/3375/2399 2629/3368/2396 2627/3190/2294 2632/3189/2293
f 2638/3222/2326 2633/3220/2324 2636/3376/2397 2641/3377/2400
f 2641/3377/2400 2636/3376/2397 2635/3378/2398 2640/3379/2401
f 2640/3380/2401 2635/3381/2398 2634/3375/2399 2639/3382/2402
f 2639/3382/2402 2634/3375/2399 2632/3189/2293 2637/3188/2292
f 2643/3224/2328 2638/3222/2326 2641/3383/2400 2646/3384/2403
f 2646/3384/2403 2641/3383/2400 2640/3385/2401 2645/3386/2404
f 2645/3387/2404 2640/3388/2401 2639/3382/2402 2644/3389/2405
f 2644/3389/2405 2639/3382/2402 2637/3188/2292 2642/3187/2291
f 2648/3226/2330 2643/3224/2328 2646/3390/2403 2651/3391/2406
f 2651/3391/2406 2646/3390/2403 2645/3392/2404 2650/3393/2407
f 2650/3394/2407 2645/3395/2404 2644/3389/2405 2649/3396/2408
f 2649/3396/2408 2644/3389/2405 2642/3187/2291 2647/3186/2290
f 2653/3229/2332 2648/3226/2330 2651/3397/2406 2656/3398/2409
f 2656/3398/2409 2651/3397/2406 2650/3399/2407 2655/3400/2410
f 2655/3401/2410 2650/3402/2407 2649/3396/2408 2654/3403/2411
f 2654/3403/2411 2649/3396/2408 2647/3186/2290 2652/3185/2289
f 2658/3231/2334 2653/3229/2332 2656/3404/2409 2661/3405/2412
f 2661/3405/2412 2656/3404/2409 2655/3406/2410 2660/3407/2413
f 2660/3408/2413 2655/3409/2410 2654/3403/2411 2659/3410/2414
f 2659/3410/2414 2654/3403/2411 2652/3185/2289 2657/3184/2288
f 2663/3233/2336 2658/3231/2334 2661/3411/2412 2666/3412/2415
f 2666/3412/2415 2661/3411/2412 2660/3413/2413 2665/3414/2416
f 2665/3415/2416 2660/3416/2413 2659/3410/2414 2664/3417/2417
f 2664/3417/2417 2659/3410/2414 2657/3184/2288 2662/3183/2287
f 2668/3173/2277 2663/3233/2336 2666/3418/2415 2671/3419/2418
f 2671/3419/2418 2666/3418/2415 2665/3420/2416 2670/3421/2419
f 2670/3422/2419 2665/3423/2416 2664/3417/2417 2669/3424/2420
f 2669/3424/2420 2664/3417/2417 2662/3183/2287 2667/3182/2286
f 2673/3174/2278 2668/3173/2277 2671/3425/2418 2676/3426/2421
f 2676/3426/2421 2671/3425/2418 2670/3427/2419 2675/3428/2422
f 2675/3429/2422 2670/3430/2419 2669/3424/2420 2674/3431/2423
f 2674/3431/2423 2669/3424/2420 2667/3182/2286 2672/3181/2285
f 2678/3208/2312 2673/3174/2278 2676/3432/2421 2681/3433/2424
f 2681/3433/2424 2676/3432/2421 2675/3434/2422 2680/3435/2425
f 2680/3436/2425 2675/3437/2422 2674/3431/2423 2679/3438/2426
f 2679/3438/2426 2674/3431/2423 2672/3181/2285 2677/3180/2284
f 2683/3212/2316 2678/3208/2312 2681/3439/2424 2686/3440/2427
f 2686/3440/2427 2681/3439/2424 2680/3441/2425 2685/3442/2428
f 2685/3443/2428 2680/3444/2425 2679/3438/2426 2684/3445/2429
f 2684/3445/2429 2679/3438/2426 2677/3180/2284 2682/3179/2283
f 2688/3210/2314 2683/3212/2316 2686/3446/2427 2691/3447/2430
f 2691/3447/2430 2686/3446/2427 2685/3448/2428 2690/3449/2431
f 2690/3450/2431 2685/3451/2428 2684/3445/2429 2689/3452/2432
f 2689/3452/2432 2684/3445/2429 2682/3179/2283 2687/3178/2282
f 2537/3211/2315 2688/3210/2314 2691/3453/2430 2539/3454/2337
f 2539/3454/2337 2691/3453/2430 2690/3455/2431 2540/3456/2339
f 2540/3457/2339 2690/3458/2431 2689/3452/2432 2541/3241/2341
f 2541/3241/2341 2689/3452/2432 2687/3178/2282 2538/3177/2281
f 2500/3143/2246 2501/3142/2251 2537/3234/2315 2533/3171/2275
f 2693/3136/2184 2697/3134/2245 2699/3459/2433 2695/3460/2434
f 2695/3460/2434 2699/3459/2433 2698/3461/2435 2694/3462/2436
f 2694/3463/2436 2698/3464/2435 2696/3465/2437 2692/3466/2438
f 2697/3134/2245 2701/3074/2185 2703/3467/2439 2699/3468/2433
f 2699/3468/2433 2703/3467/2439 2702/3469/2440 2698/3470/2435
f 2698/3464/2435 2702/3471/2440 2700/3472/2441 2696/3465/2437
f 2701/3074/2185 2705/3077/2188 2707/3473/2442 2703/3474/2439
f 2703/3474/2439 2707/3473/2442 2706/3475/2443 2702/3476/2440
f 2702/3471/2440 2706/3477/2443 2704/3478/2444 2700/3472/2441
f 2705/3077/2188 2709/3079/2190 2711/3479/2445 2707/3480/2442
f 2707/3480/2442 2711/3479/2445 2710/3481/2446 2706/3482/2443
f 2706/3477/2443 2710/3483/2446 2708/3484/2447 2704/3478/2444
f 2709/3079/2190 2713/3081/2192 2715/3485/2448 2711/3486/2445
f 2711/3486/2445 2715/3485/2448 2714/3487/2449 2710/3488/2446
f 2710/3483/2446 2714/3489/2449 2712/3490/2450 2708/3484/2447
f 2713/3081/2192 2717/3083/2194 2719/3491/2451 2715/3492/2448
f 2715/3492/2448 2719/3491/2451 2718/3493/2452 2714/3494/2449
f 2714/3489/2449 2718/3495/2452 2716/3496/2453 2712/3490/2450
f 2717/3083/2194 2721/3085/2196 2723/3497/2454 2719/3498/2451
f 2719/3498/2451 2723/3497/2454 2722/3499/2455 2718/3500/2452
f 2718/3495/2452 2722/3501/2455 2720/3502/2456 2716/3496/2453
f 2721/3085/2196 2725/3087/2198 2727/3503/2457 2723/3504/2454
f 2723/3504/2454 2727/3503/2457 2726/3505/2458 2722/3506/2455
f 2722/3501/2455 2726/3507/2458 2724/3508/2459 2720/3502/2456
f 2725/3087/2198 2729/3089/2200 2731/3509/2460 2727/3510/2457
f 2727/3510/2457 2731/3509/2460 2730/3511/2461 2726/3512/2458
f 2726/3507/2458 2730/3513/2461 2728/3514/2462 2724/3508/2459
f 2729/3089/2200 2733/3091/2202 2735/3515/2463 2731/3516/2460
f 2731/3516/2460 2735/3515/2463 2734/3517/2464 2730/3518/2461
f 2730/3513/2461 2734/3519/2464 2732/3520/2465 2728/3514/2462
f 2733/3091/2202 2737/3093/2204 2739/3521/2466 2735/3522/2463
f 2735/3522/2463 2739/3521/2466 2738/3523/2467 2734/3524/2464
f 2734/3519/2464 2738/3525/2467 2736/3526/2468 2732/3520/2465
f 2737/3093/2204 2741/3095/2206 2743/3527/2469 2739/3528/2466
f 2739/3528/2466 2743/3527/2469 2742/3529/2470 2738/3530/2467
f 2738/3525/2467 2742/3531/2470 2740/3532/2471 2736/3526/2468
f 2741/3095/2206 2745/3097/2208 2747/3533/2472 2743/3534/2469
f 2743/3534/2469 2747/3533/2472 2746/3535/2473 2742/3536/2470
f 2742/3531/2470 2746/3537/2473 2744/3538/2474 2740/3532/2471
f 2745/3097/2208 2749/3099/2210 2751/3539/2475 2747/3540/2472
f 2747/3540/2472 2751/3539/2475 2750/3541/2476 2746/3542/2473
f 2746/3537/2473 2750/3543/2476 2748/3544/2477 2744/3538/2474
f 2749/3099/2210 2753/3101/2212 2755/3545/2478 2751/3546/2475
f 2751/3546/2475 2755/3545/2478 2754/3547/2479 2750/3548/2476
f 2750/3543/2476 2754/3549/2479 2752/3550/2480 2748/3544/2477
f 2753/3101/2212 2757/3103/2214 2759/3551/2481 2755/3552/2478
f 2755/3552/2478 2759/3551/2481 2758/3553/2482 2754/3554/2479
f 2754/3549/2479 2758/3555/2482 2756/3556/2483 2752/3550/2480
f 2757/3103/2214 2761/3105/2216 2763/3557/2484 2759/3558/2481
f 2759/3558/2481 2763/3557/2484 2762/3559/2485 2758/3560/2482
f 2758/3555/2482 2762/3561/2485 2760/3562/2486 2756/3556/2483
f 2761/3105/2216 2765/3107/2218 2767/3563/2487 2763/3564/2484
f 2763/3564/2484 2767/3563/2487 2766/3565/2488 2762/3566/2485
f 2762/3561/2485 2766/3567/2488 2764/3568/2489 2760/3562/2486
f 2765/3107/2218 2769/3109/2220 2771/3569/2490 2767/3570/2487
f 2767/3570/2487 2771/3569/2490 2770/3571/2491 2766/3572/2488
f 2766/3567/2488 2770/3573/2491 2768/3574/2492 2764/3568/2489
f 2769/3109/2220 2773/3111/2222 2775/3575/2493 2771/3576/2490
f 2771/3576/2490 2775/3575/2493 2774/3577/2494 2770/3578/2491
f 2770/3573/2491 2774/3579/2494 2772/3580/2495 2768/3574/2492
f 2773/3111/2222 2777/3113/2224 2779/3581/2496 2775/3582/2493
f 2775/3582/2493 2779/3581/2496 2778/3583/2497 2774/3584/2494
f 2774/3579/2494 2778/3585/2497 2776/3586/2498 2772/3580/2495
f 2777/3113/2224 2781/3115/2226 2783/3587/2499 2779/3588/2496
f 2779/3588/2496 2783/3587/2499 2782/3589/2500 2778/3590/2497
f 2778/3585/2497 2782/3591/2500 2780/3592/2501 2776/3586/2498
f 2781/3115/2226 2785/3117/2228 2787/3593/2502 2783/3594/2499
f 2783/3594/2499 2787/3593/2502 2786/3595/2503 2782/3596/2500
f 2782/3591/2500 2786/3597/2503 2784/3598/2504 2780/3592/2501
f 2785/3117/2228 2789/3119/2230 2791/3599/2505 2787/3600/2502
f 2787/3600/2502 2791/3599/2505 2790/3601/2506 2786/3602/2503
f 2786/3597/2503 2790/3603/2506 2788/3604/2507 2784/3598/2504
f 2789/3119/2230 2793/3121/2232 2795/3605/2508 2791/3606/2505
f 2791/3606/2505 2795/3605/2508 2794/3607/2509 2790/3608/2506
f 2790/3603/2506 2794/3609/2509 2792/3610/2510 2788/3604/2507
f 2793/3121/2232 2797/3123/2234 2799/3611/2511 2795/3612/2508
f 2795/3612/2508 2799/3611/2511 2798/3613/2512 2794/3614/2509
f 2794/3609/2509 2798/3615/2512 2796/3616/2513 2792/3610/2510
f 2797/3123/2234 2801/3125/2236 2803/3617/2514 2799/3618/2511
f 2799/3618/2511 2803/3617/2514 2802/3619/2515 2798/3620/2512
f 2798/3615/2512 2802/3621/2515 2800/3622/2516 2796/3616/2513
f 2801/3125/2236 2805/3127/2238 2807/3623/2517 2803/3624/2514
f 2803/3624/2514 2807/3623/2517 2806/3625/2518 2802/3626/2515
f 2802/3621/2515 2806/3627/2518 2804/3628/2519 2800/3622/2516
f 2805/3127/2238 2809/3129/2240 2811/3629/2520 2807/3630/2517
f 2807/3630/2517 2811/3629/2520 2810/3631/2521 2806/3632/2518
f 2806/3627/2518 2810/3633/2521 2808/3634/2522 2804/3628/2519
f 2809/3129/2240 2813/3131/2242 2815/3635/2523 2811/3636/2520
f 2811/3636/2520 2815/3635/2523 2814/3637/2524 2810/3638/2521
f 2810/3633/2521 2814/3639/2524 2812/3640/2525 2808/3634/2522
f 2813/3131/2242 2817/3070/2181 2819/3641/2526 2815/3642/2523
f 2815/3642/2523 2819/3641/2526 2818/3643/2527 2814/3644/2524
f 2814/3639/2524 2818/3645/2527 2816/3646/2528 2812/3640/2525
f 2817/3070/2181 2693/3073/2184 2695/3647/2434 2819/3648/2526
f 2819/3648/2526 2695/3647/2434 2694/3649/2436 2818/3650/2527
f 2818/3645/2527 2694/3463/2436 2692/3466/2438 2816/3646/2528
f 2692/3466/2438 2696/3465/2437 2700/3472/2441 2704/3478/2444 2708/3484/2447 2712/3490/2450 2716/3496/2453 2720/3502/2456 2724/3508/2459 2728/3514/2462 2732/3520/2465 2736/3526/2468 2740/3532/2471 2744/3538/2474 2748/3544/2477 2752/3550/2480 2756/3556/2483 2760/3562/2486 2764/3568/2489 2768/3574/2492 2772/3580/2495 2776/3586/2498 2780/3592/2501 2784/3598/2504 2788/3604/2507 2792/3610/2510 2796/3616/2513 2800/3622/2516 2804/3628/2519 2808/3634/2522 2812/3640/2525 2816/3646/2528
f 2820/3651/2529 2821/3652/2529 2823/3653/2530 2822/3654/2530
f 2822/3654/2530 2823/3653/2530 2825/3655/2531 2824/3656/2531
f 2824/3656/2531 2825/3655/2531 2827/3657/2532 2826/3658/2532
f 2826/3658/2532 2827/3657/2532 2829/3659/2533 2828/3660/2533
f 2828/3660/2533 2829/3659/2533 2831/3661/2534 2830/3662/2534
f 2830/3662/2534 2831/3661/2534 2833/3663/2535 2832/3664/2535
f 2832/3664/2535 2833/3663/2535 2835/3665/2536 2834/3666/2536
f 2834/3666/2536 2835/3665/2536 2837/3667/2537 2836/3668/2537
f 2836/3668/2537 2837/3667/2537 2839/3669/2538 2838/3670/2538
f 2838/3670/2538 2839/3669/2538 2841/3671/2539 2840/3672/2539
f 2840/3672/2539 2841/3671/2539 2843/3673/2540 2842/3674/2540
f 2842/3674/2540 2843/3673/2540 2845/3675/2541 2844/3676/2541
f 2844/3676/2541 2845/3675/2541 2847/3677/2542 2846/3678/2542
f 2846/3678/2542 2847/3677/2542 2849/3679/2543 2848/3680/2543
f 2848/3680/2543 2849/3679/2543 2851/3681/2544 2850/3682/2544
f 2850/3682/2544 2851/3681/2544 2853/3683/2545 2852/3684/2545
f 2852/3684/2545 2853/3683/2545 2855/3685/2546 2854/3686/2546
f 2854/3686/2546 2855/3685/2546 2857/3687/2547 2856/3688/2547
f 2856/3688/2547 2857/3687/2547 2859/3689/2548 2858/3690/2548
f 2858/3690/2548 2859/3689/2548 2861/3691/2549 2860/3692/2549
f 2860/3692/2549 2861/3691/2549 2863/3693/2550 2862/3694/2550
f 2862/3694/2550 2863/3693/2550 2865/3695/2551 2864/3696/2551
f 2864/3696/2551 2865/3695/2551 2867/3697/2552 2866/3698/2552
f 2866/3698/2552 2867/3697/2552 2821/3699/2529 2820/3700/2529
f 3217/3701/2553 3093/3702/2554 2868/3703/2555 2899/3704/2556
f 3101/3705/2557 3105/3706/2558 2871/3707/2559 2870/3708/2560
f 3105/3706/2558 3109/3709/2561 2872/3710/2562 2871/3707/2559
f 3109/3709/2561 3113/3711/2563 2873/3712/2564 2872/3710/2562
f 3113/3711/2563 3117/3713/2565 2874/3714/2566 2873/3712/2564
f 3117/3713/2565 3121/3715/2567 2875/3716/2568 2874/3714/2566
f 3121/3715/2567 3125/3717/2569 2876/3718/2570 2875/3716/2568
f 3125/3717/2569 3129/3719/2571 2877/3720/2572 2876/3718/2570
f 3129/3719/2571 3133/3721/2573 2878/3722/2574 2877/3720/2572
f 3133/3721/2573 3137/3723/2575 2879/3724/2576 2878/3722/2574
f 3137/3723/2575 3141/3725/2577 2880/3726/2578 2879/3724/2576
f 3141/3725/2577 3145/3727/2579 2881/3728/2580 2880/3726/2578
f 3145/3727/2579 3149/3729/2581 2882/3730/2582 2881/3728/2580
f 3149/3729/2581 3153/3731/2583 2883/3732/2584 2882/3730/2582
f 3153/3731/2583 3157/3733/2585 2884/3734/2586 2883/3732/2584
f 3157/3733/2585 3161/3735/2587 2885/3736/2588 2884/3734/2586
f 3161/3735/2587 3165/3737/2589 2886/3738/2590 2885/3736/2588
f 3165/3737/2589 3169/3739/2591 2887/3740/2592 2886/3738/2590
f 3169/3739/2591 3173/3741/2593 2888/3742/2594 2887/3740/2592
f 3173/3741/2593 3177/3743/2595 2889/3744/2596 2888/3742/2594
f 3177/3743/2595 3181/3745/2597 2890/3746/2598 2889/3744/2596
f 3181/3745/2597 3185/3747/2599 2891/3748/2600 2890/3746/2598
f 3185/3747/2599 3189/3749/2601 2892/3750/2602 2891/3748/2600
f 3189/3749/2601 3193/3751/2603 2893/3752/2604 2892/3750/2602
f 3193/3751/2603 3197/3753/2605 2894/3754/2606 2893/3752/2604
f 3197/3753/2605 3201/3755/2607 2895/3756/2608 2894/3754/2606
f 3201/3755/2607 3205/3757/2609 2896/3758/2610 2895/3756/2608
f 3205/3757/2609 3209/3759/2611 2897/3760/2612 2896/3758/2610
f 3209/3759/2611 3213/3761/2613 2898/3762/2614 2897/3760/2612
f 3213/3761/2613 3217/3701/2553 2899/3704/2556 2898/3762/2614
f 2882/3730/2582 2914/3763/2615 2913/3764/2616 2881/3728/2580
f 3097/3765/2617 3101/3705/2557 2870/3708/2560 2869/3766/2618
f 3093/3767/2554 3097/3765/2617 2869/3766/2618 2868/3768/2555
f 2914/3763/2615 3003/3769/2619 2998/3770/2620 2913/3764/2616
f 2891/3748/2600 2923/3771/2621 2922/3772/2622 2890/3746/2598
f 2869/3766/2618 2900/3773/2618 2901/3774/2623 2868/3768/2555
f 2868/3703/2555 2901/3775/2623 2931/3776/2624 2899/3704/2556
f 2878/3722/2574 2910/3777/2574 2909/3778/2625 2877/3720/2572
f 2887/3740/2592 2919/3779/2626 2918/3780/2627 2886/3738/2590
f 2896/3758/2610 2928/3781/2628 2927/3782/2629 2895/3756/2608
f 2874/3714/2566 2906/3783/2566 2905/3784/2630 2873/3712/2564
f 2883/3732/2584 2915/3785/2584 2914/3763/2615 2882/3730/2582
f 2892/3750/2602 2924/3786/2631 2923/3771/2621 2891/3748/2600
f 2870/3708/2560 2902/3787/2632 2900/3773/2618 2869/3766/2618
f 2879/3724/2576 2911/3788/2633 2910/3777/2574 2878/3722/2574
f 2888/3742/2594 2920/3789/2634 2919/3779/2626 2887/3740/2592
f 2897/3760/2612 2929/3790/2635 2928/3781/2628 2896/3758/2610
f 2875/3716/2568 2907/3791/2636 2906/3783/2566 2874/3714/2566
f 2884/3734/2586 2916/3792/2637 2915/3785/2584 2883/3732/2584
f 2893/3752/2604 2925/3793/2638 2924/3786/2631 2892/3750/2602
f 2871/3707/2559 2903/3794/2639 2902/3787/2632 2870/3708/2560
f 2880/3726/2578 2912/3795/2640 2911/3788/2633 2879/3724/2576
f 2889/3744/2596 2921/3796/2641 2920/3789/2634 2888/3742/2594
f 2898/3762/2614 2930/3797/2642 2929/3790/2635 2897/3760/2612
f 2876/3718/2570 2908/3798/2643 2907/3791/2636 2875/3716/2568
f 2885/3736/2588 2917/3799/2644 2916/3792/2637 2884/3734/2586
f 2894/3754/2606 2926/3800/2645 2925/3793/2638 2893/3752/2604
f 2872/3710/2562 2904/3801/2646 2903/3794/2639 2871/3707/2559
f 2881/3728/2580 2913/3764/2616 2912/3795/2640 2880/3726/2578
f 2890/3746/2598 2922/3772/2622 2921/3796/2641 2889/3744/2596
f 2899/3704/2556 2931/3776/2624 2930/3797/2642 2898/3762/2614
f 2877/3720/2572 2909/3778/2625 2908/3798/2643 2876/3718/2570
f 2886/3738/2590 2918/3780/2627 2917/3799/2644 2885/3736/2588
f 2895/3756/2608 2927/3782/2629 2926/3800/2645 2894/3754/2606
f 2873/3712/2564 2905/3784/2630 2904/3801/2646 2872/3710/2562
f 2902/3787/2632 2943/3802/2647 2933/3803/2648 2900/3773/2618
f 2928/3781/2628 3073/3804/2649 3068/3805/2650 2927/3782/2629
f 2915/3785/2584 3008/3806/2651 3003/3769/2619 2914/3763/2615
f 2932/3807/2652 2942/3808/2653 2947/3809/2654 2952/3810/2655 2957/3811/2656 2962/3812/2657 2967/3813/2658 2972/3814/2659 2977/3815/2660 2982/3816/2661 2987/3817/2662 2992/3818/2663 2997/3819/2664 3002/3820/2665 3007/3821/2666 3012/3822/2667 3017/3823/2668 3022/3824/2669 3027/3825/2670 3032/3826/2671 3037/3827/2672 3042/3828/2673 3047/3829/2674 3052/3830/2675 3057/3831/2676 3062/3832/2677 3067/3833/2678 3072/3834/2679 3077/3835/2680 3082/3836/2681 3087/3837/2682 2938/3838/2683
f 2929/3790/2635 3078/3839/2684 3073/3804/2649 2928/3781/2628
f 2916/3792/2637 3013/3840/2685 3008/3806/2651 2915/3785/2584
f 2901/3775/2623 2937/3841/2686 3088/3842/2687 2931/3776/2624
f 2930/3797/2642 3083/3843/2688 3078/3839/2684 2929/3790/2635
f 2917/3799/2644 3018/3844/2689 3013/3840/2685 2916/3792/2637
f 2904/3801/2646 2953/3845/2690 2948/3846/2691 2903/3794/2639
f 2931/3776/2624 3088/3842/2687 3083/3843/2688 2930/3797/2642
f 2918/3780/2627 3023/3847/2692 3018/3844/2689 2917/3799/2644
f 2905/3784/2630 2958/3848/2693 2953/3845/2690 2904/3801/2646
f 2919/3779/2626 3028/3849/2694 3023/3847/2692 2918/3780/2627
f 2906/3783/2566 2963/3850/2695 2958/3848/2693 2905/3784/2630
f 2903/3794/2639 2948/3846/2691 2943/3802/2647 2902/3787/2632
f 2920/3789/2634 3033/3851/2696 3028/3849/2694 2919/3779/2626
f 2907/3791/2636 2968/3852/2697 2963/3850/2695 2906/3783/2566
f 2921/3796/2641 3038/3853/2698 3033/3851/2696 2920/3789/2634
f 2908/3798/2643 2973/3854/2699 2968/3852/2697 2907/3791/2636
f 2922/3772/2622 3043/3855/2700 3038/3853/2698 2921/3796/2641
f 2909/3778/2625 2978/3856/2701 2973/3854/2699 2908/3798/2643
f 2923/3771/2621 3048/3857/2702 3043/3855/2700 2922/3772/2622
f 2910/3777/2574 2983/3858/2703 2978/3859/2701 2909/3778/2625
f 2924/3786/2631 3053/3860/2704 3048/3857/2702 2923/3771/2621
f 2911/3788/2633 2988/3861/2705 2983/3858/2703 2910/3777/2574
f 2925/3793/2638 3058/3862/2706 3053/3860/2704 2924/3786/2631
f 2912/3795/2640 2993/3863/2707 2988/3861/2705 2911/3788/2633
f 2926/3800/2645 3063/3864/2708 3058/3862/2706 2925/3793/2638
f 2913/3764/2616 2998/3770/2620 2993/3863/2707 2912/3795/2640
f 2927/3782/2629 3068/3805/2650 3063/3864/2708 2926/3800/2645
f 2933/3803/2648 2936/3865/2709 2939/3866/2710 2937/3867/2686
f 2936/3865/2709 2935/3868/2711 2940/3869/2712 2939/3866/2710
f 2935/3870/2711 2934/3871/2713 2941/3872/2714 2940/3873/2712
f 2934/3871/2713 2932/3807/2652 2938/3838/2683 2941/3872/2714
f 2943/3802/2647 2946/3874/2715 2936/3875/2709 2933/3803/2648
f 2946/3874/2715 2945/3876/2716 2935/3877/2711 2936/3875/2709
f 2945/3878/2716 2944/3879/2717 2934/3871/2713 2935/3880/2711
f 2944/3879/2717 2942/3808/2653 2932/3807/2652 2934/3871/2713
f 2948/3846/2691 2951/3881/2718 2946/3882/2715 2943/3802/2647
f 2951/3881/2718 2950/3883/2719 2945/3884/2716 2946/3882/2715
f 2950/3885/2719 2949/3886/2720 2944/3879/2717 2945/3887/2716
f 2949/3886/2720 2947/3809/2654 2942/3808/2653 2944/3879/2717
f 2953/3845/2690 2956/3888/2721 2951/3889/2718 2948/3846/2691
f 2956/3888/2721 2955/3890/2722 2950/3891/2719 2951/3889/2718
f 2955/3892/2722 2954/3893/2723 2949/3886/2720 2950/3894/2719
f 2954/3893/2723 2952/3810/2655 2947/3809/2654 2949/3886/2720
f 2958/3848/2693 2961/3895/2724 2956/3896/2721 2953/3845/2690
f 2961/3895/2724 2960/3897/2725 2955/3898/2722 2956/3896/2721
f 2960/3899/2725 2959/3900/2726 2954/3893/2723 2955/3901/2722
f 2959/3900/2726 2957/3811/2656 2952/3810/2655 2954/3893/2723
f 2963/3850/2695 2966/3902/2727 2961/3903/2724 2958/3848/2693
f 2966/3902/2727 2965/3904/2728 2960/3905/2725 2961/3903/2724
f 2965/3906/2728 2964/3907/2729 2959/3900/2726 2960/3908/2725
f 2964/3907/2729 2962/3812/2657 2957/3811/2656 2959/3900/2726
f 2968/3852/2697 2971/3909/2730 2966/3910/2727 2963/3850/2695
f 2971/3909/2730 2970/3911/2731 2965/3912/2728 2966/3910/2727
f 2970/3913/2731 2969/3914/2732 2964/3907/2729 2965/3915/2728
f 2969/3914/2732 2967/3813/2658 2962/3812/2657 2964/3907/2729
f 2973/3854/2699 2976/3916/2733 2971/3917/2730 2968/3852/2697
f 2976/3916/2733 2975/3918/2734 2970/3919/2731 2971/3917/2730
f 2975/3920/2734 2974/3921/2735 2969/3914/2732 2970/3922/2731
f 2974/3921/2735 2972/3814/2659 2967/3813/2658 2969/3914/2732
f 2978/3856/2701 2981/3923/2736 2976/3924/2733 2973/3854/2699
f 2981/3923/2736 2980/3925/2737 2975/3926/2734 2976/3924/2733
f 2980/3927/2737 2979/3928/2738 2974/3921/2735 2975/3929/2734
f 2979/3928/2738 2977/3815/2660 2972/3814/2659 2974/3921/2735
f 2983/3858/2703 2986/3930/2739 2981/3931/2736 2978/3859/2701
f 2986/3930/2739 2985/3932/2740 2980/3933/2737 2981/3931/2736
f 2985/3934/2740 2984/3935/2741 2979/3928/2738 2980/3936/2737
f 2984/3935/2741 2982/3816/2661 2977/3815/2660 2979/3928/2738
f 2988/3861/2705 2991/3937/2742 2986/3938/2739 2983/3858/2703
f 2991/3937/2742 2990/3939/2743 2985/3940/2740 2986/3938/2739
f 2990/3941/2743 2989/3942/2744 2984/3935/2741 2985/3943/2740
f 2989/3942/2744 2987/3817/2662 2982/3816/2661 2984/3935/2741
f 2993/3863/2707 2996/3944/2745 2991/3945/2742 2988/3861/2705
f 2996/3944/2745 2995/3946/2746 2990/3947/2743 2991/3945/2742
f 2995/3948/2746 2994/3949/2747 2989/3942/2744 2990/3950/2743
f 2994/3949/2747 2992/3818/2663 2987/3817/2662 2989/3942/2744
f 2998/3770/2620 3001/3951/2748 2996/3952/2745 2993/3863/2707
f 3001/3951/2748 3000/3953/2749 2995/3954/2746 2996/3952/2745
f 3000/3955/2749 2999/3956/2750 2994/3949/2747 2995/3957/2746
f 2999/3956/2750 2997/3819/2664 2992/3818/2663 2994/3949/2747
f 3003/3769/2619 3006/3958/2751 3001/3959/2748 2998/3770/2620
f 3006/3958/2751 3005/3960/2752 3000/3961/2749 3001/3959/2748
f 3005/3962/2752 3004/3963/2753 2999/3956/2750 3000/3964/2749
f 3004/3963/2753 3002/3820/2665 2997/3819/2664 2999/3956/2750
f 3008/3806/2651 3011/3965/2754 3006/3966/2751 3003/3769/2619
f 3011/3965/2754 3010/3967/2755 3005/3968/2752 3006/3966/2751
f 3010/3969/2755 3009/3970/2756 3004/3963/2753 3005/3971/2752
f 3009/3970/2756 3007/3821/2666 3002/3820/2665 3004/3963/2753
f 3013/3840/2685 3016/3972/2757 3011/3973/2754 3008/3806/2651
f 3016/3972/2757 3015/3974/2758 3010/3975/2755 3011/3973/2754
f 3015/3976/2758 3014/3977/2759 3009/3970/2756 3010/3978/2755
f 3014/3977/2759 3012/3822/2667 3007/3821/2666 3009/3970/2756
f 3018/3844/2689 3021/3979/2760 3016/3980/2757 3013/3840/2685
f 3021/3979/2760 3020/3981/2761 3015/3982/2758 3016/3980/2757
f 3020/3983/2761 3019/3984/2762 3014/3977/2759 3015/3985/2758
f 3019/3984/2762 3017/3823/2668 3012/3822/2667 3014/3977/2759
f 3023/3847/2692 3026/3986/2763 3021/3987/2760 3018/3844/2689
f 3026/3986/2763 3025/3988/2764 3020/3989/2761 3021/3987/2760
f 3025/3990/2764 3024/3991/2765 3019/3984/2762 3020/3992/2761
f 3024/3991/2765 3022/3824/2669 3017/3823/2668 3019/3984/2762
f 3028/3849/2694 3031/3993/2766 3026/3994/2763 3023/3847/2692
f 3031/3993/2766 3030/3995/2767 3025/3996/2764 3026/3994/2763
f 3030/3997/2767 3029/3998/2768 3024/3991/2765 3025/3999/2764
f 3029/3998/2768 3027/3825/2670 3022/3824/2669 3024/3991/2765
f 3033/3851/2696 3036/4000/2769 3031/4001/2766 3028/3849/2694
f 3036/4000/2769 3035/4002/2770 3030/4003/2767 3031/4001/2766
f 3035/4004/2770 3034/4005/2771 3029/3998/2768 3030/4006/2767
f 3034/4005/2771 3032/3826/2671 3027/3825/2670 3029/3998/2768
f 3038/3853/2698 3041/4007/2772 3036/4008/2769 3033/3851/2696
f 3041/4007/2772 3040/4009/2773 3035/4010/2770 3036/4008/2769
f 3040/4011/2773 3039/4012/2774 3034/4005/2771 3035/4013/2770
f 3039/4012/2774 3037/3827/2672 3032/3826/2671 3034/4005/2771
f 3043/3855/2700 3046/4014/2775 3041/4015/2772 3038/3853/2698
f 3046/4014/2775 3045/4016/2776 3040/4017/2773 3041/4015/2772
f 3045/4018/2776 3044/4019/2777 3039/4012/2774 3040/4020/2773
f 3044/4019/2777 3042/3828/2673 3037/3827/2672 3039/4012/2774
f 3048/3857/2702 3051/4021/2778 3046/4022/2775 3043/3855/2700
f 3051/4021/2778 3050/4023/2779 3045/4024/2776 3046/4022/2775
f 3050/4025/2779 3049/4026/2780 3044/4019/2777 3045/4027/2776
f 3049/4026/2780 3047/3829/2674 3042/3828/2673 3044/4019/2777
f 3053/3860/2704 3056/4028/2781 3051/4029/2778 3048/3857/2702
f 3056/4028/2781 3055/4030/2782 3050/4031/2779 3051/4029/2778
f 3055/4032/2782 3054/4033/2783 3049/4026/2780 3050/4034/2779
f 3054/4033/2783 3052/3830/2675 3047/3829/2674 3049/4026/2780
f 3058/3862/2706 3061/4035/2784 3056/4036/2781 3053/3860/2704
f 3061/4035/2784 3060/4037/2785 3055/4038/2782 3056/4036/2781
f 3060/4039/2785 3059/4040/2786 3054/4033/2783 3055/4041/2782
f 3059/4040/2786 3057/3831/2676 3052/3830/2675 3054/4033/2783
f 3063/3864/2708 3066/4042/2787 3061/4043/2784 3058/3862/2706
f 3066/4042/2787 3065/4044/2788 3060/4045/2785 3061/4043/2784
f 3065/4046/2788 3064/4047/2789 3059/4040/2786 3060/4048/2785
f 3064/4047/2789 3062/3832/2677 3057/3831/2676 3059/4040/2786
f 3068/3805/2650 3071/4049/2790 3066/4050/2787 3063/3864/2708
f 3071/4049/2790 3070/4051/2791 3065/4052/2788 3066/4050/2787
f 3070/4053/2791 3069/4054/2792 3064/4047/2789 3065/4055/2788
f 3069/4054/2792 3067/3833/2678 3062/3832/2677 3064/4047/2789
f 3073/3804/2649 3076/4056/2793 3071/4057/2790 3068/3805/2650
f 3076/4056/2793 3075/4058/2794 3070/4059/2791 3071/4057/2790
f 3075/4060/2794 3074/4061/2795 3069/4054/2792 3070/4062/2791
f 3074/4061/2795 3072/3834/2679 3067/3833/2678 3069/4054/2792
f 3078/3839/2684 3081/4063/2796 3076/4064/2793 3073/3804/2649
f 3081/4063/2796 3080/4065/2797 3075/4066/2794 3076/4064/2793
f 3080/4067/2797 3079/4068/2798 3074/4061/2795 3075/4069/2794
f 3079/4068/2798 3077/3835/2680 3072/3834/2679 3074/4061/2795
f 3083/3843/2688 3086/4070/2799 3081/4071/2796 3078/3839/2684
f 3086/4070/2799 3085/4072/2800 3080/4073/2797 3081/4071/2796
f 3085/4074/2800 3084/4075/2801 3079/4068/2798 3080/4076/2797
f 3084/4075/2801 3082/3836/2681 3077/3835/2680 3079/4068/2798
f 3088/3842/2687 3091/4077/2802 3086/4078/2799 3083/3843/2688
f 3091/4077/2802 3090/4079/2803 3085/4080/2800 3086/4078/2799
f 3090/4081/2803 3089/4082/2804 3084/4075/2801 3085/4083/2800
f 3089/4082/2804 3087/3837/2682 3082/3836/2681 3084/4075/2801
f 2937/3841/2686 2939/4084/2710 3091/4085/2802 3088/3842/2687
f 2939/4084/2710 2940/4086/2712 3090/4087/2803 3091/4085/2802
f 2940/4088/2712 2941/3872/2714 3089/4082/2804 3090/4089/2803
f 2941/3872/2714 2938/3838/2683 3087/3837/2682 3089/4082/2804
f 2900/3773/2618 2933/3803/2648 2937/3867/2686 2901/3774/2623
f 3093/3767/2554 3095/4090/2805 3099/4091/2806 3097/3765/2617
f 3095/4090/2805 3094/4092/2807 3098/4093/2808 3099/4091/2806
f 3094/4094/2807 3092/4095/2809 3096/4096/2810 3098/4097/2808
f 3097/3765/2617 3099/4098/2806 3103/4099/2811 3101/3705/2557
f 3099/4098/2806 3098/4100/2808 3102/4101/2812 3103/4099/2811
f 3098/4097/2808 3096/4096/2810 3100/4102/2813 3102/4103/2812
f 3101/3705/2557 3103/4104/2811 3107/4105/2814 3105/3706/2558
f 3103/4104/2811 3102/4106/2812 3106/4107/2815 3107/4105/2814
f 3102/4103/2812 3100/4102/2813 3104/4108/2816 3106/4109/2815
f 3105/3706/2558 3107/4110/2814 3111/4111/2817 3109/3709/2561
f 3107/4110/2814 3106/4112/2815 3110/4113/2818 3111/4111/2817
f 3106/4109/2815 3104/4108/2816 3108/4114/2819 3110/4115/2818
f 3109/3709/2561 3111/4116/2817 3115/4117/2820 3113/3711/2563
f 3111/4116/2817 3110/4118/2818 3114/4119/2821 3115/4117/2820
f 3110/4115/2818 3108/4114/2819 3112/4120/2822 3114/4121/2821
f 3113/3711/2563 3115/4122/2820 3119/4123/2823 3117/3713/2565
f 3115/4122/2820 3114/4124/2821 3118/4125/2824 3119/4123/2823
f 3114/4121/2821 3112/4120/2822 3116/4126/2825 3118/4127/2824
f 3117/3713/2565 3119/4128/2823 3123/4129/2826 3121/3715/2567
f 3119/4128/2823 3118/4130/2824 3122/4131/2827 3123/4129/2826
f 3118/4127/2824 3116/4126/2825 3120/4132/2828 3122/4133/2827
f 3121/3715/2567 3123/4134/2826 3127/4135/2829 3125/3717/2569
f 3123/4134/2826 3122/4136/2827 3126/4137/2830 3127/4135/2829
f 3122/4133/2827 3120/4132/2828 3124/4138/2831 3126/4139/2830
f 3125/3717/2569 3127/4140/2829 3131/4141/2832 3129/3719/2571
f 3127/4140/2829 3126/4142/2830 3130/4143/2833 3131/4141/2832
f 3126/4139/2830 3124/4138/2831 3128/4144/2834 3130/4145/2833
f 3129/3719/2571 3131/4146/2832 3135/4147/2835 3133/3721/2573
f 3131/4146/2832 3130/4148/2833 3134/4149/2836 3135/4147/2835
f 3130/4145/2833 3128/4144/2834 3132/4150/2837 3134/4151/2836
f 3133/3721/2573 3135/4152/2835 3139/4153/2838 3137/3723/2575
f 3135/4152/2835 3134/4154/2836 3138/4155/2839 3139/4153/2838
f 3134/4151/2836 3132/4150/2837 3136/4156/2840 3138/4157/2839
f 3137/3723/2575 3139/4158/2838 3143/4159/2841 3141/3725/2577
f 3139/4158/2838 3138/4160/2839 3142/4161/2842 3143/4159/2841
f 3138/4157/2839 3136/4156/2840 3140/4162/2843 3142/4163/2842
f 3141/3725/2577 3143/4164/2841 3147/4165/2844 3145/3727/2579
f 3143/4164/2841 3142/4166/2842 3146/4167/2845 3147/4165/2844
f 3142/4163/2842 3140/4162/2843 3144/4168/2846 3146/4169/2845
f 3145/3727/2579 3147/4170/2844 3151/4171/2847 3149/3729/2581
f 3147/4170/2844 3146/4172/2845 3150/4173/2848 3151/4171/2847
f 3146/4169/2845 3144/4168/2846 3148/4174/2849 3150/4175/2848
f 3149/3729/2581 3151/4176/2847 3155/4177/2850 3153/3731/2583
f 3151/4176/2847 3150/4178/2848 3154/4179/2851 3155/4177/2850
f 3150/4175/2848 3148/4174/2849 3152/4180/2852 3154/4181/2851
f 3153/3731/2583 3155/4182/2850 3159/4183/2853 3157/3733/2585
f 3155/4182/2850 3154/4184/2851 3158/4185/2854 3159/4183/2853
f 3154/4181/2851 3152/4180/2852 3156/4186/2855 3158/4187/2854
f 3157/3733/2585 3159/4188/2853 3163/4189/2856 3161/3735/2587
f 3159/4188/2853 3158/4190/2854 3162/4191/2857 3163/4189/2856
f 3158/4187/2854 3156/4186/2855 3160/4192/2858 3162/4193/2857
f 3161/3735/2587 3163/4194/2856 3167/4195/2859 3165/3737/2589
f 3163/4194/2856 3162/4196/2857 3166/4197/2860 3167/4195/2859
f 3162/4193/2857 3160/4192/2858 3164/4198/2861 3166/4199/2860
f 3165/3737/2589 3167/4200/2859 3171/4201/2862 3169/3739/2591
f 3167/4200/2859 3166/4202/2860 3170/4203/2863 3171/4201/2862
f 3166/4199/2860 3164/4198/2861 3168/4204/2864 3170/4205/2863
f 3169/3739/2591 3171/4206/2862 3175/4207/2865 3173/3741/2593
f 3171/4206/2862 3170/4208/2863 3174/4209/2866 3175/4207/2865
f 3170/4205/2863 3168/4204/2864 3172/4210/2867 3174/4211/2866
f 3173/3741/2593 3175/4212/2865 3179/4213/2868 3177/3743/2595
f 3175/4212/2865 3174/4214/2866 3178/4215/2869 3179/4213/2868
f 3174/4211/2866 3172/4210/2867 3176/4216/2870 3178/4217/2869
f 3177/3743/2595 3179/4218/2868 3183/4219/2871 3181/3745/2597
f 3179/4218/2868 3178/4220/2869 3182/4221/2872 3183/4219/2871
f 3178/4217/2869 3176/4216/2870 3180/4222/2873 3182/4223/2872
f 3181/3745/2597 3183/4224/2871 3187/4225/2874 3185/3747/2599
f 3183/4224/2871 3182/4226/2872 3186/4227/2875 3187/4225/2874
f 3182/4223/2872 3180/4222/2873 3184/4228/2876 3186/4229/2875
f 3185/3747/2599 3187/4230/2874 3191/4231/2877 3189/3749/2601
f 3187/4230/2874 3186/4232/2875 3190/4233/2878 3191/4231/2877
f 3186/4229/2875 3184/4228/2876 3188/4234/2879 3190/4235/2878
f 3189/3749/2601 3191/4236/2877 3195/4237/2880 3193/3751/2603
f 3191/4236/2877 3190/4238/2878 3194/4239/2881 3195/4237/2880
f 3190/4235/2878 3188/4234/2879 3192/4240/2882 3194/4241/2881
f 3193/3751/2603 3195/4242/2880 3199/4243/2883 3197/3753/2605
f 3195/4242/2880 3194/4244/2881 3198/4245/2884 3199/4243/2883
f 3194/4241/2881 3192/4240/2882 3196/4246/2885 3198/4247/2884
f 3197/3753/2605 3199/4248/2883 3203/4249/2886 3201/3755/2607
f 3199/4248/2883 3198/4250/2884 3202/4251/2887 3203/4249/2886
f 3198/4247/2884 3196/4246/2885 3200/4252/2888 3202/4253/2887
f 3201/3755/2607 3203/4254/2886 3207/4255/2889 3205/3757/2609
f 3203/4254/2886 3202/4256/2887 3206/4257/2890 3207/4255/2889
f 3202/4253/2887 3200/4252/2888 3204/4258/2891 3206/4259/2890
f 3205/3757/2609 3207/4260/2889 3211/4261/2892 3209/3759/2611
f 3207/4260/2889 3206/4262/2890 3210/4263/2893 3211/4261/2892
f 3206/4259/2890 3204/4258/2891 3208/4264/2894 3210/4265/2893
f 3209/3759/2611 3211/4266/2892 3215/4267/2895 3213/3761/2613
f 3211/4266/2892 3210/4268/2893 3214/4269/2896 3215/4267/2895
f 3210/4265/2893 3208/4264/2894 3212/4270/2897 3214/4271/2896
f 3213/3761/2613 3215/4272/2895 3219/4273/2898 3217/3701/2553
f 3215/4272/2895 3214/4274/2896 3218/4275/2899 3219/4273/2898
f 3214/4271/2896 3212/4270/2897 3216/4276/2900 3218/4277/2899
f 3217/3701/2553 3219/4278/2898 3095/4279/2805 3093/3702/2554
f 3219/4278/2898 3218/4280/2899 3094/4281/2807 3095/4279/2805
f 3218/4277/2899 3216/4276/2900 3092/4095/2809 3094/4094/2807
f 3092/4095/2809 3216/4276/2900 3212/4270/2897 3208/4264/2894 3204/4258/2891 3200/4252/2888 3196/4246/2885 3192/4240/2882 3188/4234/2879 3184/4228/2876 3180/4222/2873 3176/4216/2870 3172/4210/2867 3168/4204/2864 3164/4198/2861 3160/4192/2858 3156/4186/2855 3152/4180/2852 3148/4174/2849 3144/4168/2846 3140/4162/2843 3136/4156/2840 3132/4150/2837 3128/4144/2834 3124/4138/2831 3120/4132/2828 3116/4126/2825 3112/4120/2822 3108/4114/2819 3104/4108/2816 3100/4102/2813 3096/4096/2810
f 3220/4282/2529 3222/4283/2552 3223/4284/2552 3221/4285/2529
f 3222/4283/2552 3224/4286/2551 3225/4287/2551 3223/4284/2552
f 3224/4286/2551 3226/4288/2550 3227/4289/2550 3225/4287/2551
f 3226/4288/2550 3228/4290/2549 3229/4291/2549 3227/4289/2550
f 3228/4290/2549 3230/4292/2548 3231/4293/2548 3229/4291/2549
f 3230/4292/2548 3232/4294/2547 3233/4295/2547 3231/4293/2548
f 3232/4294/2547 3234/4296/2546 3235/4297/2546 3233/4295/2547
f 3234/4296/2546 3236/4298/2545 3237/4299/2545 3235/4297/2546
f 3236/4298/2545 3238/4300/2544 3239/4301/2544 3237/4299/2545
f 3238/4300/2544 3240/4302/2543 3241/4303/2543 3239/4301/2544
f 3240/4302/2543 3242/4304/2542 3243/4305/2542 3241/4303/2543
f 3242/4304/2542 3244/4306/2541 3245/4307/2541 3243/4305/2542
f 3244/4306/2541 3246/4308/2540 3247/4309/2540 3245/4307/2541
f 3246/4308/2540 3248/4310/2539 3249/4311/2539 3247/4309/2540
f 3248/4310/2539 3250/4312/2538 3251/4313/2538 3249/4311/2539
f 3250/4312/2538 3252/4314/2537 3253/4315/2537 3251/4313/2538
f 3252/4314/2537 3254/4316/2536 3255/4317/2536 3253/4315/2537
f 3254/4316/2536 3256/4318/2535 3257/4319/2535 3255/4317/2536
f 3256/4318/2535 3258/4320/2534 3259/4321/2534 3257/4319/2535
f 3258/4320/2534 3260/4322/2533 3261/4323/2533 3259/4321/2534
f 3260/4322/2533 3262/4324/2532 3263/4325/2532 3261/4323/2533
f 3262/4324/2532 3264/4326/2531 3265/4327/2531 3263/4325/2532
f 3264/4326/2531 3266/4328/2530 3267/4329/2530 3265/4327/2531
f 3266/4328/2530 3220/4330/2529 3221/4331/2529 3267/4329/2530
o Cube.002_Cube.003
v -0.050854 0.022199 0.073891
v -0.050854 0.020268 0.073891
v -0.042234 0.020268 0.073891
v -0.042234 0.022199 0.073891
v -0.049408 0.023802 0.073891
v -0.049408 0.022199 0.073891
v -0.042234 0.010606 0.073891
v -0.038571 0.010606 0.073891
v -0.038571 0.020268 0.073891
v -0.054517 0.010606 0.073891
v -0.050854 0.010606 0.073891
v -0.054517 0.020268 0.073891
v -0.043680 0.023802 0.073891
v -0.043680 0.022199 0.073891
v -0.043680 0.020268 0.073891
v -0.049408 0.020268 0.073891
v -0.037710 0.017119 0.073891
v -0.038571 0.017119 0.073891
v -0.049408 0.010606 0.073891
v -0.043680 0.010606 0.073891
v -0.055378 0.017119 0.073891
v -0.055378 0.014036 0.073891
v -0.054517 0.017119 0.073891
v -0.037710 0.014036 0.073891
v -0.054517 0.014036 0.073891
v -0.038571 0.014036 0.073891
v -0.049408 0.017119 0.073891
v -0.049408 0.014036 0.073891
v -0.043680 0.014036 0.073891
v -0.043680 0.017119 0.073891
v -0.050854 0.017119 0.073891
v -0.050854 0.014036 0.073891
v -0.042234 0.017119 0.073891
v -0.042234 0.014036 0.073891
v -0.031683 0.022199 0.073891
v -0.031683 0.020268 0.073891
v -0.023064 0.020268 0.073891
v -0.023064 0.022199 0.073891
v -0.030238 0.023802 0.073891
v -0.030238 0.022199 0.073891
v -0.023064 0.010606 0.073891
v -0.019400 0.010606 0.073891
v -0.019400 0.020268 0.073891
v -0.035346 0.010606 0.073891
v -0.031683 0.010606 0.073891
v -0.035346 0.020268 0.073891
v -0.024509 0.023802 0.073891
v -0.024509 0.022199 0.073891
v -0.024509 0.020268 0.073891
v -0.030238 0.020268 0.073891
v -0.018539 0.017119 0.073891
v -0.019400 0.017119 0.073891
v -0.030238 0.010606 0.073891
v -0.024509 0.010606 0.073891
v -0.036208 0.017119 0.073891
v -0.036208 0.014036 0.073891
v -0.035346 0.017119 0.073891
v -0.018539 0.014036 0.073891
v -0.035346 0.014036 0.073891
v -0.019400 0.014036 0.073891
v -0.030238 0.017119 0.073891
v -0.030238 0.014036 0.073891
v -0.024509 0.014036 0.073891
v -0.024509 0.017119 0.073891
v -0.031683 0.017119 0.073891
v -0.031683 0.014036 0.073891
v -0.023064 0.017119 0.073891
v -0.023064 0.014036 0.073891
v -0.012512 0.022199 0.073891
v -0.012512 0.020268 0.073891
v -0.003893 0.020268 0.073891
v -0.003893 0.022199 0.073891
v -0.011067 0.023802 0.073891
v -0.011067 0.022199 0.073891
v -0.003893 0.010606 0.073891
v -0.000229 0.010606 0.073891
v -0.000229 0.020268 0.073891
v -0.016176 0.010606 0.073891
v -0.012512 0.010606 0.073891
v -0.016176 0.020268 0.073891
v -0.005338 0.023802 0.073891
v -0.005338 0.022199 0.073891
v -0.005338 0.020268 0.073891
v -0.011067 0.020268 0.073891
v 0.000632 0.017119 0.073891
v -0.000229 0.017119 0.073891
v -0.011067 0.010606 0.073891
v -0.005338 0.010606 0.073891
v -0.017037 0.017119 0.073891
v -0.017037 0.014036 0.073891
v -0.016176 0.017119 0.073891
v 0.000632 0.014036 0.073891
v -0.016176 0.014036 0.073891
v -0.000229 0.014036 0.073891
v -0.011067 0.017119 0.073891
v -0.011067 0.014036 0.073891
v -0.005338 0.014036 0.073891
v -0.005338 0.017119 0.073891
v -0.012512 0.017119 0.073891
v -0.012512 0.014036 0.073891
v -0.003893 0.017119 0.073891
v -0.003893 0.014036 0.073891
v 0.006659 0.022199 0.073891
v 0.006659 0.020268 0.073891
v 0.015278 0.020268 0.073891
v 0.015278 0.022199 0.073891
v 0.008104 0.023802 0.073891
v 0.008104 0.022199 0.073891
v 0.015278 0.010606 0.073891
v 0.018941 0.010606 0.073891
v 0.018941 0.020268 0.073891
v 0.002995 0.010606 0.073891
v 0.006659 0.010606 0.073891
v 0.002995 0.020268 0.073891
v 0.013833 0.023802 0.073891
v 0.013833 0.022199 0.073891
v 0.013833 0.020268 0.073891
v 0.008104 0.020268 0.073891
v 0.019803 0.017119 0.073891
v 0.018941 0.017119 0.073891
v 0.008104 0.010606 0.073891
v 0.013833 0.010606 0.073891
v 0.002134 0.017119 0.073891
v 0.002134 0.014036 0.073891
v 0.002995 0.017119 0.073891
v 0.019803 0.014036 0.073891
v 0.002995 0.014036 0.073891
v 0.018941 0.014036 0.073891
v 0.008104 0.017119 0.073891
v 0.008104 0.014036 0.073891
v 0.013833 0.014036 0.073891
v 0.013833 0.017119 0.073891
v 0.006659 0.017119 0.073891
v 0.006659 0.014036 0.073891
v 0.015278 0.017119 0.073891
v 0.015278 0.014036 0.073891
v -0.057378 0.007622 0.070810
v -0.057378 0.024975 0.070810
v 0.021855 0.024975 0.070810
v 0.021855 0.007622 0.070810
v 0.015278 0.022199 0.085234
v 0.015278 0.020268 0.085234
v 0.019803 0.017119 0.085234
v 0.013833 0.023802 0.085234
v 0.013833 0.010606 0.085234
v 0.015278 0.010606 0.085234
v 0.013833 0.022199 0.085234
v 0.018941 0.010606 0.085234
v 0.018941 0.014036 0.085234
v 0.018941 0.017119 0.085234
v 0.019803 0.014036 0.085234
v 0.018941 0.020268 0.085234
v 0.006659 0.010606 0.085234
v 0.006659 0.020268 0.085234
v 0.008104 0.022199 0.085234
v 0.002995 0.010606 0.085234
v 0.002995 0.020268 0.085234
v 0.006659 0.022199 0.085234
v 0.008104 0.023802 0.085234
v 0.008104 0.010606 0.085234
v 0.002995 0.014036 0.085234
v 0.002134 0.014036 0.085234
v 0.002134 0.017119 0.085234
v 0.002995 0.017119 0.085234
v -0.005338 0.010606 0.085234
v -0.003893 0.010606 0.085234
v -0.005338 0.022199 0.085234
v -0.005338 0.023802 0.085234
v -0.000229 0.017119 0.085234
v -0.000229 0.014036 0.085234
v 0.000632 0.014036 0.085234
v -0.003893 0.022199 0.085234
v -0.000229 0.020268 0.085234
v 0.000632 0.017119 0.085234
v -0.003893 0.020268 0.085234
v -0.000229 0.010606 0.085234
v -0.012512 0.010606 0.085234
v -0.011067 0.022199 0.085234
v -0.011067 0.010606 0.085234
v -0.016176 0.010606 0.085234
v -0.016176 0.014036 0.085234
v -0.011067 0.023802 0.085234
v -0.012512 0.020268 0.085234
v -0.012512 0.022199 0.085234
v -0.016176 0.017119 0.085234
v -0.017037 0.017119 0.085234
v -0.016176 0.020268 0.085234
v -0.023064 0.010606 0.085234
v -0.024509 0.010606 0.085234
v -0.018539 0.017119 0.085234
v -0.019400 0.014036 0.085234
v -0.019400 0.010606 0.085234
v -0.023064 0.020268 0.085234
v -0.023064 0.022199 0.085234
v -0.024509 0.022199 0.085234
v -0.018539 0.016670 0.085234
v -0.018539 0.014036 0.085234
v -0.019400 0.017119 0.085234
v -0.019400 0.020268 0.085234
v -0.017037 0.016457 0.085234
v -0.017037 0.014036 0.085234
v -0.036208 0.014036 0.085234
v -0.035346 0.014036 0.085234
v -0.024509 0.023802 0.085234
v -0.030238 0.010606 0.085234
v -0.030238 0.023802 0.085234
v -0.031683 0.020268 0.085234
v -0.035346 0.010606 0.085234
v -0.031683 0.010606 0.085234
v -0.030238 0.022199 0.085234
v -0.031683 0.022199 0.085234
v -0.035346 0.020268 0.085234
v -0.037710 0.017119 0.085234
v -0.043680 0.010606 0.085234
v -0.042234 0.022199 0.085234
v -0.043680 0.022199 0.085234
v -0.038571 0.010606 0.085234
v -0.038571 0.014036 0.085234
v -0.036208 0.017119 0.085234
v -0.035346 0.017119 0.085234
v -0.042234 0.010606 0.085234
v -0.038571 0.017119 0.085234
v -0.037710 0.014036 0.085234
v -0.042234 0.020268 0.085234
v -0.038571 0.020268 0.085234
v -0.050854 0.010606 0.085234
v -0.049408 0.010606 0.085234
v -0.055378 0.017119 0.085234
v -0.054517 0.014036 0.085234
v -0.055378 0.014036 0.085234
v -0.050854 0.020268 0.085234
v -0.049408 0.023802 0.085234
v -0.049408 0.022199 0.085234
v -0.054517 0.017119 0.085234
v -0.050854 0.022199 0.085234
v -0.054517 0.010606 0.085234
v -0.043680 0.023802 0.085234
v -0.054517 0.020268 0.085234
v -0.057378 0.007622 0.084980
v -0.057283 0.007926 0.085234
v -0.057350 0.007711 0.085160
v -0.057277 0.024676 0.085234
v -0.057378 0.024975 0.084980
v -0.057348 0.024887 0.085160
v 0.021770 0.007925 0.085234
v 0.021855 0.007622 0.084980
v 0.021830 0.007711 0.085160
v 0.021855 0.024975 0.084980
v 0.021777 0.024674 0.085234
v 0.021832 0.024887 0.085160
vt 0.770263 0.674119
vt 1.000000 0.674119
vt 1.000000 1.000000
vt 0.770263 1.000000
vt 0.229737 1.000000
vt 0.320372 1.000000
vt 0.320372 1.000000
vt 0.229737 1.000000
vt 0.770263 0.000000
vt 0.770263 0.355007
vt 0.679628 0.355007
vt 0.679628 0.000000
vt 1.000000 0.000000
vt 1.000000 0.355007
vt 0.679628 1.000000
vt 0.679628 1.000000
vt 0.320372 1.000000
vt 0.320372 0.355007
vt 0.320372 0.000000
vt 0.320372 0.674119
vt 0.679628 0.674119
vt 0.679628 1.000000
vt 0.770263 1.000000
vt 0.000000 0.355007
vt 0.000000 0.674119
vt 0.000000 0.674119
vt 0.000000 0.355007
vt 0.229737 0.674119
vt 0.229737 0.355007
vt 0.229737 0.000000
vt 0.000000 1.000000
vt 0.000000 0.000000
vt 1.000000 0.355007
vt 1.000000 0.674119
vt 0.770263 0.674119
vt 1.000000 0.674119
vt 1.000000 1.000000
vt 0.770263 1.000000
vt 0.229737 1.000000
vt 0.320372 1.000000
vt 0.320372 1.000000
vt 0.229737 1.000000
vt 0.770263 0.000000
vt 0.770263 0.355007
vt 0.679628 0.355007
vt 0.679628 0.000000
vt 1.000000 0.000000
vt 1.000000 0.355007
vt 0.679628 1.000000
vt 0.679628 1.000000
vt 0.320372 1.000000
vt 0.320372 0.355007
vt 0.320372 0.000000
vt 0.320372 0.674119
vt 0.679628 0.674119
vt 0.679628 1.000000
vt 0.770263 1.000000
vt 0.000000 0.355007
vt 0.000000 0.674119
vt 0.000000 0.674119
vt 0.000000 0.355007
vt 0.229737 0.674119
vt 0.229737 0.355007
vt 0.229737 0.000000
vt 0.000000 1.000000
vt 0.000000 0.000000
vt 1.000000 0.355007
vt 1.000000 0.674119
vt 0.770263 0.674119
vt 1.000000 0.674119
vt 1.000000 1.000000
vt 0.770263 1.000000
vt 0.229737 1.000000
vt 0.320372 1.000000
vt 0.320372 1.000000
vt 0.229737 1.000000
vt 0.770263 0.000000
vt 0.770263 0.355007
vt 0.679628 0.355007
vt 0.679628 0.000000
vt 1.000000 0.000000
vt 1.000000 0.355007
vt 0.679628 1.000000
vt 0.679628 1.000000
vt 0.320372 1.000000
vt 0.320372 0.355007
vt 0.320372 0.000000
vt 0.320372 0.674119
vt 0.679628 0.674119
vt 0.679628 1.000000
vt 0.770263 1.000000
vt 0.000000 0.355007
vt 0.000000 0.674119
vt 0.000000 0.674119
vt 0.000000 0.355007
vt 0.229737 0.674119
vt 0.229737 0.355007
vt 0.229737 0.000000
vt 0.000000 1.000000
vt 0.000000 0.000000
vt 1.000000 0.355007
vt 1.000000 0.674119
vt 0.770263 0.674119
vt 1.000000 0.674119
vt 1.000000 1.000000
vt 0.770263 1.000000
vt 0.229737 1.000000
vt 0.320372 1.000000
vt 0.320372 1.000000
vt 0.229737 1.000000
vt 0.770263 0.000000
vt 0.770263 0.355007
vt 0.679628 0.355007
vt 0.679628 0.000000
vt 1.000000 0.000000
vt 1.000000 0.355007
vt 0.679628 1.000000
vt 0.679628 1.000000
vt 0.320372 1.000000
vt 0.320372 0.355007
vt 0.320372 0.000000
vt 0.320372 0.674119
vt 0.679628 0.674119
vt 0.679628 1.000000
vt 0.770263 1.000000
vt 0.000000 0.355007
vt 0.000000 0.674119
vt 0.000000 0.674119
vt 0.000000 0.355007
vt 0.229737 0.674119
vt 0.229737 0.355007
vt 0.229737 0.000000
vt 0.000000 1.000000
vt 0.000000 0.000000
vt 1.000000 0.355007
vt 1.000000 0.674119
vt 0.375000 1.000000
vt 0.375000 1.000000
vt 0.375000 0.750000
vt 0.375000 0.750000
vt 0.625000 1.000000
vt 0.625000 0.750000
vt 0.625000 0.750000
vt 0.625000 1.000000
vt 0.379353 0.750269
vt 0.620674 0.750248
vt 0.511822 0.756476
vt 0.467399 0.756476
vt 0.467399 0.759194
vt 0.417979 0.759194
vt 0.417979 0.770753
vt 0.417979 0.775313
vt 0.417979 0.793389
vt 0.417979 0.797949
vt 0.417979 0.809508
vt 0.467399 0.809508
vt 0.467399 0.812226
vt 0.467399 0.816965
vt 0.467399 0.819682
vt 0.417979 0.819682
vt 0.417979 0.831241
vt 0.417979 0.835802
vt 0.417979 0.853877
vt 0.417979 0.858438
vt 0.417979 0.869997
vt 0.467399 0.869997
vt 0.467399 0.872714
vt 0.502286 0.872714
vt 0.505357 0.877453
vt 0.467399 0.877453
vt 0.467399 0.880171
vt 0.417979 0.880171
vt 0.417979 0.891730
vt 0.417979 0.896290
vt 0.417979 0.914366
vt 0.417979 0.918926
vt 0.417979 0.930485
vt 0.467399 0.930485
vt 0.467399 0.933203
vt 0.467399 0.937942
vt 0.467399 0.940660
vt 0.417979 0.940660
vt 0.417979 0.952219
vt 0.417979 0.956779
vt 0.417979 0.974855
vt 0.417979 0.979415
vt 0.417979 0.990974
vt 0.467399 0.990974
vt 0.467399 0.993692
vt 0.379381 0.999701
vt 0.679628 1.000000
vt 0.770263 1.000000
vt 0.770263 1.000000
vt 0.770263 1.000000
vt 0.320372 1.000000
vt 0.679628 1.000000
vt 0.229737 0.000000
vt 0.000000 0.000000
vt 0.320372 1.000000
vt 0.679628 1.000000
vt 0.229737 0.000000
vt 0.000000 0.000000
vt 0.320372 0.000000
vt 0.229737 0.000000
vt 0.000000 1.000000
vt 0.229737 1.000000
vt 0.770263 0.000000
vt 0.679628 0.000000
vt 1.000000 1.000000
vt 1.000000 0.674119
vt 0.679628 0.000000
vt 0.320372 0.000000
vt 0.320372 0.000000
vt 1.000000 1.000000
vt 1.000000 0.674119
vt 0.320372 0.000000
vt 0.000000 0.674119
vt 0.000000 1.000000
vt 0.229737 1.000000
vt 0.229737 1.000000
vt 0.229737 1.000000
vt 0.320372 1.000000
vt 0.000000 0.000000
vt 0.000000 0.355007
vt 0.000000 0.674119
vt 0.000000 1.000000
vt 0.770263 1.000000
vt 1.000000 1.000000
vt 0.229737 1.000000
vt 0.770263 1.000000
vt 0.000000 0.355007
vt 0.320372 1.000000
vt 0.000000 0.355007
vt 0.000000 0.355007
vt 0.229737 1.000000
vt 0.229737 1.000000
vt 0.000000 0.674119
vt 0.229737 0.000000
vt 0.000000 0.000000
vt 1.000000 0.000000
vt 0.770263 0.000000
vt 0.320372 1.000000
vt 0.679628 1.000000
vt 0.000000 0.355007
vt 0.000000 0.674119
vt 0.000000 0.355007
vt 0.000000 0.355007
vt 0.679628 1.000000
vt 0.770263 1.000000
vt 1.000000 0.355007
vt 1.000000 0.000000
vt 1.000000 0.674119
vt 0.320372 1.000000
vt 0.679628 1.000000
vt 1.000000 0.355007
vt 1.000000 0.674119
vt 1.000000 0.674119
vt 1.000000 0.674119
vt 1.000000 0.674119
vt 0.229737 1.000000
vt 0.679628 1.000000
vt 0.770263 1.000000
vt 1.000000 0.355007
vt 0.000000 1.000000
vt 0.000000 0.674119
vt 0.000000 0.355007
vt 0.000000 0.674119
vt 0.000000 0.605612
vt 1.000000 0.674119
vt 1.000000 0.355007
vt 1.000000 0.000000
vt 0.000000 0.674119
vt 0.000000 0.674119
vt 1.000000 0.355007
vt 1.000000 0.627673
vt 0.770263 0.000000
vt 0.679628 0.000000
vt 1.000000 0.355007
vt 0.320372 1.000000
vt 0.679628 1.000000
vt 1.000000 0.355007
vt 0.320372 1.000000
vt 1.000000 0.355007
vt 1.000000 0.000000
vt 0.679628 0.000000
vt 0.770263 1.000000
vt 0.770263 0.000000
vt 1.000000 1.000000
vt 0.620699 0.999682
vt 0.624370 0.999953
vt 0.375642 0.999956
vt 0.375638 0.750039
vt 0.624366 0.750036
vt 0.511822 0.993692
vt 0.511822 0.990974
vt 0.557188 0.990974
vt 0.557188 0.979415
vt 0.585017 0.979415
vt 0.585017 0.974855
vt 0.608111 0.974855
vt 0.608111 0.956779
vt 0.585017 0.956779
vt 0.585017 0.952219
vt 0.557188 0.952219
vt 0.557188 0.940660
vt 0.511822 0.940660
vt 0.511822 0.937942
vt 0.511822 0.933203
vt 0.511822 0.930485
vt 0.557188 0.930485
vt 0.557188 0.918926
vt 0.585017 0.918926
vt 0.585017 0.914366
vt 0.608111 0.914366
vt 0.608111 0.896290
vt 0.585017 0.896290
vt 0.585017 0.891730
vt 0.557188 0.891730
vt 0.557188 0.880171
vt 0.511822 0.880171
vt 0.511822 0.877453
vt 0.511822 0.872714
vt 0.511822 0.869997
vt 0.557188 0.869997
vt 0.557188 0.858438
vt 0.585017 0.858438
vt 0.585017 0.853877
vt 0.608111 0.853877
vt 0.608111 0.835802
vt 0.585017 0.835802
vt 0.585017 0.831241
vt 0.557188 0.831241
vt 0.557188 0.819682
vt 0.511822 0.819682
vt 0.511822 0.816965
vt 0.511822 0.812226
vt 0.511822 0.809508
vt 0.557188 0.809508
vt 0.557188 0.797949
vt 0.585017 0.797949
vt 0.585017 0.793389
vt 0.608111 0.793389
vt 0.608111 0.775313
vt 0.585017 0.775313
vt 0.585017 0.770753
vt 0.557188 0.770753
vt 0.557188 0.759194
vt 0.511822 0.759194
vn 0.0000 0.0000 1.0000
vn 0.0000 -1.0000 0.0000
vn 0.0000 0.0000 -1.0000
vn 1.0000 0.0000 0.0000
vn 0.0000 1.0000 0.0000
vn -1.0000 0.0000 0.0000
vn -0.7326 0.0002 0.6806
vn -0.9875 0.0001 0.1574
vn 0.7897 -0.0002 0.6134
vn 0.9912 -0.0001 0.1321
vn -0.0000 -0.8967 0.4427
vn -0.0000 -0.3283 0.9446
vn 0.0000 0.8988 0.4383
vn 0.0000 0.3319 0.9433
usemtl OrangePlastic
s off
f 3300/4332/2901 3285/4333/2901 3276/4334/2901 3270/4335/2901
f 3269/4336/2901 3283/4337/2901 3273/4338/2901 3268/4339/2901
f 3274/4340/2901 3301/4341/2901 3296/4342/2901 3287/4343/2901
f 3274/4340/2901 3275/4344/2901 3293/4345/2901 3301/4341/2901
f 3273/4338/2901 3281/4346/2901 3280/4347/2901 3272/4348/2901
f 3295/4349/2901 3286/4350/2901 3287/4343/2901 3296/4342/2901
f 3283/4337/2901 3294/4351/2901 3297/4352/2901 3282/4353/2901
f 3282/4353/2901 3281/4346/2901 3273/4338/2901 3283/4337/2901
f 3282/4353/2901 3270/4335/2901 3271/4354/2901 3281/4346/2901
f 3292/4355/2901 3290/4356/2901 3288/4357/2901 3289/4358/2901
f 3294/4351/2901 3283/4337/2901 3269/4336/2901 3298/4359/2901
f 3300/4332/2901 3270/4335/2901 3282/4353/2901 3297/4352/2901
f 3286/4350/2901 3295/4349/2901 3299/4360/2901 3278/4361/2901
f 3290/4356/2901 3298/4359/2901 3269/4336/2901 3279/4362/2901
f 3295/4349/2901 3296/4342/2901 3297/4352/2901 3294/4351/2901
f 3294/4351/2901 3298/4359/2901 3299/4360/2901 3295/4349/2901
f 3285/4333/2901 3300/4332/2901 3301/4341/2901 3293/4345/2901
f 3300/4332/2901 3297/4352/2901 3296/4342/2901 3301/4341/2901
f 3298/4359/2901 3290/4356/2901 3292/4355/2901 3299/4360/2901
f 3277/4363/2901 3278/4361/2901 3299/4360/2901 3292/4355/2901
f 3285/4333/2901 3293/4345/2901 3291/4364/2901 3284/4365/2901
f 3334/4366/2901 3319/4367/2901 3310/4368/2901 3304/4369/2901
f 3303/4370/2901 3317/4371/2901 3307/4372/2901 3302/4373/2901
f 3308/4374/2901 3335/4375/2901 3330/4376/2901 3321/4377/2901
f 3308/4374/2901 3309/4378/2901 3327/4379/2901 3335/4375/2901
f 3307/4372/2901 3315/4380/2901 3314/4381/2901 3306/4382/2901
f 3329/4383/2901 3320/4384/2901 3321/4377/2901 3330/4376/2901
f 3317/4371/2901 3328/4385/2901 3331/4386/2901 3316/4387/2901
f 3316/4387/2901 3315/4380/2901 3307/4372/2901 3317/4371/2901
f 3316/4387/2901 3304/4369/2901 3305/4388/2901 3315/4380/2901
f 3326/4389/2901 3324/4390/2901 3322/4391/2901 3323/4392/2901
f 3328/4385/2901 3317/4371/2901 3303/4370/2901 3332/4393/2901
f 3334/4366/2901 3304/4369/2901 3316/4387/2901 3331/4386/2901
f 3320/4384/2901 3329/4383/2901 3333/4394/2901 3312/4395/2901
f 3324/4390/2901 3332/4393/2901 3303/4370/2901 3313/4396/2901
f 3329/4383/2901 3330/4376/2901 3331/4386/2901 3328/4385/2901
f 3328/4385/2901 3332/4393/2901 3333/4394/2901 3329/4383/2901
f 3319/4367/2901 3334/4366/2901 3335/4375/2901 3327/4379/2901
f 3334/4366/2901 3331/4386/2901 3330/4376/2901 3335/4375/2901
f 3332/4393/2901 3324/4390/2901 3326/4389/2901 3333/4394/2901
f 3311/4397/2901 3312/4395/2901 3333/4394/2901 3326/4389/2901
f 3319/4367/2901 3327/4379/2901 3325/4398/2901 3318/4399/2901
f 3368/4400/2901 3353/4401/2901 3344/4402/2901 3338/4403/2901
f 3337/4404/2901 3351/4405/2901 3341/4406/2901 3336/4407/2901
f 3342/4408/2901 3369/4409/2901 3364/4410/2901 3355/4411/2901
f 3342/4408/2901 3343/4412/2901 3361/4413/2901 3369/4409/2901
f 3341/4406/2901 3349/4414/2901 3348/4415/2901 3340/4416/2901
f 3363/4417/2901 3354/4418/2901 3355/4411/2901 3364/4410/2901
f 3351/4405/2901 3362/4419/2901 3365/4420/2901 3350/4421/2901
f 3350/4421/2901 3349/4414/2901 3341/4406/2901 3351/4405/2901
f 3350/4421/2901 3338/4403/2901 3339/4422/2901 3349/4414/2901
f 3360/4423/2901 3358/4424/2901 3356/4425/2901 3357/4426/2901
f 3362/4419/2901 3351/4405/2901 3337/4404/2901 3366/4427/2901
f 3368/4400/2901 3338/4403/2901 3350/4421/2901 3365/4420/2901
f 3354/4418/2901 3363/4417/2901 3367/4428/2901 3346/4429/2901
f 3358/4424/2901 3366/4427/2901 3337/4404/2901 3347/4430/2901
f 3363/4417/2901 3364/4410/2901 3365/4420/2901 3362/4419/2901
f 3362/4419/2901 3366/4427/2901 3367/4428/2901 3363/4417/2901
f 3353/4401/2901 3368/4400/2901 3369/4409/2901 3361/4413/2901
f 3368/4400/2901 3365/4420/2901 3364/4410/2901 3369/4409/2901
f 3366/4427/2901 3358/4424/2901 3360/4423/2901 3367/4428/2901
f 3345/4431/2901 3346/4429/2901 3367/4428/2901 3360/4423/2901
f 3353/4401/2901 3361/4413/2901 3359/4432/2901 3352/4433/2901
f 3402/4434/2901 3387/4435/2901 3378/4436/2901 3372/4437/2901
f 3371/4438/2901 3385/4439/2901 3375/4440/2901 3370/4441/2901
f 3376/4442/2901 3403/4443/2901 3398/4444/2901 3389/4445/2901
f 3376/4442/2901 3377/4446/2901 3395/4447/2901 3403/4443/2901
f 3375/4440/2901 3383/4448/2901 3382/4449/2901 3374/4450/2901
f 3397/4451/2901 3388/4452/2901 3389/4445/2901 3398/4444/2901
f 3385/4439/2901 3396/4453/2901 3399/4454/2901 3384/4455/2901
f 3384/4455/2901 3383/4448/2901 3375/4440/2901 3385/4439/2901
f 3384/4455/2901 3372/4437/2901 3373/4456/2901 3383/4448/2901
f 3394/4457/2901 3392/4458/2901 3390/4459/2901 3391/4460/2901
f 3396/4453/2901 3385/4439/2901 3371/4438/2901 3400/4461/2901
f 3402/4434/2901 3372/4437/2901 3384/4455/2901 3399/4454/2901
f 3388/4452/2901 3397/4451/2901 3401/4462/2901 3380/4463/2901
f 3392/4458/2901 3400/4461/2901 3371/4438/2901 3381/4464/2901
f 3397/4451/2901 3398/4444/2901 3399/4454/2901 3396/4453/2901
f 3396/4453/2901 3400/4461/2901 3401/4462/2901 3397/4451/2901
f 3387/4435/2901 3402/4434/2901 3403/4443/2901 3395/4447/2901
f 3402/4434/2901 3399/4454/2901 3398/4444/2901 3403/4443/2901
f 3400/4461/2901 3392/4458/2901 3394/4457/2901 3401/4462/2901
f 3379/4465/2901 3380/4463/2901 3401/4462/2901 3394/4457/2901
f 3387/4435/2901 3395/4447/2901 3393/4466/2901 3386/4467/2901
f 3506/4468/2902 3404/4469/2902 3407/4470/2902 3513/4471/2902
f 3407/4470/2903 3404/4469/2903 3405/4472/2903 3406/4473/2903
f 3513/4471/2904 3407/4470/2904 3406/4473/2904 3515/4474/2904
f 3515/4474/2905 3406/4473/2905 3405/4472/2905 3510/4475/2905
f 3512/4476/2901 3516/4477/2901 3410/4478/2901 3418/4479/2901 3416/4480/2901 3415/4481/2901 3413/4482/2901 3412/4483/2901 3427/4484/2901 3420/4485/2901 3423/4486/2901 3428/4487/2901 3429/4488/2901 3438/4489/2901 3437/4490/2901 3443/4491/2901 3433/4492/2901 3432/4493/2901 3446/4494/2901 3444/4495/2901 3447/4496/2901 3448/4497/2901 3468/4498/2901 3467/4499/2901 3463/4500/2901 3464/4501/2901 3458/4502/2901 3459/4503/2901 3455/4504/2901 3456/4505/2901 3472/4506/2901 3476/4507/2901 3475/4508/2901 3470/4509/2901 3469/4510/2901 3490/4511/2901 3485/4512/2901 3484/4513/2901 3488/4514/2901 3481/4515/2901 3494/4516/2901 3493/4517/2901 3503/4518/2901 3496/4519/2901 3497/4520/2901 3507/4521/2901
f 3414/4522/2902 3383/4448/2902 3373/4456/2902 3408/4523/2902
f 3461/4524/2906 3305/4388/2906 3304/4369/2906 3460/4525/2906
f 3473/4526/2902 3306/4382/2902 3314/4381/2902 3471/4527/2902
f 3420/4528/2905 3380/4463/2905 3379/4465/2905 3423/4529/2905
f 3449/4530/2902 3340/4416/2902 3348/4415/2902 3435/4531/2902
f 3476/4532/2905 3312/4395/2905 3311/4397/2905 3475/4533/2905
f 3446/4534/2905 3354/4418/2905 3346/4429/2905 3444/4535/2905
f 3454/4536/2902 3347/4430/2902 3337/4404/2902 3450/4537/2902
f 3433/4538/2905 3342/4408/2905 3355/4411/2905 3432/4539/2905
f 3466/4540/2906 3310/4368/2906 3319/4367/2906 3465/4541/2906
f 3481/4542/2905 3287/4343/2905 3286/4350/2905 3494/4543/2905
f 3472/4544/2905 3320/4384/2905 3312/4395/2905 3476/4532/2905
f 3419/4545/2906 3378/4436/2906 3387/4435/2906 3417/4546/2906
f 3427/4547/2905 3388/4452/2905 3380/4463/2905 3420/4528/2905
f 3487/4548/2904 3324/4390/2904 3313/4396/2904 3479/4549/2904
f 3498/4550/2904 3269/4336/2904 3268/4339/2904 3502/4551/2904
f 3478/4552/2902 3302/4373/2902 3307/4372/2902 3477/4553/2902
f 3447/4554/2904 3345/4431/2904 3360/4423/2904 3448/4555/2904
f 3431/4556/2904 3392/4458/2904 3381/4464/2904 3424/4557/2904
f 3510/4475/2906 3405/4472/2906 3404/4469/2906 3506/4468/2906
f 3442/4558/2902 3338/4403/2902 3344/4402/2902 3440/4559/2902
f 3450/4537/2904 3337/4404/2904 3336/4407/2904 3451/4560/2904
f 3409/4561/2902 3372/4437/2902 3378/4436/2902 3419/4545/2902
f 3475/4533/2904 3311/4397/2904 3326/4389/2904 3470/4562/2904
f 3502/4551/2902 3268/4339/2902 3273/4338/2902 3500/4563/2902
f 3428/4564/2905 3394/4457/2905 3391/4460/2905 3429/4565/2905
f 3421/4566/2904 3371/4438/2904 3370/4441/2904 3425/4567/2904
f 3432/4539/2905 3355/4411/2905 3354/4418/2905 3446/4534/2905
f 3452/4568/2904 3358/4424/2904 3347/4430/2904 3454/4536/2904
f 3424/4557/2902 3381/4464/2902 3371/4438/2902 3421/4566/2902
f 3493/4569/2905 3278/4361/2905 3277/4363/2905 3503/4570/2905
f 3484/4571/2905 3275/4344/2905 3274/4340/2905 3488/4572/2905
f 3499/4573/2902 3272/4348/2902 3280/4347/2902 3504/4574/2902
f 3470/4562/2905 3326/4389/2905 3323/4392/2905 3469/4575/2905
f 3430/4576/2902 3390/4459/2902 3392/4458/2902 3431/4556/2902
f 3496/4577/2905 3292/4355/2905 3289/4358/2905 3497/4578/2905
f 3434/4579/2902 3349/4414/2902 3339/4422/2902 3439/4580/2902
f 3458/4581/2906 3327/4379/2906 3309/4378/2906 3459/4582/2906
f 3417/4546/2902 3387/4435/2902 3386/4467/2902 3410/4583/2902
f 3429/4565/2904 3391/4460/2904 3390/4459/2904 3430/4576/2904
f 3445/4584/2904 3341/4406/2904 3340/4416/2904 3449/4530/2904
f 3471/4527/2906 3314/4381/2906 3315/4380/2906 3462/4585/2906
f 3485/4586/2906 3293/4345/2906 3275/4344/2906 3484/4571/2906
f 3436/4587/2902 3353/4401/2902 3352/4433/2902 3441/4588/2902
f 3488/4572/2905 3274/4340/2905 3287/4343/2905 3481/4542/2905
f 3489/4589/2902 3285/4333/2902 3284/4365/2902 3480/4590/2902
f 3474/4591/2904 3303/4370/2904 3302/4373/2904 3478/4552/2904
f 3483/4592/2902 3281/4346/2902 3271/4354/2902 3482/4593/2902
f 3408/4523/2906 3373/4456/2906 3372/4437/2906 3409/4561/2906
f 3441/4588/2906 3352/4433/2906 3359/4432/2906 3438/4594/2906
f 3505/4595/2902 3279/4362/2902 3269/4336/2902 3498/4550/2902
f 3469/4575/2904 3323/4392/2904 3322/4391/2904 3486/4596/2904
f 3468/4597/2904 3357/4426/2904 3356/4425/2904 3453/4598/2904 3467/4599/2904
f 3465/4541/2902 3319/4367/2902 3318/4399/2902 3457/4600/2902
f 3490/4601/2905 3291/4364/2905 3293/4345/2905 3485/4586/2905
f 3460/4525/2902 3304/4369/2902 3310/4368/2902 3466/4540/2902
f 3443/4602/2905 3343/4412/2905 3342/4408/2905 3433/4538/2905
f 3495/4603/2902 3288/4357/2902 3290/4356/2902 3501/4604/2902
f 3457/4600/2906 3318/4399/2906 3325/4398/2906 3464/4605/2906 3463/4606/2906
f 3413/4607/2905 3376/4442/2905 3389/4445/2905 3412/4608/2905
f 3504/4574/2906 3280/4347/2906 3281/4346/2906 3483/4592/2906
f 3477/4553/2904 3307/4372/2904 3306/4382/2904 3473/4526/2904
f 3479/4549/2902 3313/4396/2902 3303/4370/2902 3474/4591/2902
f 3494/4543/2905 3286/4350/2905 3278/4361/2905 3493/4569/2905
f 3440/4559/2906 3344/4402/2906 3353/4401/2906 3436/4587/2906
f 3480/4590/2906 3284/4365/2906 3291/4364/2906 3490/4601/2906
f 3451/4560/2902 3336/4407/2902 3341/4406/2902 3445/4584/2902
f 3448/4555/2905 3360/4423/2905 3357/4426/2905 3468/4597/2905
f 3410/4583/2906 3386/4467/2906 3393/4466/2906 3418/4609/2906
f 3435/4531/2906 3348/4415/2906 3349/4414/2906 3434/4579/2906
f 3439/4580/2906 3339/4422/2906 3338/4403/2906 3442/4558/2906
f 3497/4578/2904 3289/4358/2904 3288/4357/2904 3495/4603/2904
f 3462/4585/2902 3315/4380/2902 3305/4388/2902 3461/4524/2902
f 3444/4535/2905 3346/4429/2905 3345/4431/2905 3447/4554/2905
f 3426/4610/2902 3374/4450/2902 3382/4449/2902 3411/4611/2902
f 3437/4612/2906 3361/4413/2906 3343/4412/2906 3443/4602/2906
f 3422/4613/2904 3375/4440/2904 3374/4450/2904 3426/4610/2904
f 3438/4594/2905 3359/4432/2905 3361/4413/2905 3437/4612/2905
f 3416/4614/2906 3395/4447/2906 3377/4446/2906 3415/4615/2906
f 3456/4616/2905 3321/4377/2905 3320/4384/2905 3472/4544/2905
f 3482/4593/2906 3271/4354/2906 3270/4335/2906 3491/4617/2906
f 3500/4563/2904 3273/4338/2904 3272/4348/2904 3499/4573/2904
f 3415/4615/2905 3377/4446/2905 3376/4442/2905 3413/4607/2905
f 3486/4596/2902 3322/4391/2902 3324/4390/2902 3487/4548/2902
f 3453/4598/2902 3356/4425/2902 3358/4424/2902 3452/4568/2902
f 3455/4618/2905 3308/4374/2905 3321/4377/2905 3456/4616/2905
f 3411/4611/2906 3382/4449/2906 3383/4448/2906 3414/4522/2906
f 3412/4608/2905 3389/4445/2905 3388/4452/2905 3427/4547/2905
f 3459/4582/2905 3309/4378/2905 3308/4374/2905 3455/4618/2905
f 3423/4529/2904 3379/4465/2904 3394/4457/2904 3428/4564/2904
f 3464/4605/2905 3325/4398/2905 3327/4379/2905 3458/4581/2905
f 3492/4619/2906 3276/4334/2906 3285/4333/2906 3489/4589/2906
f 3491/4617/2902 3270/4335/2902 3276/4334/2902 3492/4619/2902
f 3503/4570/2904 3277/4363/2904 3292/4355/2904 3496/4577/2904
f 3425/4567/2902 3370/4441/2902 3375/4440/2902 3422/4613/2902
f 3501/4604/2904 3290/4356/2904 3279/4362/2904 3505/4595/2904
f 3418/4609/2905 3393/4466/2905 3395/4447/2905 3416/4614/2905
f 3507/4521/2907 3509/4620/2907 3511/4621/2907 3508/4622/2907
f 3508/4622/2908 3511/4621/2908 3510/4475/2908 3506/4468/2908
f 3516/4477/2909 3512/4476/2909 3514/4623/2909 3517/4624/2909
f 3517/4624/2910 3514/4623/2910 3513/4471/2910 3515/4474/2910
f 3506/4468/2911 3513/4471/2911 3514/4623/2911 3508/4622/2911
f 3508/4622/2912 3514/4623/2912 3512/4476/2912 3507/4521/2912
f 3515/4474/2913 3510/4475/2913 3511/4621/2913 3517/4624/2913
f 3517/4624/2914 3511/4621/2914 3509/4620/2914 3516/4477/2914
f 3507/4521/2901 3497/4520/2901 3495/4625/2901 3501/4626/2901 3505/4627/2901 3498/4628/2901 3502/4629/2901 3500/4630/2901 3499/4631/2901 3504/4632/2901 3483/4633/2901 3482/4634/2901 3491/4635/2901 3492/4636/2901 3489/4637/2901 3480/4638/2901 3490/4511/2901 3469/4510/2901 3486/4639/2901 3487/4640/2901 3479/4641/2901 3474/4642/2901 3478/4643/2901 3477/4644/2901 3473/4645/2901 3471/4646/2901 3462/4647/2901 3461/4648/2901 3460/4649/2901 3466/4650/2901 3465/4651/2901 3457/4652/2901 3463/4500/2901 3467/4499/2901 3453/4653/2901 3452/4654/2901 3454/4655/2901 3450/4656/2901 3451/4657/2901 3445/4658/2901 3449/4659/2901 3435/4660/2901 3434/4661/2901 3439/4662/2901 3442/4663/2901 3440/4664/2901 3436/4665/2901 3441/4666/2901 3438/4489/2901 3429/4488/2901 3430/4667/2901 3431/4668/2901 3424/4669/2901 3421/4670/2901 3425/4671/2901 3422/4672/2901 3426/4673/2901 3411/4674/2901 3414/4675/2901 3408/4676/2901 3409/4677/2901 3419/4678/2901 3417/4679/2901 3410/4478/2901 3516/4477/2901 3509/4620/2901
o Plane_Plane.001
v -0.051806 0.010518 0.078684
v -0.051114 0.010518 0.078684
v -0.051806 0.015545 0.076681
v -0.051114 0.015545 0.076681
v -0.051806 0.015545 0.073338
v -0.051114 0.015545 0.073338
v -0.050373 0.010518 0.078684
v -0.049681 0.010518 0.078684
v -0.050373 0.015545 0.076681
v -0.049681 0.015545 0.076681
v -0.050373 0.015545 0.073338
v -0.049681 0.015545 0.073338
v -0.048940 0.010518 0.078684
v -0.048248 0.010518 0.078684
v -0.048940 0.015545 0.076681
v -0.048248 0.015545 0.076681
v -0.048940 0.015545 0.073338
v -0.048248 0.015545 0.073338
v -0.047507 0.010518 0.078684
v -0.046814 0.010518 0.078684
v -0.047507 0.015545 0.076681
v -0.046814 0.015545 0.076681
v -0.047507 0.015545 0.073338
v -0.046814 0.015545 0.073338
v -0.046074 0.010518 0.078684
v -0.045381 0.010518 0.078684
v -0.046074 0.015545 0.076681
v -0.045381 0.015545 0.076681
v -0.046074 0.015545 0.073338
v -0.045381 0.015545 0.073338
v -0.044640 0.010518 0.078684
v -0.043948 0.010518 0.078684
v -0.044640 0.015545 0.076681
v -0.043948 0.015545 0.076681
v -0.044640 0.015545 0.073338
v -0.043948 0.015545 0.073338
v -0.043207 0.010518 0.078684
v -0.042515 0.010518 0.078684
v -0.043207 0.015545 0.076681
v -0.042515 0.015545 0.076681
v -0.043207 0.015545 0.073338
v -0.042515 0.015545 0.073338
v -0.041774 0.010518 0.078684
v -0.041081 0.010518 0.078684
v -0.041774 0.015545 0.076681
v -0.041081 0.015545 0.076681
v -0.041774 0.015545 0.073338
v -0.041081 0.015545 0.073338
v -0.032662 0.010518 0.078684
v -0.031970 0.010518 0.078684
v -0.032662 0.015545 0.076681
v -0.031970 0.015545 0.076681
v -0.032662 0.015545 0.073338
v -0.031970 0.015545 0.073338
v -0.031229 0.010518 0.078684
v -0.030537 0.010518 0.078684
v -0.031229 0.015545 0.076681
v -0.030537 0.015545 0.076681
v -0.031229 0.015545 0.073338
v -0.030537 0.015545 0.073338
v -0.029796 0.010518 0.078684
v -0.029103 0.010518 0.078684
v -0.029796 0.015545 0.076681
v -0.029103 0.015545 0.076681
v -0.029796 0.015545 0.073338
v -0.029103 0.015545 0.073338
v -0.028363 0.010518 0.078684
v -0.027670 0.010518 0.078684
v -0.028363 0.015545 0.076681
v -0.027670 0.015545 0.076681
v -0.028363 0.015545 0.073338
v -0.027670 0.015545 0.073338
v -0.026929 0.010518 0.078684
v -0.026237 0.010518 0.078684
v -0.026929 0.015545 0.076681
v -0.026237 0.015545 0.076681
v -0.026929 0.015545 0.073338
v -0.026237 0.015545 0.073338
v -0.025496 0.010518 0.078684
v -0.024804 0.010518 0.078684
v -0.025496 0.015545 0.076681
v -0.024804 0.015545 0.076681
v -0.025496 0.015545 0.073338
v -0.024804 0.015545 0.073338
v -0.024063 0.010518 0.078684
v -0.023370 0.010518 0.078684
v -0.024063 0.015545 0.076681
v -0.023370 0.015545 0.076681
v -0.024063 0.015545 0.073338
v -0.023370 0.015545 0.073338
v -0.022630 0.010518 0.078684
v -0.021937 0.010518 0.078684
v -0.022630 0.015545 0.076681
v -0.021937 0.015545 0.076681
v -0.022630 0.015545 0.073338
v -0.021937 0.015545 0.073338
v -0.013518 0.010518 0.078684
v -0.012826 0.010518 0.078684
v -0.013518 0.015545 0.076681
v -0.012826 0.015545 0.076681
v -0.013518 0.015545 0.073338
v -0.012826 0.015545 0.073338
v -0.012085 0.010518 0.078684
v -0.011392 0.010518 0.078684
v -0.012085 0.015545 0.076681
v -0.011392 0.015545 0.076681
v -0.012085 0.015545 0.073338
v -0.011392 0.015545 0.073338
v -0.010652 0.010518 0.078684
v -0.009959 0.010518 0.078684
v -0.010652 0.015545 0.076681
v -0.009959 0.015545 0.076681
v -0.010652 0.015545 0.073338
v -0.009959 0.015545 0.073338
v -0.009218 0.010518 0.078684
v -0.008526 0.010518 0.078684
v -0.009218 0.015545 0.076681
v -0.008526 0.015545 0.076681
v -0.009218 0.015545 0.073338
v -0.008526 0.015545 0.073338
v -0.007785 0.010518 0.078684
v -0.007093 0.010518 0.078684
v -0.007785 0.015545 0.076681
v -0.007093 0.015545 0.076681
v -0.007785 0.015545 0.073338
v -0.007093 0.015545 0.073338
v -0.006352 0.010518 0.078684
v -0.005659 0.010518 0.078684
v -0.006352 0.015545 0.076681
v -0.005659 0.015545 0.076681
v -0.006352 0.015545 0.073338
v -0.005659 0.015545 0.073338
v -0.004919 0.010518 0.078684
v -0.004226 0.010518 0.078684
v -0.004919 0.015545 0.076681
v -0.004226 0.015545 0.076681
v -0.004919 0.015545 0.073338
v -0.004226 0.015545 0.073338
v -0.003485 0.010518 0.078684
v -0.002793 0.010518 0.078684
v -0.003485 0.015545 0.076681
v -0.002793 0.015545 0.076681
v -0.003485 0.015545 0.073338
v -0.002793 0.015545 0.073338
v 0.005626 0.010518 0.078684
v 0.006319 0.010518 0.078684
v 0.005626 0.015545 0.076681
v 0.006319 0.015545 0.076681
v 0.005626 0.015545 0.073338
v 0.006319 0.015545 0.073338
v 0.007059 0.010518 0.078684
v 0.007752 0.010518 0.078684
v 0.007059 0.015545 0.076681
v 0.007752 0.015545 0.076681
v 0.007059 0.015545 0.073338
v 0.007752 0.015545 0.073338
v 0.008493 0.010518 0.078684
v 0.009185 0.010518 0.078684
v 0.008493 0.015545 0.076681
v 0.009185 0.015545 0.076681
v 0.008493 0.015545 0.073338
v 0.009185 0.015545 0.073338
v 0.009926 0.010518 0.078684
v 0.010618 0.010518 0.078684
v 0.009926 0.015545 0.076681
v 0.010618 0.015545 0.076681
v 0.009926 0.015545 0.073338
v 0.010618 0.015545 0.073338
v 0.011359 0.010518 0.078684
v 0.012052 0.010518 0.078684
v 0.011359 0.015545 0.076681
v 0.012052 0.015545 0.076681
v 0.011359 0.015545 0.073338
v 0.012052 0.015545 0.073338
v 0.012792 0.010518 0.078684
v 0.013485 0.010518 0.078684
v 0.012792 0.015545 0.076681
v 0.013485 0.015545 0.076681
v 0.012792 0.015545 0.073338
v 0.013485 0.015545 0.073338
v 0.014226 0.010518 0.078684
v 0.014918 0.010518 0.078684
v 0.014226 0.015545 0.076681
v 0.014918 0.015545 0.076681
v 0.014226 0.015545 0.073338
v 0.014918 0.015545 0.073338
v 0.015659 0.010518 0.078684
v 0.016351 0.010518 0.078684
v 0.015659 0.015545 0.076681
v 0.016351 0.015545 0.076681
v 0.015659 0.015545 0.073338
v 0.016351 0.015545 0.073338
vt 0.000000 0.000000
vt 1.000000 0.000000
vt 1.000000 1.000000
vt 0.000000 1.000000
vt 1.000000 1.000000
vt 0.000000 1.000000
vt 0.000000 0.000000
vt 1.000000 0.000000
vt 1.000000 1.000000
vt 0.000000 1.000000
vt 1.000000 1.000000
vt 0.000000 1.000000
vt 0.000000 0.000000
vt 1.000000 0.000000
vt 1.000000 1.000000
vt 0.000000 1.000000
vt 1.000000 1.000000
vt 0.000000 1.000000
vt 0.000000 0.000000
vt 1.000000 0.000000
vt 1.000000 1.000000
vt 0.000000 1.000000
vt 1.000000 1.000000
vt 0.000000 1.000000
vt 0.000000 0.000000
vt 1.000000 0.000000
vt 1.000000 1.000000
vt 0.000000 1.000000
vt 1.000000 1.000000
vt 0.000000 1.000000
vt 0.000000 0.000000
vt 1.000000 0.000000
vt 1.000000 1.000000
vt 0.000000 1.000000
vt 1.000000 1.000000
vt 0.000000 1.000000
vt 0.000000 0.000000
vt 1.000000 0.000000
vt 1.000000 1.000000
vt 0.000000 1.000000
vt 1.000000 1.000000
vt 0.000000 1.000000
vt 0.000000 0.000000
vt 1.000000 0.000000
vt 1.000000 1.000000
vt 0.000000 1.000000
vt 1.000000 1.000000
vt 0.000000 1.000000
vt 0.000000 0.000000
vt 1.000000 0.000000
vt 1.000000 1.000000
vt 0.000000 1.000000
vt 1.000000 1.000000
vt 0.000000 1.000000
vt 0.000000 0.000000
vt 1.000000 0.000000
vt 1.000000 1.000000
vt 0.000000 1.000000
vt 1.000000 1.000000
vt 0.000000 1.000000
vt 0.000000 0.000000
vt 1.000000 0.000000
vt 1.000000 1.000000
vt 0.000000 1.000000
vt 1.000000 1.000000
vt 0.000000 1.000000
vt 0.000000 0.000000
vt 1.000000 0.000000
vt 1.000000 1.000000
vt 0.000000 1.000000
vt 1.000000 1.000000
vt 0.000000 1.000000
vt 0.000000 0.000000
vt 1.000000 0.000000
vt 1.000000 1.000000
vt 0.000000 1.000000
vt 1.000000 1.000000
vt 0.000000 1.000000
vt 0.000000 0.000000
vt 1.000000 0.000000
vt 1.000000 1.000000
vt 0.000000 1.000000
vt 1.000000 1.000000
vt 0.000000 1.000000
vt 0.000000 0.000000
vt 1.000000 0.000000
vt 1.000000 1.000000
vt 0.000000 1.000000
vt 1.000000 1.000000
vt 0.000000 1.000000
vt 0.000000 0.000000
vt 1.000000 0.000000
vt 1.000000 1.000000
vt 0.000000 1.000000
vt 1.000000 1.000000
vt 0.000000 1.000000
vt 0.000000 0.000000
vt 1.000000 0.000000
vt 1.000000 1.000000
vt 0.000000 1.000000
vt 1.000000 1.000000
vt 0.000000 1.000000
vt 0.000000 0.000000
vt 1.000000 0.000000
vt 1.000000 1.000000
vt 0.000000 1.000000
vt 1.000000 1.000000
vt 0.000000 1.000000
vt 0.000000 0.000000
vt 1.000000 0.000000
vt 1.000000 1.000000
vt 0.000000 1.000000
vt 1.000000 1.000000
vt 0.000000 1.000000
vt 0.000000 0.000000
vt 1.000000 0.000000
vt 1.000000 1.000000
vt 0.000000 1.000000
vt 1.000000 1.000000
vt 0.000000 1.000000
vt 0.000000 0.000000
vt 1.000000 0.000000
vt 1.000000 1.000000
vt 0.000000 1.000000
vt 1.000000 1.000000
vt 0.000000 1.000000
vt 0.000000 0.000000
vt 1.000000 0.000000
vt 1.000000 1.000000
vt 0.000000 1.000000
vt 1.000000 1.000000
vt 0.000000 1.000000
vt 0.000000 0.000000
vt 1.000000 0.000000
vt 1.000000 1.000000
vt 0.000000 1.000000
vt 1.000000 1.000000
vt 0.000000 1.000000
vt 0.000000 0.000000
vt 1.000000 0.000000
vt 1.000000 1.000000
vt 0.000000 1.000000
vt 1.000000 1.000000
vt 0.000000 1.000000
vt 0.000000 0.000000
vt 1.000000 0.000000
vt 1.000000 1.000000
vt 0.000000 1.000000
vt 1.000000 1.000000
vt 0.000000 1.000000
vt 0.000000 0.000000
vt 1.000000 0.000000
vt 1.000000 1.000000
vt 0.000000 1.000000
vt 1.000000 1.000000
vt 0.000000 1.000000
vt 0.000000 0.000000
vt 1.000000 0.000000
vt 1.000000 1.000000
vt 0.000000 1.000000
vt 1.000000 1.000000
vt 0.000000 1.000000
vt 0.000000 0.000000
vt 1.000000 0.000000
vt 1.000000 1.000000
vt 0.000000 1.000000
vt 1.000000 1.000000
vt 0.000000 1.000000
vt 0.000000 0.000000
vt 1.000000 0.000000
vt 1.000000 1.000000
vt 0.000000 1.000000
vt 1.000000 1.000000
vt 0.000000 1.000000
vt 0.000000 0.000000
vt 1.000000 0.000000
vt 1.000000 1.000000
vt 0.000000 1.000000
vt 1.000000 1.000000
vt 0.000000 1.000000
vt 0.000000 0.000000
vt 1.000000 0.000000
vt 1.000000 1.000000
vt 0.000000 1.000000
vt 1.000000 1.000000
vt 0.000000 1.000000
vt 0.000000 0.000000
vt 1.000000 0.000000
vt 1.000000 1.000000
vt 0.000000 1.000000
vt 1.000000 1.000000
vt 0.000000 1.000000
vn 0.0000 0.3701 0.9290
vn 0.0000 1.0000 0.0000
usemtl Copper
s off
f 3518/4680/2915 3519/4681/2915 3521/4682/2915 3520/4683/2915
f 3520/4683/2916 3521/4682/2916 3523/4684/2916 3522/4685/2916
f 3524/4686/2915 3525/4687/2915 3527/4688/2915 3526/4689/2915
f 3526/4689/2916 3527/4688/2916 3529/4690/2916 3528/4691/2916
f 3530/4692/2915 3531/4693/2915 3533/4694/2915 3532/4695/2915
f 3532/4695/2916 3533/4694/2916 3535/4696/2916 3534/4697/2916
f 3536/4698/2915 3537/4699/2915 3539/4700/2915 3538/4701/2915
f 3538/4701/2916 3539/4700/2916 3541/4702/2916 3540/4703/2916
f 3542/4704/2915 3543/4705/2915 3545/4706/2915 3544/4707/2915
f 3544/4707/2916 3545/4706/2916 3547/4708/2916 3546/4709/2916
f 3548/4710/2915 3549/4711/2915 3551/4712/2915 3550/4713/2915
f 3550/4713/2916 3551/4712/2916 3553/4714/2916 3552/4715/2916
f 3554/4716/2915 3555/4717/2915 3557/4718/2915 3556/4719/2915
f 3556/4719/2916 3557/4718/2916 3559/4720/2916 3558/4721/2916
f 3560/4722/2915 3561/4723/2915 3563/4724/2915 3562/4725/2915
f 3562/4725/2916 3563/4724/2916 3565/4726/2916 3564/4727/2916
f 3566/4728/2915 3567/4729/2915 3569/4730/2915 3568/4731/2915
f 3568/4731/2916 3569/4730/2916 3571/4732/2916 3570/4733/2916
f 3572/4734/2915 3573/4735/2915 3575/4736/2915 3574/4737/2915
f 3574/4737/2916 3575/4736/2916 3577/4738/2916 3576/4739/2916
f 3578/4740/2915 3579/4741/2915 3581/4742/2915 3580/4743/2915
f 3580/4743/2916 3581/4742/2916 3583/4744/2916 3582/4745/2916
f 3584/4746/2915 3585/4747/2915 3587/4748/2915 3586/4749/2915
f 3586/4749/2916 3587/4748/2916 3589/4750/2916 3588/4751/2916
f 3590/4752/2915 3591/4753/2915 3593/4754/2915 3592/4755/2915
f 3592/4755/2916 3593/4754/2916 3595/4756/2916 3594/4757/2916
f 3596/4758/2915 3597/4759/2915 3599/4760/2915 3598/4761/2915
f 3598/4761/2916 3599/4760/2916 3601/4762/2916 3600/4763/2916
f 3602/4764/2915 3603/4765/2915 3605/4766/2915 3604/4767/2915
f 3604/4767/2916 3605/4766/2916 3607/4768/2916 3606/4769/2916
f 3608/4770/2915 3609/4771/2915 3611/4772/2915 3610/4773/2915
f 3610/4773/2916 3611/4772/2916 3613/4774/2916 3612/4775/2916
f 3614/4776/2915 3615/4777/2915 3617/4778/2915 3616/4779/2915
f 3616/4779/2916 3617/4778/2916 3619/4780/2916 3618/4781/2916
f 3620/4782/2915 3621/4783/2915 3623/4784/2915 3622/4785/2915
f 3622/4785/2916 3623/4784/2916 3625/4786/2916 3624/4787/2916
f 3626/4788/2915 3627/4789/2915 3629/4790/2915 3628/4791/2915
f 3628/4791/2916 3629/4790/2916 3631/4792/2916 3630/4793/2916
f 3632/4794/2915 3633/4795/2915 3635/4796/2915 3634/4797/2915
f 3634/4797/2916 3635/4796/2916 3637/4798/2916 3636/4799/2916
f 3638/4800/2915 3639/4801/2915 3641/4802/2915 3640/4803/2915
f 3640/4803/2916 3641/4802/2916 3643/4804/2916 3642/4805/2916
f 3644/4806/2915 3645/4807/2915 3647/4808/2915 3646/4809/2915
f 3646/4809/2916 3647/4808/2916 3649/4810/2916 3648/4811/2916
f 3650/4812/2915 3651/4813/2915 3653/4814/2915 3652/4815/2915
f 3652/4815/2916 3653/4814/2916 3655/4816/2916 3654/4817/2916
f 3656/4818/2915 3657/4819/2915 3659/4820/2915 3658/4821/2915
f 3658/4821/2916 3659/4820/2916 3661/4822/2916 3660/4823/2916
f 3662/4824/2915 3663/4825/2915 3665/4826/2915 3664/4827/2915
f 3664/4827/2916 3665/4826/2916 3667/4828/2916 3666/4829/2916
f 3668/4830/2915 3669/4831/2915 3671/4832/2915 3670/4833/2915
f 3670/4833/2916 3671/4832/2916 3673/4834/2916 3672/4835/2916
f 3674/4836/2915 3675/4837/2915 3677/4838/2915 3676/4839/2915
f 3676/4839/2916 3677/4838/2916 3679/4840/2916 3678/4841/2916
f 3680/4842/2915 3681/4843/2915 3683/4844/2915 3682/4845/2915
f 3682/4845/2916 3683/4844/2916 3685/4846/2916 3684/4847/2916
f 3686/4848/2915 3687/4849/2915 3689/4850/2915 3688/4851/2915
f 3688/4851/2916 3689/4850/2916 3691/4852/2916 3690/4853/2916
f 3692/4854/2915 3693/4855/2915 3695/4856/2915 3694/4857/2915
f 3694/4857/2916 3695/4856/2916 3697/4858/2916 3696/4859/2916
f 3698/4860/2915 3699/4861/2915 3701/4862/2915 3700/4863/2915
f 3700/4863/2916 3701/4862/2916 3703/4864/2916 3702/4865/2916
f 3704/4866/2915 3705/4867/2915 3707/4868/2915 3706/4869/2915
f 3706/4869/2916 3707/4868/2916 3709/4870/2916 3708/4871/2916
o Cylinder.001_Cylinder.003
v -0.067245 0.020173 0.085153
v -0.065329 0.019792 0.085153
v -0.063705 0.018706 0.085153
v -0.062620 0.017082 0.085153
v -0.062239 0.015166 0.085153
v -0.062620 0.013250 0.085153
v -0.063705 0.011626 0.085153
v -0.065329 0.010541 0.085153
v -0.067245 0.010160 0.085153
v -0.069161 0.010541 0.085153
v -0.070785 0.011626 0.085153
v -0.071871 0.013250 0.085153
v -0.072252 0.015166 0.085153
v -0.071871 0.017082 0.085153
v -0.070785 0.018706 0.085153
v -0.069161 0.019792 0.085153
v -0.067245 0.019504 0.086134
v -0.067245 0.020173 0.085478
v -0.067245 0.019760 0.086084
v -0.067245 0.019977 0.085942
v -0.067245 0.020122 0.085729
v -0.065586 0.019173 0.086134
v -0.065329 0.019792 0.085478
v -0.065488 0.019410 0.086084
v -0.065404 0.019611 0.085942
v -0.065349 0.019745 0.085729
v -0.064178 0.018233 0.086134
v -0.063705 0.018706 0.085478
v -0.063997 0.018414 0.086084
v -0.063844 0.018568 0.085942
v -0.063741 0.018670 0.085729
v -0.063238 0.016826 0.086134
v -0.062620 0.017082 0.085478
v -0.063002 0.016924 0.086084
v -0.062801 0.017007 0.085942
v -0.062667 0.017063 0.085729
v -0.062908 0.015166 0.086134
v -0.062239 0.015166 0.085478
v -0.062652 0.015166 0.086084
v -0.062435 0.015166 0.085942
v -0.062290 0.015166 0.085729
v -0.063238 0.013506 0.086134
v -0.062620 0.013250 0.085478
v -0.063002 0.013408 0.086084
v -0.062801 0.013325 0.085942
v -0.062667 0.013270 0.085729
v -0.064178 0.012099 0.086134
v -0.063705 0.011626 0.085478
v -0.063997 0.011918 0.086084
v -0.063844 0.011765 0.085942
v -0.063741 0.011662 0.085729
v -0.065586 0.011159 0.086134
v -0.065329 0.010541 0.085478
v -0.065488 0.010923 0.086084
v -0.065404 0.010722 0.085942
v -0.065349 0.010588 0.085729
v -0.067245 0.010829 0.086134
v -0.067245 0.010160 0.085478
v -0.067245 0.010573 0.086084
v -0.067245 0.010356 0.085942
v -0.067245 0.010211 0.085729
v -0.068905 0.011159 0.086134
v -0.069161 0.010541 0.085478
v -0.069003 0.010923 0.086084
v -0.069086 0.010722 0.085942
v -0.069142 0.010588 0.085729
v -0.070312 0.012099 0.086134
v -0.070785 0.011626 0.085478
v -0.070493 0.011918 0.086084
v -0.070647 0.011765 0.085942
v -0.070749 0.011662 0.085729
v -0.071253 0.013506 0.086134
v -0.071871 0.013250 0.085478
v -0.071489 0.013408 0.086084
v -0.071690 0.013325 0.085942
v -0.071824 0.013270 0.085729
v -0.071583 0.015166 0.086134
v -0.072252 0.015166 0.085478
v -0.071839 0.015166 0.086084
v -0.072056 0.015166 0.085942
v -0.072201 0.015166 0.085729
v -0.071253 0.016826 0.086134
v -0.071871 0.017082 0.085478
v -0.071489 0.016924 0.086084
v -0.071690 0.017007 0.085942
v -0.071824 0.017063 0.085729
v -0.070312 0.018233 0.086134
v -0.070785 0.018706 0.085478
v -0.070493 0.018414 0.086084
v -0.070647 0.018568 0.085942
v -0.070749 0.018670 0.085729
v -0.068905 0.019173 0.086134
v -0.069161 0.019792 0.085478
v -0.069003 0.019410 0.086084
v -0.069086 0.019611 0.085942
v -0.069142 0.019745 0.085729
vt 0.062500 0.500000
vt 0.062500 0.665779
vt 0.000000 0.665779
vt 0.000000 0.500000
vt 0.875000 0.500000
vt 0.875000 0.665779
vt 0.812500 0.665779
vt 0.812500 0.500000
vt 0.750000 0.665779
vt 0.750000 0.500000
vt 0.687500 0.665779
vt 0.687500 0.500000
vt 0.625000 0.665779
vt 0.625000 0.500000
vt 0.562500 0.665779
vt 0.562500 0.500000
vt 0.500000 0.665779
vt 0.500000 0.500000
vt 0.437500 0.665779
vt 0.437500 0.500000
vt 0.375000 0.665779
vt 0.375000 0.500000
vt 0.312500 0.665779
vt 0.312500 0.500000
vt 0.250000 0.665779
vt 0.250000 0.500000
vt 0.187500 0.665779
vt 0.187500 0.500000
vt 0.125000 0.665779
vt 0.125000 0.500000
vt 1.000000 0.500000
vt 1.000000 0.665779
vt 0.937500 0.665779
vt 0.937500 0.500000
vt 0.999682 0.793680
vt 0.937818 0.793680
vt 0.998777 1.000000
vt 0.938723 1.000000
vt 0.340046 0.472089
vt 0.251798 0.489642
vt 0.250000 0.470199
vt 0.334267 0.453437
vt 0.250000 0.457924
vt 0.329569 0.442097
vt 0.937182 0.793680
vt 0.875318 0.793680
vt 0.936277 1.000000
vt 0.876223 1.000000
vt 0.418182 0.420724
vt 0.343368 0.470713
vt 0.405704 0.405704
vt 0.397024 0.397024
vt 0.874682 0.793680
vt 0.812818 0.793680
vt 0.873777 1.000000
vt 0.813723 1.000000
vt 0.470713 0.343368
vt 0.420724 0.418182
vt 0.453437 0.334266
vt 0.442097 0.329569
vt 0.812182 0.793680
vt 0.750318 0.793680
vt 0.811277 1.000000
vt 0.751223 1.000000
vt 0.489642 0.251798
vt 0.472089 0.340046
vt 0.470199 0.250000
vt 0.457924 0.250000
vt 0.749682 0.793680
vt 0.687818 0.793680
vt 0.748777 1.000000
vt 0.688723 1.000000
vt 0.472089 0.159954
vt 0.489642 0.248202
vt 0.453437 0.165733
vt 0.442097 0.170431
vt 0.687182 0.793680
vt 0.625318 0.793680
vt 0.686277 1.000000
vt 0.626223 1.000000
vt 0.420724 0.081818
vt 0.470713 0.156632
vt 0.405704 0.094296
vt 0.397024 0.102976
vt 0.624682 0.793680
vt 0.562818 0.793680
vt 0.623777 1.000000
vt 0.563723 1.000000
vt 0.343368 0.029287
vt 0.418182 0.079276
vt 0.334267 0.046563
vt 0.329569 0.057903
vt 0.562182 0.793680
vt 0.500318 0.793680
vt 0.561277 1.000000
vt 0.501223 1.000000
vt 0.251798 0.010358
vt 0.340046 0.027911
vt 0.250000 0.029801
vt 0.250000 0.042076
vt 0.499682 0.793680
vt 0.437818 0.793680
vt 0.498777 1.000000
vt 0.438723 1.000000
vt 0.159954 0.027911
vt 0.248202 0.010358
vt 0.165734 0.046563
vt 0.170431 0.057903
vt 0.437182 0.793680
vt 0.375318 0.793680
vt 0.436277 1.000000
vt 0.376223 1.000000
vt 0.081818 0.079276
vt 0.156632 0.029287
vt 0.094296 0.094296
vt 0.102976 0.102976
vt 0.374682 0.793680
vt 0.312818 0.793680
vt 0.373777 1.000000
vt 0.313723 1.000000
vt 0.029287 0.156632
vt 0.079276 0.081818
vt 0.046563 0.165734
vt 0.057903 0.170431
vt 0.312182 0.793680
vt 0.250318 0.793680
vt 0.311277 1.000000
vt 0.251223 1.000000
vt 0.010358 0.248202
vt 0.027911 0.159954
vt 0.029801 0.250000
vt 0.042076 0.250000
vt 0.249682 0.793680
vt 0.187818 0.793680
vt 0.248777 1.000000
vt 0.188723 1.000000
vt 0.027911 0.340046
vt 0.010358 0.251798
vt 0.046563 0.334267
vt 0.057903 0.329569
vt 0.187182 0.793680
vt 0.125318 0.793680
vt 0.186277 1.000000
vt 0.126223 1.000000
vt 0.079276 0.418182
vt 0.029287 0.343368
vt 0.094296 0.405704
vt 0.102976 0.397024
vt 0.124682 0.793680
vt 0.062818 0.793680
vt 0.123777 1.000000
vt 0.063723 1.000000
vt 0.156632 0.470713
vt 0.081818 0.420724
vt 0.165734 0.453437
vt 0.170431 0.442097
vt 0.062182 0.793680
vt 0.000318 0.793680
vt 0.061277 1.000000
vt 0.001223 1.000000
vt 0.248202 0.489642
vt 0.159954 0.472089
vn -0.3827 0.9239 0.0000
vn -0.3808 0.9194 0.0987
vn 0.0000 0.9951 0.0987
vn 0.0000 1.0000 0.0000
vn 0.7071 0.7071 0.0000
vn 0.7036 0.7036 0.0987
vn 0.9194 0.3808 0.0987
vn 0.9239 0.3827 0.0000
vn 0.9951 0.0000 0.0987
vn 1.0000 0.0000 0.0000
vn 0.9194 -0.3808 0.0987
vn 0.9239 -0.3827 0.0000
vn 0.7036 -0.7036 0.0986
vn 0.7071 -0.7071 0.0000
vn 0.3808 -0.9194 0.0987
vn 0.3827 -0.9239 0.0000
vn 0.0000 -0.9951 0.0987
vn 0.0000 -1.0000 0.0000
vn -0.3808 -0.9194 0.0987
vn -0.3827 -0.9239 0.0000
vn -0.7036 -0.7036 0.0987
vn -0.7071 -0.7071 0.0000
vn -0.9193 -0.3808 0.0987
vn -0.9239 -0.3827 0.0000
vn -0.9951 0.0000 0.0987
vn -1.0000 0.0000 0.0000
vn -0.9194 0.3808 0.0987
vn -0.9239 0.3827 0.0000
vn -0.7036 0.7036 0.0987
vn -0.7071 0.7071 0.0000
vn 0.3808 0.9194 0.0987
vn 0.3827 0.9239 0.0000
vn 0.0000 0.9250 0.3800
vn 0.3540 0.8545 0.3800
vn 0.0000 0.7127 0.7014
vn 0.2727 0.6584 0.7014
vn 0.0000 0.3971 0.9178
vn 0.1520 0.3669 0.9178
vn 0.0000 0.1081 0.9941
vn 0.0414 0.0998 0.9941
vn 0.6540 0.6540 0.3800
vn 0.5040 0.5040 0.7014
vn 0.2808 0.2808 0.9178
vn 0.0764 0.0764 0.9941
vn 0.8545 0.3540 0.3800
vn 0.6584 0.2727 0.7014
vn 0.3669 0.1520 0.9178
vn 0.0998 0.0414 0.9941
vn 0.9250 0.0000 0.3800
vn 0.7127 0.0000 0.7014
vn 0.3971 0.0000 0.9178
vn 0.1081 0.0000 0.9941
vn 0.8545 -0.3540 0.3800
vn 0.6584 -0.2727 0.7014
vn 0.3669 -0.1520 0.9178
vn 0.0999 -0.0414 0.9941
vn 0.6540 -0.6540 0.3800
vn 0.5040 -0.5040 0.7014
vn 0.2808 -0.2808 0.9178
vn 0.0764 -0.0764 0.9941
vn 0.3540 -0.8545 0.3800
vn 0.2727 -0.6584 0.7014
vn 0.1520 -0.3669 0.9178
vn 0.0414 -0.0998 0.9941
vn 0.0000 -0.9250 0.3800
vn 0.0000 -0.7127 0.7014
vn 0.0000 -0.3971 0.9178
vn 0.0000 -0.1081 0.9941
vn -0.3540 -0.8545 0.3800
vn -0.2727 -0.6584 0.7014
vn -0.1520 -0.3669 0.9178
vn -0.0414 -0.0998 0.9941
vn -0.6540 -0.6540 0.3800
vn -0.5040 -0.5040 0.7014
vn -0.2808 -0.2808 0.9178
vn -0.0764 -0.0764 0.9941
vn -0.8545 -0.3540 0.3800
vn -0.6584 -0.2727 0.7014
vn -0.3669 -0.1520 0.9178
vn -0.0998 -0.0414 0.9941
vn -0.9250 0.0000 0.3800
vn -0.7127 0.0000 0.7014
vn -0.3971 0.0000 0.9178
vn -0.1081 0.0000 0.9941
vn -0.8545 0.3540 0.3800
vn -0.6584 0.2727 0.7014
vn -0.3669 0.1520 0.9178
vn -0.0998 0.0414 0.9941
vn -0.6540 0.6540 0.3800
vn -0.5040 0.5040 0.7014
vn -0.2808 0.2808 0.9178
vn -0.0764 0.0764 0.9941
vn -0.3540 0.8545 0.3800
vn -0.2727 0.6584 0.7014
vn -0.1520 0.3669 0.9178
vn -0.0414 0.0998 0.9941
usemtl BlackPlastic
s 1
f 3725/4872/2917 3802/4873/2918 3727/4874/2919 3710/4875/2920
f 3712/4876/2921 3737/4877/2922 3742/4878/2923 3713/4879/2924
f 3713/4879/2924 3742/4878/2923 3747/4880/2925 3714/4881/2926
f 3714/4881/2926 3747/4880/2925 3752/4882/2927 3715/4883/2928
f 3715/4883/2928 3752/4882/2927 3757/4884/2929 3716/4885/2930
f 3716/4885/2930 3757/4884/2929 3762/4886/2931 3717/4887/2932
f 3717/4887/2932 3762/4886/2931 3767/4888/2933 3718/4889/2934
f 3718/4889/2934 3767/4888/2933 3772/4890/2935 3719/4891/2936
f 3719/4891/2936 3772/4890/2935 3777/4892/2937 3720/4893/2938
f 3720/4893/2938 3777/4892/2937 3782/4894/2939 3721/4895/2940
f 3721/4895/2940 3782/4894/2939 3787/4896/2941 3722/4897/2942
f 3722/4897/2942 3787/4896/2941 3792/4898/2943 3723/4899/2944
f 3723/4899/2944 3792/4898/2943 3797/4900/2945 3724/4901/2946
f 3724/4901/2946 3797/4900/2945 3802/4873/2918 3725/4872/2917
f 3710/4902/2920 3727/4903/2919 3732/4904/2947 3711/4905/2948
f 3711/4905/2948 3732/4904/2947 3737/4877/2922 3712/4876/2921
f 3732/4904/2947 3727/4903/2919 3730/4906/2949 3735/4907/2950
f 3735/4907/2950 3730/4906/2949 3729/4908/2951 3734/4909/2952
f 3734/4910/2952 3729/4911/2951 3728/4912/2953 3733/4913/2954
f 3733/4913/2954 3728/4912/2953 3726/4914/2955 3731/4915/2956
f 3737/4877/2922 3732/4904/2947 3735/4916/2950 3740/4917/2957
f 3740/4917/2957 3735/4916/2950 3734/4918/2952 3739/4919/2958
f 3739/4920/2958 3734/4921/2952 3733/4913/2954 3738/4922/2959
f 3738/4922/2959 3733/4913/2954 3731/4915/2956 3736/4923/2960
f 3742/4878/2923 3737/4877/2922 3740/4924/2957 3745/4925/2961
f 3745/4925/2961 3740/4924/2957 3739/4926/2958 3744/4927/2962
f 3744/4928/2962 3739/4929/2958 3738/4922/2959 3743/4930/2963
f 3743/4930/2963 3738/4922/2959 3736/4923/2960 3741/4931/2964
f 3747/4880/2925 3742/4878/2923 3745/4932/2961 3750/4933/2965
f 3750/4933/2965 3745/4932/2961 3744/4934/2962 3749/4935/2966
f 3749/4936/2966 3744/4937/2962 3743/4930/2963 3748/4938/2967
f 3748/4938/2967 3743/4930/2963 3741/4931/2964 3746/4939/2968
f 3752/4882/2927 3747/4880/2925 3750/4940/2965 3755/4941/2969
f 3755/4941/2969 3750/4940/2965 3749/4942/2966 3754/4943/2970
f 3754/4944/2970 3749/4945/2966 3748/4938/2967 3753/4946/2971
f 3753/4946/2971 3748/4938/2967 3746/4939/2968 3751/4947/2972
f 3757/4884/2929 3752/4882/2927 3755/4948/2969 3760/4949/2973
f 3760/4949/2973 3755/4948/2969 3754/4950/2970 3759/4951/2974
f 3759/4952/2974 3754/4953/2970 3753/4946/2971 3758/4954/2975
f 3758/4954/2975 3753/4946/2971 3751/4947/2972 3756/4955/2976
f 3762/4886/2931 3757/4884/2929 3760/4956/2973 3765/4957/2977
f 3765/4957/2977 3760/4956/2973 3759/4958/2974 3764/4959/2978
f 3764/4960/2978 3759/4961/2974 3758/4954/2975 3763/4962/2979
f 3763/4962/2979 3758/4954/2975 3756/4955/2976 3761/4963/2980
f 3767/4888/2933 3762/4886/2931 3765/4964/2977 3770/4965/2981
f 3770/4965/2981 3765/4964/2977 3764/4966/2978 3769/4967/2982
f 3769/4968/2982 3764/4969/2978 3763/4962/2979 3768/4970/2983
f 3768/4970/2983 3763/4962/2979 3761/4963/2980 3766/4971/2984
f 3772/4890/2935 3767/4888/2933 3770/4972/2981 3775/4973/2985
f 3775/4973/2985 3770/4972/2981 3769/4974/2982 3774/4975/2986
f 3774/4976/2986 3769/4977/2982 3768/4970/2983 3773/4978/2987
f 3773/4978/2987 3768/4970/2983 3766/4971/2984 3771/4979/2988
f 3777/4892/2937 3772/4890/2935 3775/4980/2985 3780/4981/2989
f 3780/4981/2989 3775/4980/2985 3774/4982/2986 3779/4983/2990
f 3779/4984/2990 3774/4985/2986 3773/4978/2987 3778/4986/2991
f 3778/4986/2991 3773/4978/2987 3771/4979/2988 3776/4987/2992
f 3782/4894/2939 3777/4892/2937 3780/4988/2989 3785/4989/2993
f 3785/4989/2993 3780/4988/2989 3779/4990/2990 3784/4991/2994
f 3784/4992/2994 3779/4993/2990 3778/4986/2991 3783/4994/2995
f 3783/4994/2995 3778/4986/2991 3776/4987/2992 3781/4995/2996
f 3787/4896/2941 3782/4894/2939 3785/4996/2993 3790/4997/2997
f 3790/4997/2997 3785/4996/2993 3784/4998/2994 3789/4999/2998
f 3789/5000/2998 3784/5001/2994 3783/4994/2995 3788/5002/2999
f 3788/5002/2999 3783/4994/2995 3781/4995/2996 3786/5003/3000
f 3792/4898/2943 3787/4896/2941 3790/5004/2997 3795/5005/3001
f 3795/5005/3001 3790/5004/2997 3789/5006/2998 3794/5007/3002
f 3794/5008/3002 3789/5009/2998 3788/5002/2999 3793/5010/3003
f 3793/5010/3003 3788/5002/2999 3786/5003/3000 3791/5011/3004
f 3797/4900/2945 3792/4898/2943 3795/5012/3001 3800/5013/3005
f 3800/5013/3005 3795/5012/3001 3794/5014/3002 3799/5015/3006
f 3799/5016/3006 3794/5017/3002 3793/5010/3003 3798/5018/3007
f 3798/5018/3007 3793/5010/3003 3791/5011/3004 3796/5019/3008
f 3802/4873/2918 3797/4900/2945 3800/5020/3005 3805/5021/3009
f 3805/5021/3009 3800/5020/3005 3799/5022/3006 3804/5023/3010
f 3804/5024/3010 3799/5025/3006 3798/5018/3007 3803/5026/3011
f 3803/5026/3011 3798/5018/3007 3796/5019/3008 3801/5027/3012
f 3727/4874/2919 3802/4873/2918 3805/5028/3009 3730/5029/2949
f 3730/5029/2949 3805/5028/3009 3804/5030/3010 3729/5031/2951
f 3729/5032/2951 3804/5033/3010 3803/5026/3011 3728/4912/2953
f 3728/4912/2953 3803/5026/3011 3801/5027/3012 3726/4914/2955
f 3731/4915/2956 3726/4914/2955 3801/5027/3012 3796/5019/3008 3791/5011/3004 3786/5003/3000 3781/4995/2996 3776/4987/2992 3771/4979/2988 3766/4971/2984 3761/4963/2980 3756/4955/2976 3751/4947/2972 3746/4939/2968 3741/4931/2964 3736/4923/2960
o Cylinder.002_Cylinder.004
v 0.029008 0.015041 0.085144
v 0.029761 0.014891 0.085144
v 0.030400 0.014464 0.085144
v 0.030827 0.013825 0.085144
v 0.030977 0.013072 0.085144
v 0.030827 0.012319 0.085144
v 0.030400 0.011680 0.085144
v 0.029761 0.011253 0.085144
v 0.029008 0.011103 0.085144
v 0.028255 0.011253 0.085144
v 0.027616 0.011680 0.085144
v 0.027189 0.012319 0.085144
v 0.027039 0.013072 0.085144
v 0.027189 0.013825 0.085144
v 0.027616 0.014464 0.085144
v 0.028255 0.014891 0.085144
v 0.029008 0.014778 0.086008
v 0.029008 0.015041 0.085750
v 0.029008 0.014878 0.085988
v 0.029008 0.014964 0.085933
v 0.029008 0.015021 0.085849
v 0.029661 0.014648 0.086008
v 0.029761 0.014891 0.085750
v 0.029699 0.014741 0.085988
v 0.029732 0.014820 0.085933
v 0.029754 0.014872 0.085849
v 0.030214 0.014278 0.086008
v 0.030400 0.014464 0.085750
v 0.030285 0.014349 0.085988
v 0.030346 0.014410 0.085933
v 0.030386 0.014450 0.085849
v 0.030584 0.013725 0.086008
v 0.030827 0.013825 0.085750
v 0.030677 0.013763 0.085988
v 0.030756 0.013796 0.085933
v 0.030808 0.013818 0.085849
v 0.030714 0.013072 0.086008
v 0.030977 0.013072 0.085750
v 0.030814 0.013072 0.085988
v 0.030900 0.013072 0.085933
v 0.030957 0.013072 0.085849
v 0.030584 0.012419 0.086008
v 0.030827 0.012319 0.085750
v 0.030677 0.012381 0.085988
v 0.030756 0.012348 0.085933
v 0.030808 0.012326 0.085849
v 0.030214 0.011866 0.086008
v 0.030400 0.011680 0.085750
v 0.030285 0.011795 0.085988
v 0.030346 0.011734 0.085933
v 0.030386 0.011694 0.085849
v 0.029661 0.011496 0.086008
v 0.029761 0.011253 0.085750
v 0.029699 0.011403 0.085988
v 0.029732 0.011324 0.085933
v 0.029754 0.011272 0.085849
v 0.029008 0.011366 0.086008
v 0.029008 0.011103 0.085750
v 0.029008 0.011266 0.085988
v 0.029008 0.011180 0.085933
v 0.029008 0.011123 0.085849
v 0.028355 0.011496 0.086008
v 0.028255 0.011253 0.085750
v 0.028317 0.011403 0.085988
v 0.028284 0.011324 0.085933
v 0.028262 0.011272 0.085849
v 0.027802 0.011866 0.086008
v 0.027616 0.011680 0.085750
v 0.027731 0.011795 0.085988
v 0.027670 0.011734 0.085933
v 0.027630 0.011694 0.085849
v 0.027432 0.012419 0.086008
v 0.027189 0.012319 0.085750
v 0.027339 0.012381 0.085988
v 0.027260 0.012348 0.085933
v 0.027208 0.012326 0.085849
v 0.027302 0.013072 0.086008
v 0.027039 0.013072 0.085750
v 0.027202 0.013072 0.085988
v 0.027116 0.013072 0.085933
v 0.027059 0.013072 0.085849
v 0.027432 0.013725 0.086008
v 0.027189 0.013825 0.085750
v 0.027339 0.013763 0.085988
v 0.027260 0.013796 0.085933
v 0.027208 0.013818 0.085849
v 0.027802 0.014278 0.086008
v 0.027616 0.014464 0.085750
v 0.027731 0.014349 0.085988
v 0.027670 0.014410 0.085933
v 0.027630 0.014450 0.085849
v 0.028355 0.014648 0.086008
v 0.028255 0.014891 0.085750
v 0.028317 0.014741 0.085988
v 0.028284 0.014820 0.085933
v 0.028262 0.014872 0.085849
vt 0.062500 0.500000
vt 0.062500 0.665779
vt 0.000000 0.665779
vt 0.000000 0.500000
vt 0.875000 0.500000
vt 0.875000 0.665779
vt 0.812500 0.665779
vt 0.812500 0.500000
vt 0.750000 0.665779
vt 0.750000 0.500000
vt 0.687500 0.665779
vt 0.687500 0.500000
vt 0.625000 0.665779
vt 0.625000 0.500000
vt 0.562500 0.665779
vt 0.562500 0.500000
vt 0.500000 0.665779
vt 0.500000 0.500000
vt 0.437500 0.665779
vt 0.437500 0.500000
vt 0.375000 0.665779
vt 0.375000 0.500000
vt 0.312500 0.665779
vt 0.312500 0.500000
vt 0.250000 0.665779
vt 0.250000 0.500000
vt 0.187500 0.665779
vt 0.187500 0.500000
vt 0.125000 0.665779
vt 0.125000 0.500000
vt 1.000000 0.500000
vt 1.000000 0.665779
vt 0.937500 0.665779
vt 0.937500 0.500000
vt 0.999682 0.793680
vt 0.937818 0.793680
vt 0.998777 1.000000
vt 0.938723 1.000000
vt 0.340046 0.472089
vt 0.251798 0.489642
vt 0.250000 0.470199
vt 0.334267 0.453437
vt 0.250000 0.457924
vt 0.329569 0.442097
vt 0.937182 0.793680
vt 0.875318 0.793680
vt 0.936277 1.000000
vt 0.876223 1.000000
vt 0.418182 0.420724
vt 0.343368 0.470713
vt 0.405704 0.405704
vt 0.397024 0.397024
vt 0.874682 0.793680
vt 0.812818 0.793680
vt 0.873777 1.000000
vt 0.813723 1.000000
vt 0.470713 0.343368
vt 0.420724 0.418182
vt 0.453437 0.334266
vt 0.442097 0.329569
vt 0.812182 0.793680
vt 0.750318 0.793680
vt 0.811277 1.000000
vt 0.751223 1.000000
vt 0.489642 0.251798
vt 0.472089 0.340046
vt 0.470199 0.250000
vt 0.457924 0.250000
vt 0.749682 0.793680
vt 0.687818 0.793680
vt 0.748777 1.000000
vt 0.688723 1.000000
vt 0.472089 0.159954
vt 0.489642 0.248202
vt 0.453437 0.165733
vt 0.442097 0.170431
vt 0.687182 0.793680
vt 0.625318 0.793680
vt 0.686277 1.000000
vt 0.626223 1.000000
vt 0.420724 0.081818
vt 0.470713 0.156632
vt 0.405704 0.094296
vt 0.397024 0.102976
vt 0.624682 0.793680
vt 0.562818 0.793680
vt 0.623777 1.000000
vt 0.563723 1.000000
vt 0.343368 0.029287
vt 0.418182 0.079276
vt 0.334267 0.046563
vt 0.329569 0.057903
vt 0.562182 0.793680
vt 0.500318 0.793680
vt 0.561277 1.000000
vt 0.501223 1.000000
vt 0.251798 0.010358
vt 0.340046 0.027911
vt 0.250000 0.029801
vt 0.250000 0.042076
vt 0.499682 0.793680
vt 0.437818 0.793680
vt 0.498777 1.000000
vt 0.438723 1.000000
vt 0.159954 0.027911
vt 0.248202 0.010358
vt 0.165734 0.046563
vt 0.170431 0.057903
vt 0.437182 0.793680
vt 0.375318 0.793680
vt 0.436277 1.000000
vt 0.376223 1.000000
vt 0.081818 0.079276
vt 0.156632 0.029287
vt 0.094296 0.094296
vt 0.102976 0.102976
vt 0.374682 0.793680
vt 0.312818 0.793680
vt 0.373777 1.000000
vt 0.313723 1.000000
vt 0.029287 0.156632
vt 0.079276 0.081818
vt 0.046563 0.165734
vt 0.057903 0.170431
vt 0.312182 0.793680
vt 0.250318 0.793680
vt 0.311277 1.000000
vt 0.251223 1.000000
vt 0.010358 0.248202
vt 0.027911 0.159954
vt 0.029801 0.250000
vt 0.042076 0.250000
vt 0.249682 0.793680
vt 0.187818 0.793680
vt 0.248777 1.000000
vt 0.188723 1.000000
vt 0.027911 0.340046
vt 0.010358 0.251798
vt 0.046563 0.334267
vt 0.057903 0.329569
vt 0.187182 0.793680
vt 0.125318 0.793680
vt 0.186277 1.000000
vt 0.126223 1.000000
vt 0.079276 0.418182
vt 0.029287 0.343368
vt 0.094296 0.405704
vt 0.102976 0.397024
vt 0.124682 0.793680
vt 0.062818 0.793680
vt 0.123777 1.000000
vt 0.063723 1.000000
vt 0.156632 0.470713
vt 0.081818 0.420724
vt 0.165734 0.453437
vt 0.170431 0.442097
vt 0.062182 0.793680
vt 0.000318 0.793680
vt 0.061277 1.000000
vt 0.001223 1.000000
vt 0.248202 0.489642
vt 0.159954 0.472089
vn -0.3827 0.9239 0.0000
vn -0.3808 0.9193 0.0987
vn 0.0000 0.9951 0.0987
vn 0.0000 1.0000 0.0000
vn 0.7071 0.7071 0.0000
vn 0.7036 0.7036 0.0987
vn 0.9194 0.3808 0.0986
vn 0.9239 0.3827 0.0000
vn 0.9951 0.0000 0.0986
vn 1.0000 0.0000 0.0000
vn 0.9194 -0.3808 0.0986
vn 0.9239 -0.3827 0.0000
vn 0.7036 -0.7036 0.0986
vn 0.7071 -0.7071 0.0000
vn 0.3808 -0.9193 0.0987
vn 0.3827 -0.9239 0.0000
vn 0.0000 -0.9951 0.0987
vn 0.0000 -1.0000 0.0000
vn -0.3808 -0.9193 0.0987
vn -0.3827 -0.9239 0.0000
vn -0.7036 -0.7036 0.0987
vn -0.7071 -0.7071 0.0000
vn -0.9194 -0.3808 0.0987
vn -0.9239 -0.3827 0.0000
vn -0.9951 0.0000 0.0987
vn -1.0000 0.0000 0.0000
vn -0.9194 0.3808 0.0987
vn -0.9239 0.3827 0.0000
vn -0.7036 0.7036 0.0987
vn -0.7071 0.7071 0.0000
vn 0.3808 0.9193 0.0987
vn 0.3827 0.9239 0.0000
vn 0.0000 0.9250 0.3800
vn 0.3540 0.8545 0.3800
vn 0.0000 0.7127 0.7014
vn 0.2727 0.6584 0.7014
vn 0.0000 0.3971 0.9178
vn 0.1520 0.3668 0.9178
vn 0.0000 0.1080 0.9941
vn 0.0413 0.0998 0.9941
vn 0.6540 0.6540 0.3800
vn 0.5039 0.5040 0.7014
vn 0.2808 0.2808 0.9178
vn 0.0764 0.0764 0.9941
vn 0.8545 0.3540 0.3800
vn 0.6584 0.2727 0.7014
vn 0.3668 0.1520 0.9178
vn 0.0998 0.0413 0.9941
vn 0.9250 0.0000 0.3800
vn 0.7127 0.0000 0.7014
vn 0.3970 0.0000 0.9178
vn 0.1080 0.0000 0.9941
vn 0.8545 -0.3540 0.3800
vn 0.6584 -0.2727 0.7014
vn 0.3668 -0.1520 0.9178
vn 0.0998 -0.0413 0.9941
vn 0.6540 -0.6540 0.3800
vn 0.5039 -0.5040 0.7014
vn 0.2808 -0.2808 0.9178
vn 0.0764 -0.0764 0.9941
vn 0.3540 -0.8545 0.3800
vn 0.2727 -0.6584 0.7015
vn 0.1520 -0.3668 0.9178
vn 0.0413 -0.0998 0.9941
vn 0.0000 -0.9250 0.3800
vn 0.0000 -0.7127 0.7014
vn 0.0000 -0.3971 0.9178
vn 0.0000 -0.1080 0.9941
vn -0.3540 -0.8545 0.3800
vn -0.2727 -0.6584 0.7015
vn -0.1520 -0.3668 0.9178
vn -0.0413 -0.0998 0.9941
vn -0.6540 -0.6540 0.3800
vn -0.5040 -0.5040 0.7014
vn -0.2808 -0.2808 0.9178
vn -0.0764 -0.0764 0.9941
vn -0.8545 -0.3540 0.3800
vn -0.6584 -0.2727 0.7014
vn -0.3668 -0.1520 0.9178
vn -0.0998 -0.0413 0.9941
vn -0.9250 0.0000 0.3800
vn -0.7127 0.0000 0.7015
vn -0.3970 0.0000 0.9178
vn -0.1080 0.0000 0.9941
vn -0.8545 0.3540 0.3800
vn -0.6584 0.2727 0.7014
vn -0.3668 0.1520 0.9178
vn -0.0998 0.0413 0.9941
vn -0.6540 0.6540 0.3800
vn -0.5040 0.5040 0.7014
vn -0.2808 0.2808 0.9178
vn -0.0764 0.0764 0.9941
vn -0.3540 0.8545 0.3800
vn -0.2727 0.6584 0.7014
vn -0.1520 0.3668 0.9178
vn -0.0413 0.0998 0.9941
usemtl BlackPlastic
s 1
f 3821/5034/3013 3898/5035/3014 3823/5036/3015 3806/5037/3016
f 3808/5038/3017 3833/5039/3018 3838/5040/3019 3809/5041/3020
f 3809/5041/3020 3838/5040/3019 3843/5042/3021 3810/5043/3022
f 3810/5043/3022 3843/5042/3021 3848/5044/3023 3811/5045/3024
f 3811/5045/3024 3848/5044/3023 3853/5046/3025 3812/5047/3026
f 3812/5047/3026 3853/5046/3025 3858/5048/3027 3813/5049/3028
f 3813/5049/3028 3858/5048/3027 3863/5050/3029 3814/5051/3030
f 3814/5051/3030 3863/5050/3029 3868/5052/3031 3815/5053/3032
f 3815/5053/3032 3868/5052/3031 3873/5054/3033 3816/5055/3034
f 3816/5055/3034 3873/5054/3033 3878/5056/3035 3817/5057/3036
f 3817/5057/3036 3878/5056/3035 3883/5058/3037 3818/5059/3038
f 3818/5059/3038 3883/5058/3037 3888/5060/3039 3819/5061/3040
f 3819/5061/3040 3888/5060/3039 3893/5062/3041 3820/5063/3042
f 3820/5063/3042 3893/5062/3041 3898/5035/3014 3821/5034/3013
f 3806/5064/3016 3823/5065/3015 3828/5066/3043 3807/5067/3044
f 3807/5067/3044 3828/5066/3043 3833/5039/3018 3808/5038/3017
f 3828/5066/3043 3823/5065/3015 3826/5068/3045 3831/5069/3046
f 3831/5069/3046 3826/5068/3045 3825/5070/3047 3830/5071/3048
f 3830/5072/3048 3825/5073/3047 3824/5074/3049 3829/5075/3050
f 3829/5075/3050 3824/5074/3049 3822/5076/3051 3827/5077/3052
f 3833/5039/3018 3828/5066/3043 3831/5078/3046 3836/5079/3053
f 3836/5079/3053 3831/5078/3046 3830/5080/3048 3835/5081/3054
f 3835/5082/3054 3830/5083/3048 3829/5075/3050 3834/5084/3055
f 3834/5084/3055 3829/5075/3050 3827/5077/3052 3832/5085/3056
f 3838/5040/3019 3833/5039/3018 3836/5086/3053 3841/5087/3057
f 3841/5087/3057 3836/5086/3053 3835/5088/3054 3840/5089/3058
f 3840/5090/3058 3835/5091/3054 3834/5084/3055 3839/5092/3059
f 3839/5092/3059 3834/5084/3055 3832/5085/3056 3837/5093/3060
f 3843/5042/3021 3838/5040/3019 3841/5094/3057 3846/5095/3061
f 3846/5095/3061 3841/5094/3057 3840/5096/3058 3845/5097/3062
f 3845/5098/3062 3840/5099/3058 3839/5092/3059 3844/5100/3063
f 3844/5100/3063 3839/5092/3059 3837/5093/3060 3842/5101/3064
f 3848/5044/3023 3843/5042/3021 3846/5102/3061 3851/5103/3065
f 3851/5103/3065 3846/5102/3061 3845/5104/3062 3850/5105/3066
f 3850/5106/3066 3845/5107/3062 3844/5100/3063 3849/5108/3067
f 3849/5108/3067 3844/5100/3063 3842/5101/3064 3847/5109/3068
f 3853/5046/3025 3848/5044/3023 3851/5110/3065 3856/5111/3069
f 3856/5111/3069 3851/5110/3065 3850/5112/3066 3855/5113/3070
f 3855/5114/3070 3850/5115/3066 3849/5108/3067 3854/5116/3071
f 3854/5116/3071 3849/5108/3067 3847/5109/3068 3852/5117/3072
f 3858/5048/3027 3853/5046/3025 3856/5118/3069 3861/5119/3073
f 3861/5119/3073 3856/5118/3069 3855/5120/3070 3860/5121/3074
f 3860/5122/3074 3855/5123/3070 3854/5116/3071 3859/5124/3075
f 3859/5124/3075 3854/5116/3071 3852/5117/3072 3857/5125/3076
f 3863/5050/3029 3858/5048/3027 3861/5126/3073 3866/5127/3077
f 3866/5127/3077 3861/5126/3073 3860/5128/3074 3865/5129/3078
f 3865/5130/3078 3860/5131/3074 3859/5124/3075 3864/5132/3079
f 3864/5132/3079 3859/5124/3075 3857/5125/3076 3862/5133/3080
f 3868/5052/3031 3863/5050/3029 3866/5134/3077 3871/5135/3081
f 3871/5135/3081 3866/5134/3077 3865/5136/3078 3870/5137/3082
f 3870/5138/3082 3865/5139/3078 3864/5132/3079 3869/5140/3083
f 3869/5140/3083 3864/5132/3079 3862/5133/3080 3867/5141/3084
f 3873/5054/3033 3868/5052/3031 3871/5142/3081 3876/5143/3085
f 3876/5143/3085 3871/5142/3081 3870/5144/3082 3875/5145/3086
f 3875/5146/3086 3870/5147/3082 3869/5140/3083 3874/5148/3087
f 3874/5148/3087 3869/5140/3083 3867/5141/3084 3872/5149/3088
f 3878/5056/3035 3873/5054/3033 3876/5150/3085 3881/5151/3089
f 3881/5151/3089 3876/5150/3085 3875/5152/3086 3880/5153/3090
f 3880/5154/3090 3875/5155/3086 3874/5148/3087 3879/5156/3091
f 3879/5156/3091 3874/5148/3087 3872/5149/3088 3877/5157/3092
f 3883/5058/3037 3878/5056/3035 3881/5158/3089 3886/5159/3093
f 3886/5159/3093 3881/5158/3089 3880/5160/3090 3885/5161/3094
f 3885/5162/3094 3880/5163/3090 3879/5156/3091 3884/5164/3095
f 3884/5164/3095 3879/5156/3091 3877/5157/3092 3882/5165/3096
f 3888/5060/3039 3883/5058/3037 3886/5166/3093 3891/5167/3097
f 3891/5167/3097 3886/5166/3093 3885/5168/3094 3890/5169/3098
f 3890/5170/3098 3885/5171/3094 3884/5164/3095 3889/5172/3099
f 3889/5172/3099 3884/5164/3095 3882/5165/3096 3887/5173/3100
f 3893/5062/3041 3888/5060/3039 3891/5174/3097 3896/5175/3101
f 3896/5175/3101 3891/5174/3097 3890/5176/3098 3895/5177/3102
f 3895/5178/3102 3890/5179/3098 3889/5172/3099 3894/5180/3103
f 3894/5180/3103 3889/5172/3099 3887/5173/3100 3892/5181/3104
f 3898/5035/3014 3893/5062/3041 3896/5182/3101 3901/5183/3105
f 3901/5183/3105 3896/5182/3101 3895/5184/3102 3900/5185/3106
f 3900/5186/3106 3895/5187/3102 3894/5180/3103 3899/5188/3107
f 3899/5188/3107 3894/5180/3103 3892/5181/3104 3897/5189/3108
f 3823/5036/3015 3898/5035/3014 3901/5190/3105 3826/5191/3045
f 3826/5191/3045 3901/5190/3105 3900/5192/3106 3825/5193/3047
f 3825/5194/3047 3900/5195/3106 3899/5188/3107 3824/5074/3049
f 3824/5074/3049 3899/5188/3107 3897/5189/3108 3822/5076/3051
f 3827/5077/3052 3822/5076/3051 3897/5189/3108 3892/5181/3104 3887/5173/3100 3882/5165/3096 3877/5157/3092 3872/5149/3088 3867/5141/3084 3862/5133/3080 3857/5125/3076 3852/5117/3072 3847/5109/3068 3842/5101/3064 3837/5093/3060 3832/5085/3056
o Cylinder.003_Cylinder.005
v 0.041323 0.015041 0.085144
v 0.042077 0.014891 0.085144
v 0.042715 0.014464 0.085144
v 0.043142 0.013825 0.085144
v 0.043292 0.013072 0.085144
v 0.043142 0.012319 0.085144
v 0.042715 0.011680 0.085144
v 0.042077 0.011253 0.085144
v 0.041323 0.011103 0.085144
v 0.040570 0.011253 0.085144
v 0.039931 0.011680 0.085144
v 0.039504 0.012319 0.085144
v 0.039355 0.013072 0.085144
v 0.039504 0.013825 0.085144
v 0.039931 0.014464 0.085144
v 0.040570 0.014891 0.085144
v 0.041323 0.014778 0.086008
v 0.041323 0.015041 0.085750
v 0.041323 0.014878 0.085988
v 0.041323 0.014964 0.085933
v 0.041323 0.015021 0.085849
v 0.041976 0.014648 0.086008
v 0.042077 0.014891 0.085750
v 0.042015 0.014741 0.085988
v 0.042047 0.014820 0.085933
v 0.042069 0.014872 0.085849
v 0.042529 0.014278 0.086008
v 0.042715 0.014464 0.085750
v 0.042601 0.014349 0.085988
v 0.042661 0.014410 0.085933
v 0.042701 0.014450 0.085849
v 0.042899 0.013725 0.086008
v 0.043142 0.013825 0.085750
v 0.042992 0.013763 0.085988
v 0.043071 0.013796 0.085933
v 0.043124 0.013818 0.085849
v 0.043029 0.013072 0.086008
v 0.043292 0.013072 0.085750
v 0.043130 0.013072 0.085988
v 0.043215 0.013072 0.085933
v 0.043272 0.013072 0.085849
v 0.042899 0.012419 0.086008
v 0.043142 0.012319 0.085750
v 0.042992 0.012381 0.085988
v 0.043071 0.012348 0.085933
v 0.043124 0.012326 0.085849
v 0.042529 0.011866 0.086008
v 0.042715 0.011680 0.085750
v 0.042601 0.011795 0.085988
v 0.042661 0.011734 0.085933
v 0.042701 0.011694 0.085849
v 0.041976 0.011496 0.086008
v 0.042077 0.011253 0.085750
v 0.042015 0.011403 0.085988
v 0.042047 0.011324 0.085933
v 0.042069 0.011272 0.085849
v 0.041323 0.011366 0.086008
v 0.041323 0.011103 0.085750
v 0.041323 0.011266 0.085988
v 0.041323 0.011180 0.085933
v 0.041323 0.011123 0.085849
v 0.040671 0.011496 0.086008
v 0.040570 0.011253 0.085750
v 0.040632 0.011403 0.085988
v 0.040599 0.011324 0.085933
v 0.040578 0.011272 0.085849
v 0.040117 0.011866 0.086008
v 0.039931 0.011680 0.085750
v 0.040046 0.011795 0.085988
v 0.039986 0.011734 0.085933
v 0.039945 0.011694 0.085849
v 0.039748 0.012419 0.086008
v 0.039504 0.012319 0.085750
v 0.039655 0.012381 0.085988
v 0.039576 0.012348 0.085933
v 0.039523 0.012326 0.085849
v 0.039618 0.013072 0.086008
v 0.039355 0.013072 0.085750
v 0.039517 0.013072 0.085988
v 0.039432 0.013072 0.085933
v 0.039375 0.013072 0.085849
v 0.039748 0.013725 0.086008
v 0.039504 0.013825 0.085750
v 0.039655 0.013763 0.085988
v 0.039576 0.013796 0.085933
v 0.039523 0.013818 0.085849
v 0.040117 0.014278 0.086008
v 0.039931 0.014464 0.085750
v 0.040046 0.014349 0.085988
v 0.039986 0.014410 0.085933
v 0.039945 0.014450 0.085849
v 0.040671 0.014648 0.086008
v 0.040570 0.014891 0.085750
v 0.040632 0.014741 0.085988
v 0.040599 0.014820 0.085933
v 0.040578 0.014872 0.085849
vt 0.062500 0.500000
vt 0.062500 0.665779
vt 0.000000 0.665779
vt 0.000000 0.500000
vt 0.875000 0.500000
vt 0.875000 0.665779
vt 0.812500 0.665779
vt 0.812500 0.500000
vt 0.750000 0.665779
vt 0.750000 0.500000
vt 0.687500 0.665779
vt 0.687500 0.500000
vt 0.625000 0.665779
vt 0.625000 0.500000
vt 0.562500 0.665779
vt 0.562500 0.500000
vt 0.500000 0.665779
vt 0.500000 0.500000
vt 0.437500 0.665779
vt 0.437500 0.500000
vt 0.375000 0.665779
vt 0.375000 0.500000
vt 0.312500 0.665779
vt 0.312500 0.500000
vt 0.250000 0.665779
vt 0.250000 0.500000
vt 0.187500 0.665779
vt 0.187500 0.500000
vt 0.125000 0.665779
vt 0.125000 0.500000
vt 1.000000 0.500000
vt 1.000000 0.665779
vt 0.937500 0.665779
vt 0.937500 0.500000
vt 0.999682 0.793680
vt 0.937818 0.793680
vt 0.998777 1.000000
vt 0.938723 1.000000
vt 0.340046 0.472089
vt 0.251798 0.489642
vt 0.250000 0.470199
vt 0.334267 0.453437
vt 0.250000 0.457924
vt 0.329569 0.442097
vt 0.937182 0.793680
vt 0.875318 0.793680
vt 0.936277 1.000000
vt 0.876223 1.000000
vt 0.418182 0.420724
vt 0.343368 0.470713
vt 0.405704 0.405704
vt 0.397024 0.397024
vt 0.874682 0.793680
vt 0.812818 0.793680
vt 0.873777 1.000000
vt 0.813723 1.000000
vt 0.470713 0.343368
vt 0.420724 0.418182
vt 0.453437 0.334266
vt 0.442097 0.329569
vt 0.812182 0.793680
vt 0.750318 0.793680
vt 0.811277 1.000000
vt 0.751223 1.000000
vt 0.489642 0.251798
vt 0.472089 0.340046
vt 0.470199 0.250000
vt 0.457924 0.250000
vt 0.749682 0.793680
vt 0.687818 0.793680
vt 0.748777 1.000000
vt 0.688723 1.000000
vt 0.472089 0.159954
vt 0.489642 0.248202
vt 0.453437 0.165733
vt 0.442097 0.170431
vt 0.687182 0.793680
vt 0.625318 0.793680
vt 0.686277 1.000000
vt 0.626223 1.000000
vt 0.420724 0.081818
vt 0.470713 0.156632
vt 0.405704 0.094296
vt 0.397024 0.102976
vt 0.624682 0.793680
vt 0.562818 0.793680
vt 0.623777 1.000000
vt 0.563723 1.000000
vt 0.343368 0.029287
vt 0.418182 0.079276
vt 0.334267 0.046563
vt 0.329569 0.057903
vt 0.562182 0.793680
vt 0.500318 0.793680
vt 0.561277 1.000000
vt 0.501223 1.000000
vt 0.251798 0.010358
vt 0.340046 0.027911
vt 0.250000 0.029801
vt 0.250000 0.042076
vt 0.499682 0.793680
vt 0.437818 0.793680
vt 0.498777 1.000000
vt 0.438723 1.000000
vt 0.159954 0.027911
vt 0.248202 0.010358
vt 0.165734 0.046563
vt 0.170431 0.057903
vt 0.437182 0.793680
vt 0.375318 0.793680
vt 0.436277 1.000000
vt 0.376223 1.000000
vt 0.081818 0.079276
vt 0.156632 0.029287
vt 0.094296 0.094296
vt 0.102976 0.102976
vt 0.374682 0.793680
vt 0.312818 0.793680
vt 0.373777 1.000000
vt 0.313723 1.000000
vt 0.029287 0.156632
vt 0.079276 0.081818
vt 0.046563 0.165734
vt 0.057903 0.170431
vt 0.312182 0.793680
vt 0.250318 0.793680
vt 0.311277 1.000000
vt 0.251223 1.000000
vt 0.010358 0.248202
vt 0.027911 0.159954
vt 0.029801 0.250000
vt 0.042076 0.250000
vt 0.249682 0.793680
vt 0.187818 0.793680
vt 0.248777 1.000000
vt 0.188723 1.000000
vt 0.027911 0.340046
vt 0.010358 0.251798
vt 0.046563 0.334267
vt 0.057903 0.329569
vt 0.187182 0.793680
vt 0.125318 0.793680
vt 0.186277 1.000000
vt 0.126223 1.000000
vt 0.079276 0.418182
vt 0.029287 0.343368
vt 0.094296 0.405704
vt 0.102976 0.397024
vt 0.124682 0.793680
vt 0.062818 0.793680
vt 0.123777 1.000000
vt 0.063723 1.000000
vt 0.156632 0.470713
vt 0.081818 0.420724
vt 0.165734 0.453437
vt 0.170431 0.442097
vt 0.062182 0.793680
vt 0.000318 0.793680
vt 0.061277 1.000000
vt 0.001223 1.000000
vt 0.248202 0.489642
vt 0.159954 0.472089
vn -0.3827 0.9239 0.0000
vn -0.3808 0.9193 0.0987
vn 0.0000 0.9951 0.0987
vn 0.0000 1.0000 0.0000
vn 0.7071 0.7071 0.0000
vn 0.7036 0.7036 0.0987
vn 0.9194 0.3808 0.0986
vn 0.9239 0.3827 0.0000
vn 0.9951 0.0000 0.0986
vn 1.0000 0.0000 0.0000
vn 0.9194 -0.3808 0.0986
vn 0.9239 -0.3827 0.0000
vn 0.7036 -0.7036 0.0987
vn 0.7071 -0.7071 0.0000
vn 0.3808 -0.9193 0.0987
vn 0.3827 -0.9239 0.0000
vn 0.0000 -0.9951 0.0987
vn 0.0000 -1.0000 0.0000
vn -0.3808 -0.9193 0.0987
vn -0.3827 -0.9239 0.0000
vn -0.7036 -0.7036 0.0987
vn -0.7071 -0.7071 0.0000
vn -0.9194 -0.3808 0.0986
vn -0.9239 -0.3827 0.0000
vn -0.9951 0.0000 0.0987
vn -1.0000 0.0000 0.0000
vn -0.9194 0.3808 0.0987
vn -0.9239 0.3827 0.0000
vn -0.7036 0.7036 0.0987
vn -0.7071 0.7071 0.0000
vn 0.3808 0.9193 0.0987
vn 0.3827 0.9239 0.0000
vn 0.0000 0.9250 0.3800
vn 0.3540 0.8545 0.3800
vn 0.0000 0.7127 0.7014
vn 0.2727 0.6584 0.7014
vn 0.0000 0.3971 0.9178
vn 0.1520 0.3668 0.9178
vn 0.0000 0.1080 0.9941
vn 0.0413 0.0998 0.9941
vn 0.6540 0.6540 0.3800
vn 0.5040 0.5040 0.7014
vn 0.2808 0.2808 0.9178
vn 0.0764 0.0764 0.9941
vn 0.8545 0.3540 0.3800
vn 0.6584 0.2727 0.7014
vn 0.3668 0.1520 0.9178
vn 0.0998 0.0413 0.9941
vn 0.9250 0.0000 0.3800
vn 0.7127 0.0000 0.7015
vn 0.3971 0.0000 0.9178
vn 0.1080 0.0000 0.9941
vn 0.8545 -0.3540 0.3800
vn 0.6584 -0.2727 0.7014
vn 0.3668 -0.1520 0.9178
vn 0.0998 -0.0413 0.9941
vn 0.6540 -0.6540 0.3800
vn 0.5040 -0.5040 0.7014
vn 0.2808 -0.2808 0.9178
vn 0.0764 -0.0764 0.9941
vn 0.3540 -0.8545 0.3800
vn 0.2727 -0.6584 0.7014
vn 0.1520 -0.3668 0.9178
vn 0.0413 -0.0998 0.9941
vn 0.0000 -0.9250 0.3800
vn 0.0000 -0.7127 0.7014
vn 0.0000 -0.3971 0.9178
vn 0.0000 -0.1080 0.9941
vn -0.3540 -0.8545 0.3800
vn -0.2727 -0.6584 0.7015
vn -0.1520 -0.3668 0.9178
vn -0.0413 -0.0998 0.9941
vn -0.6540 -0.6540 0.3800
vn -0.5039 -0.5040 0.7014
vn -0.2808 -0.2808 0.9178
vn -0.0764 -0.0764 0.9941
vn -0.8545 -0.3540 0.3800
vn -0.6584 -0.2727 0.7014
vn -0.3668 -0.1520 0.9178
vn -0.0998 -0.0413 0.9941
vn -0.9250 0.0000 0.3800
vn -0.7127 0.0000 0.7015
vn -0.3971 0.0000 0.9178
vn -0.1080 0.0000 0.9941
vn -0.8545 0.3540 0.3800
vn -0.6584 0.2727 0.7014
vn -0.3668 0.1520 0.9178
vn -0.0998 0.0413 0.9941
vn -0.6540 0.6540 0.3800
vn -0.5040 0.5040 0.7014
vn -0.2808 0.2808 0.9178
vn -0.0764 0.0764 0.9941
vn -0.3540 0.8545 0.3800
vn -0.2727 0.6584 0.7014
vn -0.1520 0.3668 0.9178
vn -0.0413 0.0998 0.9941
usemtl BlackPlastic
s 1
f 3917/5196/3109 3994/5197/3110 3919/5198/3111 3902/5199/3112
f 3904/5200/3113 3929/5201/3114 3934/5202/3115 3905/5203/3116
f 3905/5203/3116 3934/5202/3115 3939/5204/3117 3906/5205/3118
f 3906/5205/3118 3939/5204/3117 3944/5206/3119 3907/5207/3120
f 3907/5207/3120 3944/5206/3119 3949/5208/3121 3908/5209/3122
f 3908/5209/3122 3949/5208/3121 3954/5210/3123 3909/5211/3124
f 3909/5211/3124 3954/5210/3123 3959/5212/3125 3910/5213/3126
f 3910/5213/3126 3959/5212/3125 3964/5214/3127 3911/5215/3128
f 3911/5215/3128 3964/5214/3127 3969/5216/3129 3912/5217/3130
f 3912/5217/3130 3969/5216/3129 3974/5218/3131 3913/5219/3132
f 3913/5219/3132 3974/5218/3131 3979/5220/3133 3914/5221/3134
f 3914/5221/3134 3979/5220/3133 3984/5222/3135 3915/5223/3136
f 3915/5223/3136 3984/5222/3135 3989/5224/3137 3916/5225/3138
f 3916/5225/3138 3989/5224/3137 3994/5197/3110 3917/5196/3109
f 3902/5226/3112 3919/5227/3111 3924/5228/3139 3903/5229/3140
f 3903/5229/3140 3924/5228/3139 3929/5201/3114 3904/5200/3113
f 3924/5228/3139 3919/5227/3111 3922/5230/3141 3927/5231/3142
f 3927/5231/3142 3922/5230/3141 3921/5232/3143 3926/5233/3144
f 3926/5234/3144 3921/5235/3143 3920/5236/3145 3925/5237/3146
f 3925/5237/3146 3920/5236/3145 3918/5238/3147 3923/5239/3148
f 3929/5201/3114 3924/5228/3139 3927/5240/3142 3932/5241/3149
f 3932/5241/3149 3927/5240/3142 3926/5242/3144 3931/5243/3150
f 3931/5244/3150 3926/5245/3144 3925/5237/3146 3930/5246/3151
f 3930/5246/3151 3925/5237/3146 3923/5239/3148 3928/5247/3152
f 3934/5202/3115 3929/5201/3114 3932/5248/3149 3937/5249/3153
f 3937/5249/3153 3932/5248/3149 3931/5250/3150 3936/5251/3154
f 3936/5252/3154 3931/5253/3150 3930/5246/3151 3935/5254/3155
f 3935/5254/3155 3930/5246/3151 3928/5247/3152 3933/5255/3156
f 3939/5204/3117 3934/5202/3115 3937/5256/3153 3942/5257/3157
f 3942/5257/3157 3937/5256/3153 3936/5258/3154 3941/5259/3158
f 3941/5260/3158 3936/5261/3154 3935/5254/3155 3940/5262/3159
f 3940/5262/3159 3935/5254/3155 3933/5255/3156 3938/5263/3160
f 3944/5206/3119 3939/5204/3117 3942/5264/3157 3947/5265/3161
f 3947/5265/3161 3942/5264/3157 3941/5266/3158 3946/5267/3162
f 3946/5268/3162 3941/5269/3158 3940/5262/3159 3945/5270/3163
f 3945/5270/3163 3940/5262/3159 3938/5263/3160 3943/5271/3164
f 3949/5208/3121 3944/5206/3119 3947/5272/3161 3952/5273/3165
f 3952/5273/3165 3947/5272/3161 3946/5274/3162 3951/5275/3166
f 3951/5276/3166 3946/5277/3162 3945/5270/3163 3950/5278/3167
f 3950/5278/3167 3945/5270/3163 3943/5271/3164 3948/5279/3168
f 3954/5210/3123 3949/5208/3121 3952/5280/3165 3957/5281/3169
f 3957/5281/3169 3952/5280/3165 3951/5282/3166 3956/5283/3170
f 3956/5284/3170 3951/5285/3166 3950/5278/3167 3955/5286/3171
f 3955/5286/3171 3950/5278/3167 3948/5279/3168 3953/5287/3172
f 3959/5212/3125 3954/5210/3123 3957/5288/3169 3962/5289/3173
f 3962/5289/3173 3957/5288/3169 3956/5290/3170 3961/5291/3174
f 3961/5292/3174 3956/5293/3170 3955/5286/3171 3960/5294/3175
f 3960/5294/3175 3955/5286/3171 3953/5287/3172 3958/5295/3176
f 3964/5214/3127 3959/5212/3125 3962/5296/3173 3967/5297/3177
f 3967/5297/3177 3962/5296/3173 3961/5298/3174 3966/5299/3178
f 3966/5300/3178 3961/5301/3174 3960/5294/3175 3965/5302/3179
f 3965/5302/3179 3960/5294/3175 3958/5295/3176 3963/5303/3180
f 3969/5216/3129 3964/5214/3127 3967/5304/3177 3972/5305/3181
f 3972/5305/3181 3967/5304/3177 3966/5306/3178 3971/5307/3182
f 3971/5308/3182 3966/5309/3178 3965/5302/3179 3970/5310/3183
f 3970/5310/3183 3965/5302/3179 3963/5303/3180 3968/5311/3184
f 3974/5218/3131 3969/5216/3129 3972/5312/3181 3977/5313/3185
f 3977/5313/3185 3972/5312/3181 3971/5314/3182 3976/5315/3186
f 3976/5316/3186 3971/5317/3182 3970/5310/3183 3975/5318/3187
f 3975/5318/3187 3970/5310/3183 3968/5311/3184 3973/5319/3188
f 3979/5220/3133 3974/5218/3131 3977/5320/3185 3982/5321/3189
f 3982/5321/3189 3977/5320/3185 3976/5322/3186 3981/5323/3190
f 3981/5324/3190 3976/5325/3186 3975/5318/3187 3980/5326/3191
f 3980/5326/3191 3975/5318/3187 3973/5319/3188 3978/5327/3192
f 3984/5222/3135 3979/5220/3133 3982/5328/3189 3987/5329/3193
f 3987/5329/3193 3982/5328/3189 3981/5330/3190 3986/5331/3194
f 3986/5332/3194 3981/5333/3190 3980/5326/3191 3985/5334/3195
f 3985/5334/3195 3980/5326/3191 3978/5327/3192 3983/5335/3196
f 3989/5224/3137 3984/5222/3135 3987/5336/3193 3992/5337/3197
f 3992/5337/3197 3987/5336/3193 3986/5338/3194 3991/5339/3198
f 3991/5340/3198 3986/5341/3194 3985/5334/3195 3990/5342/3199
f 3990/5342/3199 3985/5334/3195 3983/5335/3196 3988/5343/3200
f 3994/5197/3110 3989/5224/3137 3992/5344/3197 3997/5345/3201
f 3997/5345/3201 3992/5344/3197 3991/5346/3198 3996/5347/3202
f 3996/5348/3202 3991/5349/3198 3990/5342/3199 3995/5350/3203
f 3995/5350/3203 3990/5342/3199 3988/5343/3200 3993/5351/3204
f 3919/5198/3111 3994/5197/3110 3997/5352/3201 3922/5353/3141
f 3922/5353/3141 3997/5352/3201 3996/5354/3202 3921/5355/3143
f 3921/5356/3143 3996/5357/3202 3995/5350/3203 3920/5236/3145
f 3920/5236/3145 3995/5350/3203 3993/5351/3204 3918/5238/3147
f 3923/5239/3148 3918/5238/3147 3993/5351/3204 3988/5343/3200 3983/5335/3196 3978/5327/3192 3973/5319/3188 3968/5311/3184 3963/5303/3180 3958/5295/3176 3953/5287/3172 3948/5279/3168 3943/5271/3164 3938/5263/3160 3933/5255/3156 3928/5247/3152
